model,data_sample,file_name,original_mse,compression_ratio,transformed_mse,training_time,lr,in_features,hidden_features,hidden_layers,out_features,device,max_iters,input_scale,weight_scale,alpha,beta
GaborNetwork,1,outer/12-2_0-0/AuAu200_170kHz_10C_Iter2_3001.xml_TPCMLDataInterface_1.npy,555.7198546791332,14.228306765127137,0.008215086534619331,39.0858199596405,0.001,3,128,3,1,cuda,1000,256.0,1.0,1.0,1.0
GaborNetwork,2,outer/12-2_1-0/AuAu200_170kHz_10C_Iter2_3001.xml_TPCMLDataInterface_1.npy,570.0141228978414,14.228306765127137,0.008548915386199951,39.08822059631348,0.001,3,128,3,1,cuda,1000,256.0,1.0,1.0,1.0
GaborNetwork,3,outer/12-2_2-0/AuAu200_170kHz_10C_Iter2_3001.xml_TPCMLDataInterface_1.npy,548.755780936245,14.228306765127137,0.00851462036371231,39.08537721633911,0.001,3,128,3,1,cuda,1000,256.0,1.0,1.0,1.0
GaborNetwork,4,outer/12-2_3-0/AuAu200_170kHz_10C_Iter2_3001.xml_TPCMLDataInterface_1.npy,471.2029772736781,14.228306765127137,0.008005758747458458,39.08923864364624,0.001,3,128,3,1,cuda,1000,256.0,1.0,1.0,1.0
GaborNetwork,5,outer/12-2_4-0/AuAu200_170kHz_10C_Iter2_3001.xml_TPCMLDataInterface_1.npy,460.32525675619144,14.228306765127137,0.008043685927987099,39.08800506591797,0.001,3,128,3,1,cuda,1000,256.0,1.0,1.0,1.0
GaborNetwork,1,outer/12-2_0-0/AuAu200_170kHz_10C_Iter2_3001.xml_TPCMLDataInterface_1.npy,986.7209319047022,14.228306765127137,0.014955803751945496,39.085944175720215,0.001,3,128,3,1,cuda,1000,256.0,1.0,1.0,6.0
GaborNetwork,2,outer/12-2_1-0/AuAu200_170kHz_10C_Iter2_3001.xml_TPCMLDataInterface_1.npy,1120.6030554509705,14.228306765127137,0.015907831490039825,39.08897280693054,0.001,3,128,3,1,cuda,1000,256.0,1.0,1.0,6.0
GaborNetwork,3,outer/12-2_2-0/AuAu200_170kHz_10C_Iter2_3001.xml_TPCMLDataInterface_1.npy,896.0282274933065,14.228306765127137,0.014353993348777294,39.086305141448975,0.001,3,128,3,1,cuda,1000,256.0,1.0,1.0,6.0
GaborNetwork,4,outer/12-2_3-0/AuAu200_170kHz_10C_Iter2_3001.xml_TPCMLDataInterface_1.npy,777.752194977828,14.228306765127137,0.013577462173998356,39.08818554878235,0.001,3,128,3,1,cuda,1000,256.0,1.0,1.0,6.0
GaborNetwork,5,outer/12-2_4-0/AuAu200_170kHz_10C_Iter2_3001.xml_TPCMLDataInterface_1.npy,700.9857947414658,14.228306765127137,0.013175277039408684,39.08885455131531,0.001,3,128,3,1,cuda,1000,256.0,1.0,1.0,6.0
GaborNetwork,1,outer/12-2_0-0/AuAu200_170kHz_10C_Iter2_3001.xml_TPCMLDataInterface_1.npy,300.3135157818775,14.228306765127137,0.0053892675787210464,39.08899807929993,0.001,3,128,3,1,cuda,1000,256.0,1.0,6.0,1.0
GaborNetwork,2,outer/12-2_1-0/AuAu200_170kHz_10C_Iter2_3001.xml_TPCMLDataInterface_1.npy,350.7874205153949,14.228306765127137,0.005813657771795988,39.087697982788086,0.001,3,128,3,1,cuda,1000,256.0,1.0,6.0,1.0
GaborNetwork,3,outer/12-2_2-0/AuAu200_170kHz_10C_Iter2_3001.xml_TPCMLDataInterface_1.npy,280.87450975778114,14.228306765127137,0.005266285501420498,39.0856990814209,0.001,3,128,3,1,cuda,1000,256.0,1.0,6.0,1.0
GaborNetwork,4,outer/12-2_3-0/AuAu200_170kHz_10C_Iter2_3001.xml_TPCMLDataInterface_1.npy,254.0278339922189,14.228306765127137,0.005226416047662497,39.088677167892456,0.001,3,128,3,1,cuda,1000,256.0,1.0,6.0,1.0
GaborNetwork,5,outer/12-2_4-0/AuAu200_170kHz_10C_Iter2_3001.xml_TPCMLDataInterface_1.npy,258.74825212307564,14.228306765127137,0.005356721114367247,39.09050250053406,0.001,3,128,3,1,cuda,1000,256.0,1.0,6.0,1.0
GaborNetwork,1,outer/12-2_0-0/AuAu200_170kHz_10C_Iter2_3001.xml_TPCMLDataInterface_1.npy,554.3838583500669,14.228306765127137,0.007908832281827927,39.08649706840515,0.001,3,128,3,1,cuda,1000,256.0,1.0,6.0,6.0
GaborNetwork,2,outer/12-2_1-0/AuAu200_170kHz_10C_Iter2_3001.xml_TPCMLDataInterface_1.npy,629.4492605840027,14.228306765127137,0.00887476559728384,39.089444160461426,0.001,3,128,3,1,cuda,1000,256.0,1.0,6.0,6.0
GaborNetwork,3,outer/12-2_2-0/AuAu200_170kHz_10C_Iter2_3001.xml_TPCMLDataInterface_1.npy,504.1652207789491,14.228306765127137,0.00774193461984396,39.087398290634155,0.001,3,128,3,1,cuda,1000,256.0,1.0,6.0,6.0
GaborNetwork,4,outer/12-2_3-0/AuAu200_170kHz_10C_Iter2_3001.xml_TPCMLDataInterface_1.npy,469.4816845507028,14.228306765127137,0.00776934577152133,39.089064598083496,0.001,3,128,3,1,cuda,1000,256.0,1.0,6.0,6.0
GaborNetwork,5,outer/12-2_4-0/AuAu200_170kHz_10C_Iter2_3001.xml_TPCMLDataInterface_1.npy,470.97521073878846,14.228306765127137,0.007854966446757317,39.089768409729004,0.001,3,128,3,1,cuda,1000,256.0,1.0,6.0,6.0
GaborNetwork,1,outer/12-2_0-0/AuAu200_170kHz_10C_Iter2_3001.xml_TPCMLDataInterface_1.npy,486.76007153614455,14.228306765127137,0.007278394885361195,78.1731743812561,0.001,3,128,3,1,cuda,2000,256.0,1.0,1.0,1.0
GaborNetwork,2,outer/12-2_1-0/AuAu200_170kHz_10C_Iter2_3001.xml_TPCMLDataInterface_1.npy,605.0561660705321,14.228306765127137,0.008852466009557247,78.17336964607239,0.001,3,128,3,1,cuda,2000,256.0,1.0,1.0,1.0
GaborNetwork,3,outer/12-2_2-0/AuAu200_170kHz_10C_Iter2_3001.xml_TPCMLDataInterface_1.npy,507.5617639830154,14.228306765127137,0.007862699218094349,78.1637966632843,0.001,3,128,3,1,cuda,2000,256.0,1.0,1.0,1.0
GaborNetwork,4,outer/12-2_3-0/AuAu200_170kHz_10C_Iter2_3001.xml_TPCMLDataInterface_1.npy,406.42162399598396,14.228306765127137,0.0070015424862504005,78.17118287086487,0.001,3,128,3,1,cuda,2000,256.0,1.0,1.0,1.0
GaborNetwork,5,outer/12-2_4-0/AuAu200_170kHz_10C_Iter2_3001.xml_TPCMLDataInterface_1.npy,465.53623478288154,14.228306765127137,0.008137144148349762,78.17280125617981,0.001,3,128,3,1,cuda,2000,256.0,1.0,1.0,1.0
GaborNetwork,1,outer/12-2_0-0/AuAu200_170kHz_10C_Iter2_3001.xml_TPCMLDataInterface_1.npy,927.2110355484438,14.228306765127137,0.013978200033307076,78.17027378082275,0.001,3,128,3,1,cuda,2000,256.0,1.0,1.0,6.0
GaborNetwork,2,outer/12-2_1-0/AuAu200_170kHz_10C_Iter2_3001.xml_TPCMLDataInterface_1.npy,1188.3913414072958,14.228306765127137,0.01673971302807331,78.17106485366821,0.001,3,128,3,1,cuda,2000,256.0,1.0,1.0,6.0
GaborNetwork,3,outer/12-2_2-0/AuAu200_170kHz_10C_Iter2_3001.xml_TPCMLDataInterface_1.npy,897.2300242637216,14.228306765127137,0.014438170939683914,78.1690354347229,0.001,3,128,3,1,cuda,2000,256.0,1.0,1.0,6.0
GaborNetwork,4,outer/12-2_3-0/AuAu200_170kHz_10C_Iter2_3001.xml_TPCMLDataInterface_1.npy,830.0936767904954,14.228306765127137,0.01441835705190897,78.17137813568115,0.001,3,128,3,1,cuda,2000,256.0,1.0,1.0,6.0
GaborNetwork,5,outer/12-2_4-0/AuAu200_170kHz_10C_Iter2_3001.xml_TPCMLDataInterface_1.npy,731.2930236571285,14.228306765127137,0.013748028315603733,78.17478537559509,0.001,3,128,3,1,cuda,2000,256.0,1.0,1.0,6.0
GaborNetwork,1,outer/12-2_0-0/AuAu200_170kHz_10C_Iter2_3001.xml_TPCMLDataInterface_1.npy,256.37628508826975,14.228306765127137,0.004801094997674227,78.17118215560913,0.001,3,128,3,1,cuda,2000,256.0,1.0,6.0,1.0
GaborNetwork,2,outer/12-2_1-0/AuAu200_170kHz_10C_Iter2_3001.xml_TPCMLDataInterface_1.npy,314.09172105087015,14.228306765127137,0.005466069094836712,78.1766607761383,0.001,3,128,3,1,cuda,2000,256.0,1.0,6.0,1.0
GaborNetwork,3,outer/12-2_2-0/AuAu200_170kHz_10C_Iter2_3001.xml_TPCMLDataInterface_1.npy,253.2730139307229,14.228306765127137,0.00490942457690835,78.18168687820435,0.001,3,128,3,1,cuda,2000,256.0,1.0,6.0,1.0
GaborNetwork,4,outer/12-2_3-0/AuAu200_170kHz_10C_Iter2_3001.xml_TPCMLDataInterface_1.npy,231.06673961470884,14.228306765127137,0.00488057266920805,78.18604755401611,0.001,3,128,3,1,cuda,2000,256.0,1.0,6.0,1.0
GaborNetwork,5,outer/12-2_4-0/AuAu200_170kHz_10C_Iter2_3001.xml_TPCMLDataInterface_1.npy,258.2882035956325,14.228306765127137,0.004958620760589838,78.23655939102173,0.001,3,128,3,1,cuda,2000,256.0,1.0,6.0,1.0
GaborNetwork,1,outer/12-2_0-0/AuAu200_170kHz_10C_Iter2_3001.xml_TPCMLDataInterface_1.npy,520.5861087579484,14.228306765127137,0.0074768103659152985,78.17179274559021,0.001,3,128,3,1,cuda,2000,256.0,1.0,6.0,6.0
GaborNetwork,2,outer/12-2_1-0/AuAu200_170kHz_10C_Iter2_3001.xml_TPCMLDataInterface_1.npy,569.374375104585,14.228306765127137,0.007990582846105099,78.17782998085022,0.001,3,128,3,1,cuda,2000,256.0,1.0,6.0,6.0
GaborNetwork,3,outer/12-2_2-0/AuAu200_170kHz_10C_Iter2_3001.xml_TPCMLDataInterface_1.npy,465.58310847556896,14.228306765127137,0.007122720126062632,78.15946888923645,0.001,3,128,3,1,cuda,2000,256.0,1.0,6.0,6.0
GaborNetwork,4,outer/12-2_3-0/AuAu200_170kHz_10C_Iter2_3001.xml_TPCMLDataInterface_1.npy,440.91509919887886,14.228306765127137,0.007414279505610466,78.16736030578613,0.001,3,128,3,1,cuda,2000,256.0,1.0,6.0,6.0
GaborNetwork,5,outer/12-2_4-0/AuAu200_170kHz_10C_Iter2_3001.xml_TPCMLDataInterface_1.npy,455.0976667085007,14.228306765127137,0.007262214086949825,78.1745593547821,0.001,3,128,3,1,cuda,2000,256.0,1.0,6.0,6.0
GaborNetwork,1,outer/12-2_0-0/AuAu200_170kHz_10C_Iter2_3001.xml_TPCMLDataInterface_1.npy,517.0007556266734,10.728754365541327,0.007751683704555035,49.58076882362366,0.001,3,128,4,1,cuda,1000,256.0,1.0,1.0,1.0
GaborNetwork,2,outer/12-2_1-0/AuAu200_170kHz_10C_Iter2_3001.xml_TPCMLDataInterface_1.npy,593.2129782149431,10.728754365541327,0.008391080424189568,49.554561614990234,0.001,3,128,4,1,cuda,1000,256.0,1.0,1.0,1.0
GaborNetwork,3,outer/12-2_2-0/AuAu200_170kHz_10C_Iter2_3001.xml_TPCMLDataInterface_1.npy,470.41057981927713,10.728754365541327,0.007277608849108219,49.556193113327026,0.001,3,128,4,1,cuda,1000,256.0,1.0,1.0,1.0
GaborNetwork,4,outer/12-2_3-0/AuAu200_170kHz_10C_Iter2_3001.xml_TPCMLDataInterface_1.npy,436.7653779179217,10.728754365541327,0.0074086966924369335,49.54825019836426,0.001,3,128,4,1,cuda,1000,256.0,1.0,1.0,1.0
GaborNetwork,5,outer/12-2_4-0/AuAu200_170kHz_10C_Iter2_3001.xml_TPCMLDataInterface_1.npy,437.9772828292336,10.728754365541327,0.007273759692907333,49.54599642753601,0.001,3,128,4,1,cuda,1000,256.0,1.0,1.0,1.0
GaborNetwork,1,outer/12-2_0-0/AuAu200_170kHz_10C_Iter2_3001.xml_TPCMLDataInterface_1.npy,966.8109547565261,10.728754365541327,0.014648452401161194,49.55645489692688,0.001,3,128,4,1,cuda,1000,256.0,1.0,1.0,6.0
GaborNetwork,2,outer/12-2_1-0/AuAu200_170kHz_10C_Iter2_3001.xml_TPCMLDataInterface_1.npy,1098.9609897925034,10.728754365541327,0.01569785736501217,49.58146262168884,0.001,3,128,4,1,cuda,1000,256.0,1.0,1.0,6.0
GaborNetwork,3,outer/12-2_2-0/AuAu200_170kHz_10C_Iter2_3001.xml_TPCMLDataInterface_1.npy,943.4366502468206,10.728754365541327,0.015012480318546295,49.5568413734436,0.001,3,128,4,1,cuda,1000,256.0,1.0,1.0,6.0
GaborNetwork,4,outer/12-2_3-0/AuAu200_170kHz_10C_Iter2_3001.xml_TPCMLDataInterface_1.npy,815.196038058484,10.728754365541327,0.014169421046972275,49.55252552032471,0.001,3,128,4,1,cuda,1000,256.0,1.0,1.0,6.0
GaborNetwork,5,outer/12-2_4-0/AuAu200_170kHz_10C_Iter2_3001.xml_TPCMLDataInterface_1.npy,758.0433478706493,10.728754365541327,0.014234887436032295,49.54923939704895,0.001,3,128,4,1,cuda,1000,256.0,1.0,1.0,6.0
GaborNetwork,1,outer/12-2_0-0/AuAu200_170kHz_10C_Iter2_3001.xml_TPCMLDataInterface_1.npy,228.8086499644411,10.728754365541327,0.004014105070382357,49.557225465774536,0.001,3,128,4,1,cuda,1000,256.0,1.0,6.0,1.0
GaborNetwork,2,outer/12-2_1-0/AuAu200_170kHz_10C_Iter2_3001.xml_TPCMLDataInterface_1.npy,280.90744619101406,10.728754365541327,0.004530229140073061,49.56198215484619,0.001,3,128,4,1,cuda,1000,256.0,1.0,6.0,1.0
GaborNetwork,3,outer/12-2_2-0/AuAu200_170kHz_10C_Iter2_3001.xml_TPCMLDataInterface_1.npy,208.76974303463857,10.728754365541327,0.0040503619238734245,49.54905843734741,0.001,3,128,4,1,cuda,1000,256.0,1.0,6.0,1.0
GaborNetwork,4,outer/12-2_3-0/AuAu200_170kHz_10C_Iter2_3001.xml_TPCMLDataInterface_1.npy,203.55708641859104,10.728754365541327,0.004036399535834789,49.55341649055481,0.001,3,128,4,1,cuda,1000,256.0,1.0,6.0,1.0
GaborNetwork,5,outer/12-2_4-0/AuAu200_170kHz_10C_Iter2_3001.xml_TPCMLDataInterface_1.npy,210.5720420745482,10.728754365541327,0.0041510374285280704,49.55515956878662,0.001,3,128,4,1,cuda,1000,256.0,1.0,6.0,1.0
GaborNetwork,1,outer/12-2_0-0/AuAu200_170kHz_10C_Iter2_3001.xml_TPCMLDataInterface_1.npy,478.48759491089356,10.728754365541327,0.007017425261437893,49.5547661781311,0.001,3,128,4,1,cuda,1000,256.0,1.0,6.0,6.0
GaborNetwork,2,outer/12-2_1-0/AuAu200_170kHz_10C_Iter2_3001.xml_TPCMLDataInterface_1.npy,552.1179143657965,10.728754365541327,0.007895967923104763,49.55769419670105,0.001,3,128,4,1,cuda,1000,256.0,1.0,6.0,6.0
GaborNetwork,3,outer/12-2_2-0/AuAu200_170kHz_10C_Iter2_3001.xml_TPCMLDataInterface_1.npy,481.83446023678044,10.728754365541327,0.007308270316570997,49.5585777759552,0.001,3,128,4,1,cuda,1000,256.0,1.0,6.0,6.0
GaborNetwork,4,outer/12-2_3-0/AuAu200_170kHz_10C_Iter2_3001.xml_TPCMLDataInterface_1.npy,407.0732722556894,10.728754365541327,0.006825786549597979,49.55315327644348,0.001,3,128,4,1,cuda,1000,256.0,1.0,6.0,6.0
GaborNetwork,5,outer/12-2_4-0/AuAu200_170kHz_10C_Iter2_3001.xml_TPCMLDataInterface_1.npy,450.6753733684739,10.728754365541327,0.00713540893048048,49.54947805404663,0.001,3,128,4,1,cuda,1000,256.0,1.0,6.0,6.0
GaborNetwork,1,outer/12-2_0-0/AuAu200_170kHz_10C_Iter2_3001.xml_TPCMLDataInterface_1.npy,474.05492935282797,10.728754365541327,0.006925228983163834,99.10562634468079,0.001,3,128,4,1,cuda,2000,256.0,1.0,1.0,1.0
GaborNetwork,2,outer/12-2_1-0/AuAu200_170kHz_10C_Iter2_3001.xml_TPCMLDataInterface_1.npy,546.3370094963186,10.728754365541327,0.007932944223284721,99.10435700416565,0.001,3,128,4,1,cuda,2000,256.0,1.0,1.0,1.0
GaborNetwork,3,outer/12-2_2-0/AuAu200_170kHz_10C_Iter2_3001.xml_TPCMLDataInterface_1.npy,445.3404764892905,10.728754365541327,0.00693197175860405,99.09465551376343,0.001,3,128,4,1,cuda,2000,256.0,1.0,1.0,1.0
GaborNetwork,4,outer/12-2_3-0/AuAu200_170kHz_10C_Iter2_3001.xml_TPCMLDataInterface_1.npy,360.931430147674,10.728754365541327,0.006234712898731232,99.09986138343811,0.001,3,128,4,1,cuda,2000,256.0,1.0,1.0,1.0
GaborNetwork,5,outer/12-2_4-0/AuAu200_170kHz_10C_Iter2_3001.xml_TPCMLDataInterface_1.npy,437.450867271168,10.728754365541327,0.006754783913493156,99.09712052345276,0.001,3,128,4,1,cuda,2000,256.0,1.0,1.0,1.0
GaborNetwork,1,outer/12-2_0-0/AuAu200_170kHz_10C_Iter2_3001.xml_TPCMLDataInterface_1.npy,933.3430832705824,10.728754365541327,0.014121316373348236,99.10359358787537,0.001,3,128,4,1,cuda,2000,256.0,1.0,1.0,6.0
GaborNetwork,2,outer/12-2_1-0/AuAu200_170kHz_10C_Iter2_3001.xml_TPCMLDataInterface_1.npy,916.7432385793172,10.728754365541327,0.012901684269309044,99.1053957939148,0.001,3,128,4,1,cuda,2000,256.0,1.0,1.0,6.0
GaborNetwork,3,outer/12-2_2-0/AuAu200_170kHz_10C_Iter2_3001.xml_TPCMLDataInterface_1.npy,822.3538385312081,10.728754365541327,0.01290963776409626,99.09381747245789,0.001,3,128,4,1,cuda,2000,256.0,1.0,1.0,6.0
GaborNetwork,4,outer/12-2_3-0/AuAu200_170kHz_10C_Iter2_3001.xml_TPCMLDataInterface_1.npy,762.5152354208501,10.728754365541327,0.013232124038040638,99.10256671905518,0.001,3,128,4,1,cuda,2000,256.0,1.0,1.0,6.0
GaborNetwork,5,outer/12-2_4-0/AuAu200_170kHz_10C_Iter2_3001.xml_TPCMLDataInterface_1.npy,763.0633275288654,10.728754365541327,0.01423134095966816,99.09056353569031,0.001,3,128,4,1,cuda,2000,256.0,1.0,1.0,6.0
GaborNetwork,1,outer/12-2_0-0/AuAu200_170kHz_10C_Iter2_3001.xml_TPCMLDataInterface_1.npy,212.578508042587,10.728754365541327,0.0037247897125780582,99.1212158203125,0.001,3,128,4,1,cuda,2000,256.0,1.0,6.0,1.0
GaborNetwork,2,outer/12-2_1-0/AuAu200_170kHz_10C_Iter2_3001.xml_TPCMLDataInterface_1.npy,273.42276789449465,10.728754365541327,0.004227111116051674,99.10741376876831,0.001,3,128,4,1,cuda,2000,256.0,1.0,6.0,1.0
GaborNetwork,3,outer/12-2_2-0/AuAu200_170kHz_10C_Iter2_3001.xml_TPCMLDataInterface_1.npy,200.09306366089356,10.728754365541327,0.0038578780367970467,99.09524703025818,0.001,3,128,4,1,cuda,2000,256.0,1.0,6.0,1.0
GaborNetwork,4,outer/12-2_3-0/AuAu200_170kHz_10C_Iter2_3001.xml_TPCMLDataInterface_1.npy,182.80216307940094,10.728754365541327,0.0037230411544442177,99.1009292602539,0.001,3,128,4,1,cuda,2000,256.0,1.0,6.0,1.0
GaborNetwork,5,outer/12-2_4-0/AuAu200_170kHz_10C_Iter2_3001.xml_TPCMLDataInterface_1.npy,186.4686702539324,10.728754365541327,0.0038377419114112854,99.09636497497559,0.001,3,128,4,1,cuda,2000,256.0,1.0,6.0,1.0
GaborNetwork,1,outer/12-2_0-0/AuAu200_170kHz_10C_Iter2_3001.xml_TPCMLDataInterface_1.npy,470.76790495314594,10.728754365541327,0.006821273360401392,99.09393668174744,0.001,3,128,4,1,cuda,2000,256.0,1.0,6.0,6.0
GaborNetwork,2,outer/12-2_1-0/AuAu200_170kHz_10C_Iter2_3001.xml_TPCMLDataInterface_1.npy,526.1475772883199,10.728754365541327,0.007551765535026789,99.09402465820312,0.001,3,128,4,1,cuda,2000,256.0,1.0,6.0,6.0
GaborNetwork,3,outer/12-2_2-0/AuAu200_170kHz_10C_Iter2_3001.xml_TPCMLDataInterface_1.npy,448.73461293089025,10.728754365541327,0.006851847283542156,99.09622645378113,0.001,3,128,4,1,cuda,2000,256.0,1.0,6.0,6.0
GaborNetwork,4,outer/12-2_3-0/AuAu200_170kHz_10C_Iter2_3001.xml_TPCMLDataInterface_1.npy,379.0999649640228,10.728754365541327,0.006393957417458296,99.10099673271179,0.001,3,128,4,1,cuda,2000,256.0,1.0,6.0,6.0
GaborNetwork,5,outer/12-2_4-0/AuAu200_170kHz_10C_Iter2_3001.xml_TPCMLDataInterface_1.npy,392.0364609479585,10.728754365541327,0.006746027618646622,99.09657096862793,0.001,3,128,4,1,cuda,2000,256.0,1.0,6.0,6.0
GaborNetwork,1,outer/12-2_0-0/AuAu200_170kHz_10C_Iter2_3001.xml_TPCMLDataInterface_1.npy,248.24020038487282,3.716399854245111,0.004305941518396139,80.29252982139587,0.001,3,256,3,1,cuda,1000,256.0,1.0,1.0,1.0
GaborNetwork,2,outer/12-2_1-0/AuAu200_170kHz_10C_Iter2_3001.xml_TPCMLDataInterface_1.npy,287.6031534994143,3.716399854245111,0.004606381058692932,80.28901290893555,0.001,3,256,3,1,cuda,1000,256.0,1.0,1.0,1.0
GaborNetwork,3,outer/12-2_2-0/AuAu200_170kHz_10C_Iter2_3001.xml_TPCMLDataInterface_1.npy,229.2584779221051,3.716399854245111,0.004169521387666464,80.32775783538818,0.001,3,256,3,1,cuda,1000,256.0,1.0,1.0,1.0
GaborNetwork,4,outer/12-2_3-0/AuAu200_170kHz_10C_Iter2_3001.xml_TPCMLDataInterface_1.npy,235.07422005731257,3.716399854245111,0.0042995261028409,80.2870261669159,0.001,3,256,3,1,cuda,1000,256.0,1.0,1.0,1.0
GaborNetwork,5,outer/12-2_4-0/AuAu200_170kHz_10C_Iter2_3001.xml_TPCMLDataInterface_1.npy,232.07475736278448,3.716399854245111,0.0042413873597979546,80.28665685653687,0.001,3,256,3,1,cuda,1000,256.0,1.0,1.0,1.0
GaborNetwork,1,outer/12-2_0-0/AuAu200_170kHz_10C_Iter2_3001.xml_TPCMLDataInterface_1.npy,814.1932547899933,3.716399854245111,0.012208819389343262,80.29089689254761,0.001,3,256,3,1,cuda,1000,256.0,1.0,1.0,6.0
GaborNetwork,2,outer/12-2_1-0/AuAu200_170kHz_10C_Iter2_3001.xml_TPCMLDataInterface_1.npy,875.8405758450468,3.716399854245111,0.012231869623064995,80.28575825691223,0.001,3,256,3,1,cuda,1000,256.0,1.0,1.0,6.0
GaborNetwork,3,outer/12-2_2-0/AuAu200_170kHz_10C_Iter2_3001.xml_TPCMLDataInterface_1.npy,689.4138467934237,3.716399854245111,0.01055606734007597,80.30725932121277,0.001,3,256,3,1,cuda,1000,256.0,1.0,1.0,6.0
GaborNetwork,4,outer/12-2_3-0/AuAu200_170kHz_10C_Iter2_3001.xml_TPCMLDataInterface_1.npy,644.2131089462015,3.716399854245111,0.011043701320886612,80.2876443862915,0.001,3,256,3,1,cuda,1000,256.0,1.0,1.0,6.0
GaborNetwork,5,outer/12-2_4-0/AuAu200_170kHz_10C_Iter2_3001.xml_TPCMLDataInterface_1.npy,680.5293923088186,3.716399854245111,0.0126600107178092,80.29392766952515,0.001,3,256,3,1,cuda,1000,256.0,1.0,1.0,6.0
GaborNetwork,1,outer/12-2_0-0/AuAu200_170kHz_10C_Iter2_3001.xml_TPCMLDataInterface_1.npy,178.7936969231091,3.716399854245111,0.0024736353661864996,80.2916522026062,0.001,3,256,3,1,cuda,1000,256.0,1.0,6.0,1.0
GaborNetwork,2,outer/12-2_1-0/AuAu200_170kHz_10C_Iter2_3001.xml_TPCMLDataInterface_1.npy,206.36630114206827,3.716399854245111,0.002701550954952836,80.28856444358826,0.001,3,256,3,1,cuda,1000,256.0,1.0,6.0,1.0
GaborNetwork,3,outer/12-2_2-0/AuAu200_170kHz_10C_Iter2_3001.xml_TPCMLDataInterface_1.npy,148.8116110274431,3.716399854245111,0.0024405778385698795,80.28624892234802,0.001,3,256,3,1,cuda,1000,256.0,1.0,6.0,1.0
GaborNetwork,4,outer/12-2_3-0/AuAu200_170kHz_10C_Iter2_3001.xml_TPCMLDataInterface_1.npy,111.89546467118474,3.716399854245111,0.0023548922035843134,80.28686118125916,0.001,3,256,3,1,cuda,1000,256.0,1.0,6.0,1.0
GaborNetwork,5,outer/12-2_4-0/AuAu200_170kHz_10C_Iter2_3001.xml_TPCMLDataInterface_1.npy,127.00311794051204,3.716399854245111,0.0024871600326150656,80.28915619850159,0.001,3,256,3,1,cuda,1000,256.0,1.0,6.0,1.0
GaborNetwork,1,outer/12-2_0-0/AuAu200_170kHz_10C_Iter2_3001.xml_TPCMLDataInterface_1.npy,309.1097920327142,3.716399854245111,0.004850751720368862,80.29448127746582,0.001,3,256,3,1,cuda,1000,256.0,1.0,6.0,6.0
GaborNetwork,2,outer/12-2_1-0/AuAu200_170kHz_10C_Iter2_3001.xml_TPCMLDataInterface_1.npy,418.74745335508703,3.716399854245111,0.00606747018173337,80.29011154174805,0.001,3,256,3,1,cuda,1000,256.0,1.0,6.0,6.0
GaborNetwork,3,outer/12-2_2-0/AuAu200_170kHz_10C_Iter2_3001.xml_TPCMLDataInterface_1.npy,274.0771157546854,3.716399854245111,0.004698865581303835,80.28859186172485,0.001,3,256,3,1,cuda,1000,256.0,1.0,6.0,6.0
GaborNetwork,4,outer/12-2_3-0/AuAu200_170kHz_10C_Iter2_3001.xml_TPCMLDataInterface_1.npy,308.6886687374498,3.716399854245111,0.0053397053852677345,80.28674149513245,0.001,3,256,3,1,cuda,1000,256.0,1.0,6.0,6.0
GaborNetwork,5,outer/12-2_4-0/AuAu200_170kHz_10C_Iter2_3001.xml_TPCMLDataInterface_1.npy,333.0060437060743,3.716399854245111,0.005544578656554222,80.28871035575867,0.001,3,256,3,1,cuda,1000,256.0,1.0,6.0,6.0
GaborNetwork,1,outer/12-2_0-0/AuAu200_170kHz_10C_Iter2_3001.xml_TPCMLDataInterface_1.npy,235.9935340319612,3.716399854245111,0.004057101905345917,160.58024644851685,0.001,3,256,3,1,cuda,2000,256.0,1.0,1.0,1.0
GaborNetwork,2,outer/12-2_1-0/AuAu200_170kHz_10C_Iter2_3001.xml_TPCMLDataInterface_1.npy,288.58510212725906,3.716399854245111,0.004440307151526213,160.57980489730835,0.001,3,256,3,1,cuda,2000,256.0,1.0,1.0,1.0
GaborNetwork,3,outer/12-2_2-0/AuAu200_170kHz_10C_Iter2_3001.xml_TPCMLDataInterface_1.npy,190.99213390018406,3.716399854245111,0.0036793649196624756,160.61036443710327,0.001,3,256,3,1,cuda,2000,256.0,1.0,1.0,1.0
GaborNetwork,4,outer/12-2_3-0/AuAu200_170kHz_10C_Iter2_3001.xml_TPCMLDataInterface_1.npy,212.55666546393908,3.716399854245111,0.0041010016575455666,160.5667266845703,0.001,3,256,3,1,cuda,2000,256.0,1.0,1.0,1.0
GaborNetwork,5,outer/12-2_4-0/AuAu200_170kHz_10C_Iter2_3001.xml_TPCMLDataInterface_1.npy,221.83661468791834,3.716399854245111,0.004067829344421625,160.57882452011108,0.001,3,256,3,1,cuda,2000,256.0,1.0,1.0,1.0
GaborNetwork,1,outer/12-2_0-0/AuAu200_170kHz_10C_Iter2_3001.xml_TPCMLDataInterface_1.npy,764.9158600548026,3.716399854245111,0.011352336965501308,160.58007764816284,0.001,3,256,3,1,cuda,2000,256.0,1.0,1.0,6.0
GaborNetwork,2,outer/12-2_1-0/AuAu200_170kHz_10C_Iter2_3001.xml_TPCMLDataInterface_1.npy,818.7913058483936,3.716399854245111,0.011401418596506119,160.58056807518005,0.001,3,256,3,1,cuda,2000,256.0,1.0,1.0,6.0
GaborNetwork,3,outer/12-2_2-0/AuAu200_170kHz_10C_Iter2_3001.xml_TPCMLDataInterface_1.npy,692.9385458500669,3.716399854245111,0.010622522793710232,160.56893110275269,0.001,3,256,3,1,cuda,2000,256.0,1.0,1.0,6.0
GaborNetwork,4,outer/12-2_3-0/AuAu200_170kHz_10C_Iter2_3001.xml_TPCMLDataInterface_1.npy,685.5446342662316,3.716399854245111,0.011838671751320362,160.5714008808136,0.001,3,256,3,1,cuda,2000,256.0,1.0,1.0,6.0
GaborNetwork,5,outer/12-2_4-0/AuAu200_170kHz_10C_Iter2_3001.xml_TPCMLDataInterface_1.npy,577.4354540558065,3.716399854245111,0.010486692190170288,160.57346320152283,0.001,3,256,3,1,cuda,2000,256.0,1.0,1.0,6.0
GaborNetwork,1,outer/12-2_0-0/AuAu200_170kHz_10C_Iter2_3001.xml_TPCMLDataInterface_1.npy,145.6643971720214,3.716399854245111,0.0022176033817231655,160.58230662345886,0.001,3,256,3,1,cuda,2000,256.0,1.0,6.0,1.0
GaborNetwork,2,outer/12-2_1-0/AuAu200_170kHz_10C_Iter2_3001.xml_TPCMLDataInterface_1.npy,207.64567384119812,3.716399854245111,0.002553468570113182,160.57319259643555,0.001,3,256,3,1,cuda,2000,256.0,1.0,6.0,1.0
GaborNetwork,3,outer/12-2_2-0/AuAu200_170kHz_10C_Iter2_3001.xml_TPCMLDataInterface_1.npy,129.19629298443775,3.716399854245111,0.002316257217898965,160.57005047798157,0.001,3,256,3,1,cuda,2000,256.0,1.0,6.0,1.0
GaborNetwork,4,outer/12-2_3-0/AuAu200_170kHz_10C_Iter2_3001.xml_TPCMLDataInterface_1.npy,104.11905564968207,3.716399854245111,0.0021980085875838995,160.5749740600586,0.001,3,256,3,1,cuda,2000,256.0,1.0,6.0,1.0
GaborNetwork,5,outer/12-2_4-0/AuAu200_170kHz_10C_Iter2_3001.xml_TPCMLDataInterface_1.npy,112.7858452037316,3.716399854245111,0.0023416343610733747,160.57403564453125,0.001,3,256,3,1,cuda,2000,256.0,1.0,6.0,1.0
GaborNetwork,1,outer/12-2_0-0/AuAu200_170kHz_10C_Iter2_3001.xml_TPCMLDataInterface_1.npy,301.45423621569614,3.716399854245111,0.004786355420947075,160.57990145683289,0.001,3,256,3,1,cuda,2000,256.0,1.0,6.0,6.0
GaborNetwork,2,outer/12-2_1-0/AuAu200_170kHz_10C_Iter2_3001.xml_TPCMLDataInterface_1.npy,387.2631750962182,3.716399854245111,0.005668140947818756,160.57403540611267,0.001,3,256,3,1,cuda,2000,256.0,1.0,6.0,6.0
GaborNetwork,3,outer/12-2_2-0/AuAu200_170kHz_10C_Iter2_3001.xml_TPCMLDataInterface_1.npy,283.8607045368976,3.716399854245111,0.004771524108946323,160.5694236755371,0.001,3,256,3,1,cuda,2000,256.0,1.0,6.0,6.0
GaborNetwork,4,outer/12-2_3-0/AuAu200_170kHz_10C_Iter2_3001.xml_TPCMLDataInterface_1.npy,262.1534026731928,3.716399854245111,0.00470455177128315,160.57098960876465,0.001,3,256,3,1,cuda,2000,256.0,1.0,6.0,6.0
GaborNetwork,5,outer/12-2_4-0/AuAu200_170kHz_10C_Iter2_3001.xml_TPCMLDataInterface_1.npy,312.5746096364625,3.716399854245111,0.005061505828052759,160.58050084114075,0.001,3,256,3,1,cuda,2000,256.0,1.0,6.0,6.0
GaborNetwork,1,outer/12-2_0-0/AuAu200_170kHz_10C_Iter2_3001.xml_TPCMLDataInterface_1.npy,222.01346662692436,2.7951254270732466,0.0037846844643354416,102.39918994903564,0.001,3,256,4,1,cuda,1000,256.0,1.0,1.0,1.0
GaborNetwork,2,outer/12-2_1-0/AuAu200_170kHz_10C_Iter2_3001.xml_TPCMLDataInterface_1.npy,306.07514432730926,2.7951254270732466,0.004799435380846262,102.35117793083191,0.001,3,256,4,1,cuda,1000,256.0,1.0,1.0,1.0
GaborNetwork,3,outer/12-2_2-0/AuAu200_170kHz_10C_Iter2_3001.xml_TPCMLDataInterface_1.npy,256.21844147423025,2.7951254270732466,0.004520684015005827,102.34781789779663,0.001,3,256,4,1,cuda,1000,256.0,1.0,1.0,1.0
GaborNetwork,4,outer/12-2_3-0/AuAu200_170kHz_10C_Iter2_3001.xml_TPCMLDataInterface_1.npy,202.13827837391233,2.7951254270732466,0.0038122523110359907,102.34890389442444,0.001,3,256,4,1,cuda,1000,256.0,1.0,1.0,1.0
GaborNetwork,5,outer/12-2_4-0/AuAu200_170kHz_10C_Iter2_3001.xml_TPCMLDataInterface_1.npy,242.4649156521921,2.7951254270732466,0.004437348339706659,102.3500554561615,0.001,3,256,4,1,cuda,1000,256.0,1.0,1.0,1.0
GaborNetwork,1,outer/12-2_0-0/AuAu200_170kHz_10C_Iter2_3001.xml_TPCMLDataInterface_1.npy,710.0310813566767,2.7951254270732466,0.01048360951244831,102.3888463973999,0.001,3,256,4,1,cuda,1000,256.0,1.0,1.0,6.0
GaborNetwork,2,outer/12-2_1-0/AuAu200_170kHz_10C_Iter2_3001.xml_TPCMLDataInterface_1.npy,961.0953632237282,2.7951254270732466,0.013698868453502655,102.35200929641724,0.001,3,256,4,1,cuda,1000,256.0,1.0,1.0,6.0
GaborNetwork,3,outer/12-2_2-0/AuAu200_170kHz_10C_Iter2_3001.xml_TPCMLDataInterface_1.npy,776.0876540014224,2.7951254270732466,0.012113320641219616,102.35013794898987,0.001,3,256,4,1,cuda,1000,256.0,1.0,1.0,6.0
GaborNetwork,4,outer/12-2_3-0/AuAu200_170kHz_10C_Iter2_3001.xml_TPCMLDataInterface_1.npy,617.4054538466365,2.7951254270732466,0.010535470210015774,102.34788799285889,0.001,3,256,4,1,cuda,1000,256.0,1.0,1.0,6.0
GaborNetwork,5,outer/12-2_4-0/AuAu200_170kHz_10C_Iter2_3001.xml_TPCMLDataInterface_1.npy,578.3812031982095,2.7951254270732466,0.010533538646996021,102.3484992980957,0.001,3,256,4,1,cuda,1000,256.0,1.0,1.0,6.0
GaborNetwork,1,outer/12-2_0-0/AuAu200_170kHz_10C_Iter2_3001.xml_TPCMLDataInterface_1.npy,144.3930278405288,2.7951254270732466,0.0022553240414708853,102.35291361808777,0.001,3,256,4,1,cuda,1000,256.0,1.0,6.0,1.0
GaborNetwork,2,outer/12-2_1-0/AuAu200_170kHz_10C_Iter2_3001.xml_TPCMLDataInterface_1.npy,201.05342725066933,2.7951254270732466,0.0025437993463128805,102.38513565063477,0.001,3,256,4,1,cuda,1000,256.0,1.0,6.0,1.0
GaborNetwork,3,outer/12-2_2-0/AuAu200_170kHz_10C_Iter2_3001.xml_TPCMLDataInterface_1.npy,128.78448952058233,2.7951254270732466,0.002199065638706088,102.34723854064941,0.001,3,256,4,1,cuda,1000,256.0,1.0,6.0,1.0
GaborNetwork,4,outer/12-2_3-0/AuAu200_170kHz_10C_Iter2_3001.xml_TPCMLDataInterface_1.npy,107.1931188294846,2.7951254270732466,0.002241506241261959,102.34821248054504,0.001,3,256,4,1,cuda,1000,256.0,1.0,6.0,1.0
GaborNetwork,5,outer/12-2_4-0/AuAu200_170kHz_10C_Iter2_3001.xml_TPCMLDataInterface_1.npy,116.46012435157296,2.7951254270732466,0.0023291439283639193,102.34792590141296,0.001,3,256,4,1,cuda,1000,256.0,1.0,6.0,1.0
GaborNetwork,1,outer/12-2_0-0/AuAu200_170kHz_10C_Iter2_3001.xml_TPCMLDataInterface_1.npy,321.7410775916165,2.7951254270732466,0.005014080088585615,102.35196781158447,0.001,3,256,4,1,cuda,1000,256.0,1.0,6.0,6.0
GaborNetwork,2,outer/12-2_1-0/AuAu200_170kHz_10C_Iter2_3001.xml_TPCMLDataInterface_1.npy,373.5351261818106,2.7951254270732466,0.00542624993249774,102.34974479675293,0.001,3,256,4,1,cuda,1000,256.0,1.0,6.0,6.0
GaborNetwork,3,outer/12-2_2-0/AuAu200_170kHz_10C_Iter2_3001.xml_TPCMLDataInterface_1.npy,275.9199780894411,2.7951254270732466,0.004725289531052113,102.34688687324524,0.001,3,256,4,1,cuda,1000,256.0,1.0,6.0,6.0
GaborNetwork,4,outer/12-2_3-0/AuAu200_170kHz_10C_Iter2_3001.xml_TPCMLDataInterface_1.npy,277.2037577392905,2.7951254270732466,0.004797555506229401,102.34890675544739,0.001,3,256,4,1,cuda,1000,256.0,1.0,6.0,6.0
GaborNetwork,5,outer/12-2_4-0/AuAu200_170kHz_10C_Iter2_3001.xml_TPCMLDataInterface_1.npy,268.7798341804719,2.7951254270732466,0.00462357560172677,102.34947037696838,0.001,3,256,4,1,cuda,1000,256.0,1.0,6.0,6.0
GaborNetwork,1,outer/12-2_0-0/AuAu200_170kHz_10C_Iter2_3001.xml_TPCMLDataInterface_1.npy,232.58826713102408,2.7951254270732466,0.003621283918619156,204.71252393722534,0.001,3,256,4,1,cuda,2000,256.0,1.0,1.0,1.0
GaborNetwork,2,outer/12-2_1-0/AuAu200_170kHz_10C_Iter2_3001.xml_TPCMLDataInterface_1.npy,269.5538390541332,2.7951254270732466,0.0038890892174094915,204.6996865272522,0.001,3,256,4,1,cuda,2000,256.0,1.0,1.0,1.0
GaborNetwork,3,outer/12-2_2-0/AuAu200_170kHz_10C_Iter2_3001.xml_TPCMLDataInterface_1.npy,184.7507268657965,2.7951254270732466,0.0034175249747931957,204.6939935684204,0.001,3,256,4,1,cuda,2000,256.0,1.0,1.0,1.0
GaborNetwork,4,outer/12-2_3-0/AuAu200_170kHz_10C_Iter2_3001.xml_TPCMLDataInterface_1.npy,192.30685240963857,2.7951254270732466,0.0036608560476452112,204.69504070281982,0.001,3,256,4,1,cuda,2000,256.0,1.0,1.0,1.0
GaborNetwork,5,outer/12-2_4-0/AuAu200_170kHz_10C_Iter2_3001.xml_TPCMLDataInterface_1.npy,213.66659476447455,2.7951254270732466,0.004129122942686081,204.701327085495,0.001,3,256,4,1,cuda,2000,256.0,1.0,1.0,1.0
GaborNetwork,1,outer/12-2_0-0/AuAu200_170kHz_10C_Iter2_3001.xml_TPCMLDataInterface_1.npy,678.1037261023259,2.7951254270732466,0.009741896763443947,204.70453357696533,0.001,3,256,4,1,cuda,2000,256.0,1.0,1.0,6.0
GaborNetwork,2,outer/12-2_1-0/AuAu200_170kHz_10C_Iter2_3001.xml_TPCMLDataInterface_1.npy,714.4982939570783,2.7951254270732466,0.010044225491583347,204.69802737236023,0.001,3,256,4,1,cuda,2000,256.0,1.0,1.0,6.0
GaborNetwork,3,outer/12-2_2-0/AuAu200_170kHz_10C_Iter2_3001.xml_TPCMLDataInterface_1.npy,731.5245735546353,2.7951254270732466,0.01134664099663496,204.7246778011322,0.001,3,256,4,1,cuda,2000,256.0,1.0,1.0,6.0
GaborNetwork,4,outer/12-2_3-0/AuAu200_170kHz_10C_Iter2_3001.xml_TPCMLDataInterface_1.npy,604.595461272172,2.7951254270732466,0.010226300917565823,204.70886182785034,0.001,3,256,4,1,cuda,2000,256.0,1.0,1.0,6.0
GaborNetwork,5,outer/12-2_4-0/AuAu200_170kHz_10C_Iter2_3001.xml_TPCMLDataInterface_1.npy,609.0414875648427,2.7951254270732466,0.011277065612375736,204.69701623916626,0.001,3,256,4,1,cuda,2000,256.0,1.0,1.0,6.0
GaborNetwork,1,outer/12-2_0-0/AuAu200_170kHz_10C_Iter2_3001.xml_TPCMLDataInterface_1.npy,101.24795013386881,2.7951254270732466,0.002033438067883253,204.71351647377014,0.001,3,256,4,1,cuda,2000,256.0,1.0,6.0,1.0
GaborNetwork,2,outer/12-2_1-0/AuAu200_170kHz_10C_Iter2_3001.xml_TPCMLDataInterface_1.npy,142.38944580404953,2.7951254270732466,0.002345550339668989,204.69711232185364,0.001,3,256,4,1,cuda,2000,256.0,1.0,6.0,1.0
GaborNetwork,3,outer/12-2_2-0/AuAu200_170kHz_10C_Iter2_3001.xml_TPCMLDataInterface_1.npy,117.98822242093374,2.7951254270732466,0.0021199053153395653,204.69966959953308,0.001,3,256,4,1,cuda,2000,256.0,1.0,6.0,1.0
GaborNetwork,4,outer/12-2_3-0/AuAu200_170kHz_10C_Iter2_3001.xml_TPCMLDataInterface_1.npy,84.37753487909973,2.7951254270732466,0.0019862724002450705,204.69480538368225,0.001,3,256,4,1,cuda,2000,256.0,1.0,6.0,1.0
GaborNetwork,5,outer/12-2_4-0/AuAu200_170kHz_10C_Iter2_3001.xml_TPCMLDataInterface_1.npy,104.63430414365797,2.7951254270732466,0.0021893831435590982,204.70336961746216,0.001,3,256,4,1,cuda,2000,256.0,1.0,6.0,1.0
GaborNetwork,1,outer/12-2_0-0/AuAu200_170kHz_10C_Iter2_3001.xml_TPCMLDataInterface_1.npy,276.7497751422356,2.7951254270732466,0.004507720470428467,204.70357155799866,0.001,3,256,4,1,cuda,2000,256.0,1.0,6.0,6.0
GaborNetwork,2,outer/12-2_1-0/AuAu200_170kHz_10C_Iter2_3001.xml_TPCMLDataInterface_1.npy,341.72161955112114,2.7951254270732466,0.005189072340726852,204.69517159461975,0.001,3,256,4,1,cuda,2000,256.0,1.0,6.0,6.0
GaborNetwork,3,outer/12-2_2-0/AuAu200_170kHz_10C_Iter2_3001.xml_TPCMLDataInterface_1.npy,294.54040249539827,2.7951254270732466,0.0049163708463311195,204.69247126579285,0.001,3,256,4,1,cuda,2000,256.0,1.0,6.0,6.0
GaborNetwork,4,outer/12-2_3-0/AuAu200_170kHz_10C_Iter2_3001.xml_TPCMLDataInterface_1.npy,262.46720606383866,2.7951254270732466,0.0045991274528205395,204.69283628463745,0.001,3,256,4,1,cuda,2000,256.0,1.0,6.0,6.0
GaborNetwork,5,outer/12-2_4-0/AuAu200_170kHz_10C_Iter2_3001.xml_TPCMLDataInterface_1.npy,282.74232738244643,2.7951254270732466,0.004773377440869808,204.6978259086609,0.001,3,256,4,1,cuda,2000,256.0,1.0,6.0,6.0
