model,data_sample,file_name,original_mse,compression_ratio,transformed_mse,training_time,lr,in_features,hidden_features,hidden_layers,out_features,device,max_iters,outermost_linear
AlternatingModel,1,outer/12-2_0-0/AuAu200_170kHz_10C_Iter2_3001.xml_TPCMLDataInterface_1.npy,1609.177920013387,88.5230876056012,0.02611454389989376,0.5527448654174805,0.001,3,64,3,1,cuda,100,True
AlternatingModel,2,outer/12-2_1-0/AuAu200_170kHz_10C_Iter2_3001.xml_TPCMLDataInterface_1.npy,1849.5035127489123,88.5230876056012,0.028229670599102974,0.5366799831390381,0.001,3,64,3,1,cuda,100,True
AlternatingModel,3,outer/12-2_2-0/AuAu200_170kHz_10C_Iter2_3001.xml_TPCMLDataInterface_1.npy,1521.7584831513554,88.5230876056012,0.025829317048192024,0.5357167720794678,0.001,3,64,3,1,cuda,100,True
AlternatingModel,4,outer/12-2_3-0/AuAu200_170kHz_10C_Iter2_3001.xml_TPCMLDataInterface_1.npy,1410.4127133534137,88.5230876056012,0.025388767942786217,0.5356338024139404,0.001,3,64,3,1,cuda,100,True
AlternatingModel,5,outer/12-2_4-0/AuAu200_170kHz_10C_Iter2_3001.xml_TPCMLDataInterface_1.npy,1375.2898089754854,88.5230876056012,0.025941152125597,0.5388638973236084,0.001,3,64,3,1,cuda,100,True
AlternatingModel,1,outer/12-2_0-0/AuAu200_170kHz_10C_Iter2_3001.xml_TPCMLDataInterface_1.npy,21089.429219482096,88.5230876056012,0.3653615117073059,0.5381324291229248,0.001,3,64,3,1,cuda,100,False
AlternatingModel,2,outer/12-2_1-0/AuAu200_170kHz_10C_Iter2_3001.xml_TPCMLDataInterface_1.npy,1991.2282554697958,88.5230876056012,0.03298289328813553,0.5378429889678955,0.001,3,64,3,1,cuda,100,False
AlternatingModel,3,outer/12-2_2-0/AuAu200_170kHz_10C_Iter2_3001.xml_TPCMLDataInterface_1.npy,1528.389654974063,88.5230876056012,0.026947103440761566,0.5383784770965576,0.001,3,64,3,1,cuda,100,False
AlternatingModel,4,outer/12-2_3-0/AuAu200_170kHz_10C_Iter2_3001.xml_TPCMLDataInterface_1.npy,17786.867923516984,88.5230876056012,0.24388986825942993,0.5387651920318604,0.001,3,64,3,1,cuda,100,False
AlternatingModel,5,outer/12-2_4-0/AuAu200_170kHz_10C_Iter2_3001.xml_TPCMLDataInterface_1.npy,1435.838103716951,88.5230876056012,0.02918926067650318,0.5386078357696533,0.001,3,64,3,1,cuda,100,False
AlternatingModel,1,outer/12-2_0-0/AuAu200_170kHz_10C_Iter2_3001.xml_TPCMLDataInterface_1.npy,1410.8422923464693,88.5230876056012,0.022739939391613007,2.668978691101074,0.001,3,64,3,1,cuda,500,True
AlternatingModel,2,outer/12-2_1-0/AuAu200_170kHz_10C_Iter2_3001.xml_TPCMLDataInterface_1.npy,1596.223881201891,88.5230876056012,0.023775802925229073,2.66828989982605,0.001,3,64,3,1,cuda,500,True
AlternatingModel,3,outer/12-2_2-0/AuAu200_170kHz_10C_Iter2_3001.xml_TPCMLDataInterface_1.npy,1335.5961632990295,88.5230876056012,0.022053556516766548,2.667760133743286,0.001,3,64,3,1,cuda,500,True
AlternatingModel,4,outer/12-2_3-0/AuAu200_170kHz_10C_Iter2_3001.xml_TPCMLDataInterface_1.npy,1145.1762165850903,88.5230876056012,0.02035263180732727,2.668462038040161,0.001,3,64,3,1,cuda,500,True
AlternatingModel,5,outer/12-2_4-0/AuAu200_170kHz_10C_Iter2_3001.xml_TPCMLDataInterface_1.npy,1156.4108216721052,88.5230876056012,0.02117563784122467,2.6678354740142822,0.001,3,64,3,1,cuda,500,True
AlternatingModel,1,outer/12-2_0-0/AuAu200_170kHz_10C_Iter2_3001.xml_TPCMLDataInterface_1.npy,1999.8090473874665,88.5230876056012,0.035941679030656815,2.6778059005737305,0.001,3,64,3,1,cuda,500,False
AlternatingModel,2,outer/12-2_1-0/AuAu200_170kHz_10C_Iter2_3001.xml_TPCMLDataInterface_1.npy,1813.4122178819443,88.5230876056012,0.027816323563456535,2.6764566898345947,0.001,3,64,3,1,cuda,500,False
AlternatingModel,3,outer/12-2_2-0/AuAu200_170kHz_10C_Iter2_3001.xml_TPCMLDataInterface_1.npy,1481.269820166081,88.5230876056012,0.024999283254146576,2.676992416381836,0.001,3,64,3,1,cuda,500,False
AlternatingModel,4,outer/12-2_3-0/AuAu200_170kHz_10C_Iter2_3001.xml_TPCMLDataInterface_1.npy,1384.3449291959505,88.5230876056012,0.025675734505057335,2.677069664001465,0.001,3,64,3,1,cuda,500,False
AlternatingModel,5,outer/12-2_4-0/AuAu200_170kHz_10C_Iter2_3001.xml_TPCMLDataInterface_1.npy,1375.6327105296184,88.5230876056012,0.025988556444644928,2.6764023303985596,0.001,3,64,3,1,cuda,500,False
AlternatingModel,1,outer/12-2_0-0/AuAu200_170kHz_10C_Iter2_3001.xml_TPCMLDataInterface_1.npy,1245.7265664219378,88.5230876056012,0.01980600319802761,5.333694934844971,0.001,3,64,3,1,cuda,1000,True
AlternatingModel,2,outer/12-2_1-0/AuAu200_170kHz_10C_Iter2_3001.xml_TPCMLDataInterface_1.npy,1362.023213949548,88.5230876056012,0.020627465099096298,5.3416383266448975,0.001,3,64,3,1,cuda,1000,True
AlternatingModel,3,outer/12-2_2-0/AuAu200_170kHz_10C_Iter2_3001.xml_TPCMLDataInterface_1.npy,1104.7516615942939,88.5230876056012,0.018381258472800255,5.33343243598938,0.001,3,64,3,1,cuda,1000,True
AlternatingModel,4,outer/12-2_3-0/AuAu200_170kHz_10C_Iter2_3001.xml_TPCMLDataInterface_1.npy,1031.0275123933234,88.5230876056012,0.018301552161574364,5.332561254501343,0.001,3,64,3,1,cuda,1000,True
AlternatingModel,5,outer/12-2_4-0/AuAu200_170kHz_10C_Iter2_3001.xml_TPCMLDataInterface_1.npy,989.3178665181559,88.5230876056012,0.018410054966807365,5.333998918533325,0.001,3,64,3,1,cuda,1000,True
AlternatingModel,1,outer/12-2_0-0/AuAu200_170kHz_10C_Iter2_3001.xml_TPCMLDataInterface_1.npy,17794.947819925535,88.5230876056012,0.36210981011390686,5.409745454788208,0.001,3,64,3,1,cuda,1000,False
AlternatingModel,2,outer/12-2_1-0/AuAu200_170kHz_10C_Iter2_3001.xml_TPCMLDataInterface_1.npy,1827.3461816014055,88.5230876056012,0.027684826403856277,5.3590264320373535,0.001,3,64,3,1,cuda,1000,False
AlternatingModel,3,outer/12-2_2-0/AuAu200_170kHz_10C_Iter2_3001.xml_TPCMLDataInterface_1.npy,1412.2806368703982,88.5230876056012,0.02414100430905819,5.349005222320557,0.001,3,64,3,1,cuda,1000,False
AlternatingModel,4,outer/12-2_3-0/AuAu200_170kHz_10C_Iter2_3001.xml_TPCMLDataInterface_1.npy,4208.269201807229,88.5230876056012,0.06897696852684021,5.350132465362549,0.001,3,64,3,1,cuda,1000,False
AlternatingModel,5,outer/12-2_4-0/AuAu200_170kHz_10C_Iter2_3001.xml_TPCMLDataInterface_1.npy,1326.949438378514,88.5230876056012,0.024869821965694427,5.35015082359314,0.001,3,64,3,1,cuda,1000,False
AlternatingModel,1,outer/12-2_0-0/AuAu200_170kHz_10C_Iter2_3001.xml_TPCMLDataInterface_1.npy,1022.3922055409137,88.5230876056012,0.016250761225819588,10.668591022491455,0.001,3,64,3,1,cuda,2000,True
AlternatingModel,2,outer/12-2_1-0/AuAu200_170kHz_10C_Iter2_3001.xml_TPCMLDataInterface_1.npy,1185.943211648678,88.5230876056012,0.01818902976810932,10.664328813552856,0.001,3,64,3,1,cuda,2000,True
AlternatingModel,3,outer/12-2_2-0/AuAu200_170kHz_10C_Iter2_3001.xml_TPCMLDataInterface_1.npy,963.202992961429,88.5230876056012,0.01610291376709938,10.668933629989624,0.001,3,64,3,1,cuda,2000,True
AlternatingModel,4,outer/12-2_3-0/AuAu200_170kHz_10C_Iter2_3001.xml_TPCMLDataInterface_1.npy,911.2033380919511,88.5230876056012,0.01624811254441738,10.664041757583618,0.001,3,64,3,1,cuda,2000,True
AlternatingModel,5,outer/12-2_4-0/AuAu200_170kHz_10C_Iter2_3001.xml_TPCMLDataInterface_1.npy,882.712202978581,88.5230876056012,0.016701899468898773,10.677931547164917,0.001,3,64,3,1,cuda,2000,True
AlternatingModel,1,outer/12-2_0-0/AuAu200_170kHz_10C_Iter2_3001.xml_TPCMLDataInterface_1.npy,16472.467698920682,88.5230876056012,0.2918899953365326,10.704723834991455,0.001,3,64,3,1,cuda,2000,False
AlternatingModel,2,outer/12-2_1-0/AuAu200_170kHz_10C_Iter2_3001.xml_TPCMLDataInterface_1.npy,7201.903379141566,88.5230876056012,0.09718751907348633,10.696442127227783,0.001,3,64,3,1,cuda,2000,False
AlternatingModel,3,outer/12-2_2-0/AuAu200_170kHz_10C_Iter2_3001.xml_TPCMLDataInterface_1.npy,1438.998938462182,88.5230876056012,0.0238712877035141,10.701494932174683,0.001,3,64,3,1,cuda,2000,False
AlternatingModel,4,outer/12-2_3-0/AuAu200_170kHz_10C_Iter2_3001.xml_TPCMLDataInterface_1.npy,11285.780588499832,88.5230876056012,0.18684475123882294,10.697619915008545,0.001,3,64,3,1,cuda,2000,False
AlternatingModel,5,outer/12-2_4-0/AuAu200_170kHz_10C_Iter2_3001.xml_TPCMLDataInterface_1.npy,6092.973698178129,88.5230876056012,0.22772766649723053,10.696192979812622,0.001,3,64,3,1,cuda,2000,False
AlternatingModel,1,outer/12-2_0-0/AuAu200_170kHz_10C_Iter2_3001.xml_TPCMLDataInterface_1.npy,1576.7416998724063,59.7553316147176,0.025595296174287796,0.761986494064331,0.001,3,64,4,1,cuda,100,True
AlternatingModel,2,outer/12-2_1-0/AuAu200_170kHz_10C_Iter2_3001.xml_TPCMLDataInterface_1.npy,1791.315787891148,59.7553316147176,0.027244340628385544,0.7621264457702637,0.001,3,64,4,1,cuda,100,True
AlternatingModel,3,outer/12-2_2-0/AuAu200_170kHz_10C_Iter2_3001.xml_TPCMLDataInterface_1.npy,1483.0704837579485,59.7553316147176,0.02513391710817814,0.7622556686401367,0.001,3,64,4,1,cuda,100,True
AlternatingModel,4,outer/12-2_3-0/AuAu200_170kHz_10C_Iter2_3001.xml_TPCMLDataInterface_1.npy,1353.9020783655455,59.7553316147176,0.02452637441456318,0.7622568607330322,0.001,3,64,4,1,cuda,100,True
AlternatingModel,5,outer/12-2_4-0/AuAu200_170kHz_10C_Iter2_3001.xml_TPCMLDataInterface_1.npy,1305.3022245230923,59.7553316147176,0.02477581985294819,0.7617931365966797,0.001,3,64,4,1,cuda,100,True
AlternatingModel,1,outer/12-2_0-0/AuAu200_170kHz_10C_Iter2_3001.xml_TPCMLDataInterface_1.npy,1616.0211470883535,59.7553316147176,0.027520472183823586,0.7651348114013672,0.001,3,64,4,1,cuda,100,False
AlternatingModel,2,outer/12-2_1-0/AuAu200_170kHz_10C_Iter2_3001.xml_TPCMLDataInterface_1.npy,1901.4480369394244,59.7553316147176,0.029677007347345352,0.7659931182861328,0.001,3,64,4,1,cuda,100,False
AlternatingModel,3,outer/12-2_2-0/AuAu200_170kHz_10C_Iter2_3001.xml_TPCMLDataInterface_1.npy,1514.4985841804719,59.7553316147176,0.02637351118028164,0.7667293548583984,0.001,3,64,4,1,cuda,100,False
AlternatingModel,4,outer/12-2_3-0/AuAu200_170kHz_10C_Iter2_3001.xml_TPCMLDataInterface_1.npy,1403.8853329986614,59.7553316147176,0.026029624044895172,0.7656283378601074,0.001,3,64,4,1,cuda,100,False
AlternatingModel,5,outer/12-2_4-0/AuAu200_170kHz_10C_Iter2_3001.xml_TPCMLDataInterface_1.npy,1389.1711415976406,59.7553316147176,0.026842474937438965,0.7648036479949951,0.001,3,64,4,1,cuda,100,False
AlternatingModel,1,outer/12-2_0-0/AuAu200_170kHz_10C_Iter2_3001.xml_TPCMLDataInterface_1.npy,1245.7675519787483,59.7553316147176,0.019595058634877205,3.7969791889190674,0.001,3,64,4,1,cuda,500,True
AlternatingModel,2,outer/12-2_1-0/AuAu200_170kHz_10C_Iter2_3001.xml_TPCMLDataInterface_1.npy,1334.4375928191935,59.7553316147176,0.020191330462694168,3.7979671955108643,0.001,3,64,4,1,cuda,500,True
AlternatingModel,3,outer/12-2_2-0/AuAu200_170kHz_10C_Iter2_3001.xml_TPCMLDataInterface_1.npy,1069.9963277589525,59.7553316147176,0.01758999191224575,3.796531915664673,0.001,3,64,4,1,cuda,500,True
AlternatingModel,4,outer/12-2_3-0/AuAu200_170kHz_10C_Iter2_3001.xml_TPCMLDataInterface_1.npy,942.3232330363119,59.7553316147176,0.01654328778386116,3.7971994876861572,0.001,3,64,4,1,cuda,500,True
AlternatingModel,5,outer/12-2_4-0/AuAu200_170kHz_10C_Iter2_3001.xml_TPCMLDataInterface_1.npy,1100.0237904743976,59.7553316147176,0.020052233710885048,3.796325445175171,0.001,3,64,4,1,cuda,500,True
AlternatingModel,1,outer/12-2_0-0/AuAu200_170kHz_10C_Iter2_3001.xml_TPCMLDataInterface_1.npy,1480.9306405308735,59.7553316147176,0.02463802695274353,3.815380573272705,0.001,3,64,4,1,cuda,500,False
AlternatingModel,2,outer/12-2_1-0/AuAu200_170kHz_10C_Iter2_3001.xml_TPCMLDataInterface_1.npy,1769.1289350108768,59.7553316147176,0.027465874329209328,3.8183653354644775,0.001,3,64,4,1,cuda,500,False
AlternatingModel,3,outer/12-2_2-0/AuAu200_170kHz_10C_Iter2_3001.xml_TPCMLDataInterface_1.npy,1463.6262197226406,59.7553316147176,0.02485998161137104,3.8137402534484863,0.001,3,64,4,1,cuda,500,False
AlternatingModel,4,outer/12-2_3-0/AuAu200_170kHz_10C_Iter2_3001.xml_TPCMLDataInterface_1.npy,1310.5223053673026,59.7553316147176,0.024250566959381104,3.8142313957214355,0.001,3,64,4,1,cuda,500,False
AlternatingModel,5,outer/12-2_4-0/AuAu200_170kHz_10C_Iter2_3001.xml_TPCMLDataInterface_1.npy,1328.9339414951473,59.7553316147176,0.025480495765805244,3.813791513442993,0.001,3,64,4,1,cuda,500,False
AlternatingModel,1,outer/12-2_0-0/AuAu200_170kHz_10C_Iter2_3001.xml_TPCMLDataInterface_1.npy,850.1020462056559,59.7553316147176,0.01411921065300703,7.592434644699097,0.001,3,64,4,1,cuda,1000,True
AlternatingModel,2,outer/12-2_1-0/AuAu200_170kHz_10C_Iter2_3001.xml_TPCMLDataInterface_1.npy,997.4424965486947,59.7553316147176,0.01670663431286812,7.589807748794556,0.001,3,64,4,1,cuda,1000,True
AlternatingModel,3,outer/12-2_2-0/AuAu200_170kHz_10C_Iter2_3001.xml_TPCMLDataInterface_1.npy,875.285062123494,59.7553316147176,0.014637263491749763,7.591179847717285,0.001,3,64,4,1,cuda,1000,True
AlternatingModel,4,outer/12-2_3-0/AuAu200_170kHz_10C_Iter2_3001.xml_TPCMLDataInterface_1.npy,991.1951451639893,59.7553316147176,0.01728777401149273,7.5911548137664795,0.001,3,64,4,1,cuda,1000,True
AlternatingModel,5,outer/12-2_4-0/AuAu200_170kHz_10C_Iter2_3001.xml_TPCMLDataInterface_1.npy,715.6523986571285,59.7553316147176,0.01405765675008297,7.591703176498413,0.001,3,64,4,1,cuda,1000,True
AlternatingModel,1,outer/12-2_0-0/AuAu200_170kHz_10C_Iter2_3001.xml_TPCMLDataInterface_1.npy,1357.72882938002,59.7553316147176,0.022435246035456657,7.624237537384033,0.001,3,64,4,1,cuda,1000,False
AlternatingModel,2,outer/12-2_1-0/AuAu200_170kHz_10C_Iter2_3001.xml_TPCMLDataInterface_1.npy,1606.9672126004016,59.7553316147176,0.025281595066189766,7.624385595321655,0.001,3,64,4,1,cuda,1000,False
AlternatingModel,3,outer/12-2_2-0/AuAu200_170kHz_10C_Iter2_3001.xml_TPCMLDataInterface_1.npy,1324.6453274033634,59.7553316147176,0.022506751120090485,7.623997926712036,0.001,3,64,4,1,cuda,1000,False
AlternatingModel,4,outer/12-2_3-0/AuAu200_170kHz_10C_Iter2_3001.xml_TPCMLDataInterface_1.npy,1222.3233716114457,59.7553316147176,0.022339748218655586,7.633275032043457,0.001,3,64,4,1,cuda,1000,False
AlternatingModel,5,outer/12-2_4-0/AuAu200_170kHz_10C_Iter2_3001.xml_TPCMLDataInterface_1.npy,1152.2018935115461,59.7553316147176,0.021935999393463135,7.623398303985596,0.001,3,64,4,1,cuda,1000,False
AlternatingModel,1,outer/12-2_0-0/AuAu200_170kHz_10C_Iter2_3001.xml_TPCMLDataInterface_1.npy,740.109337087935,59.7553316147176,0.012513495981693268,15.17839002609253,0.001,3,64,4,1,cuda,2000,True
AlternatingModel,2,outer/12-2_1-0/AuAu200_170kHz_10C_Iter2_3001.xml_TPCMLDataInterface_1.npy,898.6344152652276,59.7553316147176,0.014025948941707611,15.17694354057312,0.001,3,64,4,1,cuda,2000,True
AlternatingModel,3,outer/12-2_2-0/AuAu200_170kHz_10C_Iter2_3001.xml_TPCMLDataInterface_1.npy,746.797992752259,59.7553316147176,0.012810152024030685,15.179098129272461,0.001,3,64,4,1,cuda,2000,True
AlternatingModel,4,outer/12-2_3-0/AuAu200_170kHz_10C_Iter2_3001.xml_TPCMLDataInterface_1.npy,654.4657091909304,59.7553316147176,0.012317678891122341,15.178062200546265,0.001,3,64,4,1,cuda,2000,True
AlternatingModel,5,outer/12-2_4-0/AuAu200_170kHz_10C_Iter2_3001.xml_TPCMLDataInterface_1.npy,685.9315438838688,59.7553316147176,0.012985109351575375,15.183160066604614,0.001,3,64,4,1,cuda,2000,True
AlternatingModel,1,outer/12-2_0-0/AuAu200_170kHz_10C_Iter2_3001.xml_TPCMLDataInterface_1.npy,1018.0347627489123,59.7553316147176,0.01641208864748478,15.244549989700317,0.001,3,64,4,1,cuda,2000,False
AlternatingModel,2,outer/12-2_1-0/AuAu200_170kHz_10C_Iter2_3001.xml_TPCMLDataInterface_1.npy,1302.7554018155956,59.7553316147176,0.020376555621623993,15.247256517410278,0.001,3,64,4,1,cuda,2000,False
AlternatingModel,3,outer/12-2_2-0/AuAu200_170kHz_10C_Iter2_3001.xml_TPCMLDataInterface_1.npy,907.5652283613621,59.7553316147176,0.015630410984158516,15.247074127197266,0.001,3,64,4,1,cuda,2000,False
AlternatingModel,4,outer/12-2_3-0/AuAu200_170kHz_10C_Iter2_3001.xml_TPCMLDataInterface_1.npy,1030.2248760667671,59.7553316147176,0.01872170716524124,15.247924327850342,0.001,3,64,4,1,cuda,2000,False
AlternatingModel,5,outer/12-2_4-0/AuAu200_170kHz_10C_Iter2_3001.xml_TPCMLDataInterface_1.npy,938.5111775225904,59.7553316147176,0.01804514043033123,15.242255210876465,0.001,3,64,4,1,cuda,2000,False
AlternatingModel,1,outer/12-2_0-0/AuAu200_170kHz_10C_Iter2_3001.xml_TPCMLDataInterface_1.npy,1532.4857934341533,22.721758502896183,0.02601868100464344,1.160036325454712,0.001,3,128,3,1,cuda,100,True
AlternatingModel,2,outer/12-2_1-0/AuAu200_170kHz_10C_Iter2_3001.xml_TPCMLDataInterface_1.npy,1811.0171493264725,22.721758502896183,0.027599666267633438,1.1598148345947266,0.001,3,128,3,1,cuda,100,True
AlternatingModel,3,outer/12-2_2-0/AuAu200_170kHz_10C_Iter2_3001.xml_TPCMLDataInterface_1.npy,1484.760023165579,22.721758502896183,0.02512182667851448,1.159938097000122,0.001,3,128,3,1,cuda,100,True
AlternatingModel,4,outer/12-2_3-0/AuAu200_170kHz_10C_Iter2_3001.xml_TPCMLDataInterface_1.npy,1379.5823031710174,22.721758502896183,0.024970637634396553,1.1597645282745361,0.001,3,128,3,1,cuda,100,True
AlternatingModel,5,outer/12-2_4-0/AuAu200_170kHz_10C_Iter2_3001.xml_TPCMLDataInterface_1.npy,1362.6742281626507,22.721758502896183,0.025563934817910194,1.1593446731567383,0.001,3,128,3,1,cuda,100,True
AlternatingModel,1,outer/12-2_0-0/AuAu200_170kHz_10C_Iter2_3001.xml_TPCMLDataInterface_1.npy,26046.42208417001,22.721758502896183,0.49690648913383484,1.1614656448364258,0.001,3,128,3,1,cuda,100,False
AlternatingModel,2,outer/12-2_1-0/AuAu200_170kHz_10C_Iter2_3001.xml_TPCMLDataInterface_1.npy,35639.40763313671,22.721758502896183,0.5691777467727661,1.162837266921997,0.001,3,128,3,1,cuda,100,False
AlternatingModel,3,outer/12-2_2-0/AuAu200_170kHz_10C_Iter2_3001.xml_TPCMLDataInterface_1.npy,26964.831325301206,22.721758502896183,0.46296170353889465,1.162961483001709,0.001,3,128,3,1,cuda,100,False
AlternatingModel,4,outer/12-2_3-0/AuAu200_170kHz_10C_Iter2_3001.xml_TPCMLDataInterface_1.npy,12099.066857272841,22.721758502896183,0.5514639019966125,1.1626253128051758,0.001,3,128,3,1,cuda,100,False
AlternatingModel,5,outer/12-2_4-0/AuAu200_170kHz_10C_Iter2_3001.xml_TPCMLDataInterface_1.npy,43525.45879873661,22.721758502896183,0.5427206158638,1.1619188785552979,0.001,3,128,3,1,cuda,100,False
AlternatingModel,1,outer/12-2_0-0/AuAu200_170kHz_10C_Iter2_3001.xml_TPCMLDataInterface_1.npy,1270.262880950887,22.721758502896183,0.019925197586417198,5.788837194442749,0.001,3,128,3,1,cuda,500,True
AlternatingModel,2,outer/12-2_1-0/AuAu200_170kHz_10C_Iter2_3001.xml_TPCMLDataInterface_1.npy,1601.0169989855253,22.721758502896183,0.023447232320904732,5.788918972015381,0.001,3,128,3,1,cuda,500,True
AlternatingModel,3,outer/12-2_2-0/AuAu200_170kHz_10C_Iter2_3001.xml_TPCMLDataInterface_1.npy,1435.1322398970883,22.721758502896183,0.040233124047517776,5.803805351257324,0.001,3,128,3,1,cuda,500,True
AlternatingModel,4,outer/12-2_3-0/AuAu200_170kHz_10C_Iter2_3001.xml_TPCMLDataInterface_1.npy,1108.6578867553546,22.721758502896183,0.01932643912732601,5.78978705406189,0.001,3,128,3,1,cuda,500,True
AlternatingModel,5,outer/12-2_4-0/AuAu200_170kHz_10C_Iter2_3001.xml_TPCMLDataInterface_1.npy,1148.7681062792838,22.721758502896183,0.02190396375954151,5.789029359817505,0.001,3,128,3,1,cuda,500,True
AlternatingModel,1,outer/12-2_0-0/AuAu200_170kHz_10C_Iter2_3001.xml_TPCMLDataInterface_1.npy,54066.01269792712,22.721758502896183,0.50146484375,5.798280239105225,0.001,3,128,3,1,cuda,500,False
AlternatingModel,2,outer/12-2_1-0/AuAu200_170kHz_10C_Iter2_3001.xml_TPCMLDataInterface_1.npy,35041.37765253723,22.721758502896183,0.5211255550384521,5.798448801040649,0.001,3,128,3,1,cuda,500,False
AlternatingModel,3,outer/12-2_2-0/AuAu200_170kHz_10C_Iter2_3001.xml_TPCMLDataInterface_1.npy,28761.933189790412,22.721758502896183,0.4945647716522217,5.799965143203735,0.001,3,128,3,1,cuda,500,False
AlternatingModel,4,outer/12-2_3-0/AuAu200_170kHz_10C_Iter2_3001.xml_TPCMLDataInterface_1.npy,34528.85248284806,22.721758502896183,0.499900221824646,5.7975897789001465,0.001,3,128,3,1,cuda,500,False
AlternatingModel,5,outer/12-2_4-0/AuAu200_170kHz_10C_Iter2_3001.xml_TPCMLDataInterface_1.npy,33660.77035354962,22.721758502896183,0.5130250453948975,5.796901226043701,0.001,3,128,3,1,cuda,500,False
AlternatingModel,1,outer/12-2_0-0/AuAu200_170kHz_10C_Iter2_3001.xml_TPCMLDataInterface_1.npy,863.5808716637383,22.721758502896183,0.014262964017689228,11.575978755950928,0.001,3,128,3,1,cuda,1000,True
AlternatingModel,2,outer/12-2_1-0/AuAu200_170kHz_10C_Iter2_3001.xml_TPCMLDataInterface_1.npy,1275.6810915537149,22.721758502896183,0.01888558641076088,11.576759099960327,0.001,3,128,3,1,cuda,1000,True
AlternatingModel,3,outer/12-2_2-0/AuAu200_170kHz_10C_Iter2_3001.xml_TPCMLDataInterface_1.npy,899.4361822289156,22.721758502896183,0.01505365315824747,11.57807970046997,0.001,3,128,3,1,cuda,1000,True
AlternatingModel,4,outer/12-2_3-0/AuAu200_170kHz_10C_Iter2_3001.xml_TPCMLDataInterface_1.npy,875.8013067896586,22.721758502896183,0.015399220399558544,11.57402491569519,0.001,3,128,3,1,cuda,1000,True
AlternatingModel,5,outer/12-2_4-0/AuAu200_170kHz_10C_Iter2_3001.xml_TPCMLDataInterface_1.npy,882.0333704610107,22.721758502896183,0.01676238141953945,11.576749086380005,0.001,3,128,3,1,cuda,1000,True
AlternatingModel,1,outer/12-2_0-0/AuAu200_170kHz_10C_Iter2_3001.xml_TPCMLDataInterface_1.npy,31564.51554002468,22.721758502896183,0.5282319188117981,11.594944953918457,0.001,3,128,3,1,cuda,1000,False
AlternatingModel,2,outer/12-2_1-0/AuAu200_170kHz_10C_Iter2_3001.xml_TPCMLDataInterface_1.npy,4186.95768882823,22.721758502896183,0.09536034613847733,11.595139026641846,0.001,3,128,3,1,cuda,1000,False
AlternatingModel,3,outer/12-2_2-0/AuAu200_170kHz_10C_Iter2_3001.xml_TPCMLDataInterface_1.npy,29974.301785266063,22.721758502896183,0.5305444002151489,11.592379331588745,0.001,3,128,3,1,cuda,1000,False
AlternatingModel,4,outer/12-2_3-0/AuAu200_170kHz_10C_Iter2_3001.xml_TPCMLDataInterface_1.npy,39160.69570207915,22.721758502896183,0.4804299473762512,11.593086957931519,0.001,3,128,3,1,cuda,1000,False
AlternatingModel,5,outer/12-2_4-0/AuAu200_170kHz_10C_Iter2_3001.xml_TPCMLDataInterface_1.npy,28903.348628890562,22.721758502896183,0.5313793420791626,11.5968177318573,0.001,3,128,3,1,cuda,1000,False
AlternatingModel,1,outer/12-2_0-0/AuAu200_170kHz_10C_Iter2_3001.xml_TPCMLDataInterface_1.npy,687.5446525686077,22.721758502896183,0.011657875962555408,23.146437644958496,0.001,3,128,3,1,cuda,2000,True
AlternatingModel,2,outer/12-2_1-0/AuAu200_170kHz_10C_Iter2_3001.xml_TPCMLDataInterface_1.npy,796.732773542085,22.721758502896183,0.013179359957575798,23.150991916656494,0.001,3,128,3,1,cuda,2000,True
AlternatingModel,3,outer/12-2_2-0/AuAu200_170kHz_10C_Iter2_3001.xml_TPCMLDataInterface_1.npy,654.6187209776606,22.721758502896183,0.010988577269017696,23.149002075195312,0.001,3,128,3,1,cuda,2000,True
AlternatingModel,4,outer/12-2_3-0/AuAu200_170kHz_10C_Iter2_3001.xml_TPCMLDataInterface_1.npy,542.9155842118474,22.721758502896183,0.010281489230692387,23.146394729614258,0.001,3,128,3,1,cuda,2000,True
AlternatingModel,5,outer/12-2_4-0/AuAu200_170kHz_10C_Iter2_3001.xml_TPCMLDataInterface_1.npy,569.4913638930723,22.721758502896183,0.011149037629365921,23.147764205932617,0.001,3,128,3,1,cuda,2000,True
AlternatingModel,1,outer/12-2_0-0/AuAu200_170kHz_10C_Iter2_3001.xml_TPCMLDataInterface_1.npy,7598.297733904367,22.721758502896183,0.1480134129524231,23.18139672279358,0.001,3,128,3,1,cuda,2000,False
AlternatingModel,2,outer/12-2_1-0/AuAu200_170kHz_10C_Iter2_3001.xml_TPCMLDataInterface_1.npy,30178.308627740127,22.721758502896183,0.5051084756851196,23.181326866149902,0.001,3,128,3,1,cuda,2000,False
AlternatingModel,3,outer/12-2_2-0/AuAu200_170kHz_10C_Iter2_3001.xml_TPCMLDataInterface_1.npy,6202.5567635123825,22.721758502896183,0.09392795711755753,23.182310104370117,0.001,3,128,3,1,cuda,2000,False
AlternatingModel,4,outer/12-2_3-0/AuAu200_170kHz_10C_Iter2_3001.xml_TPCMLDataInterface_1.npy,24804.534313033382,22.721758502896183,0.4316677451133728,23.176635265350342,0.001,3,128,3,1,cuda,2000,False
AlternatingModel,5,outer/12-2_4-0/AuAu200_170kHz_10C_Iter2_3001.xml_TPCMLDataInterface_1.npy,4803.128297042336,22.721758502896183,0.056786131113767624,23.180429220199585,0.001,3,128,3,1,cuda,2000,False
AlternatingModel,1,outer/12-2_0-0/AuAu200_170kHz_10C_Iter2_3001.xml_TPCMLDataInterface_1.npy,1478.7041839231927,15.244594136755884,0.024162646383047104,1.671335220336914,0.001,3,128,4,1,cuda,100,True
AlternatingModel,2,outer/12-2_1-0/AuAu200_170kHz_10C_Iter2_3001.xml_TPCMLDataInterface_1.npy,1766.8661677961848,15.244594136755884,0.026685262098908424,1.671550989151001,0.001,3,128,4,1,cuda,100,True
AlternatingModel,3,outer/12-2_2-0/AuAu200_170kHz_10C_Iter2_3001.xml_TPCMLDataInterface_1.npy,1417.8701407191265,15.244594136755884,0.023927096277475357,1.6710872650146484,0.001,3,128,4,1,cuda,100,True
AlternatingModel,4,outer/12-2_3-0/AuAu200_170kHz_10C_Iter2_3001.xml_TPCMLDataInterface_1.npy,1304.5093381337851,15.244594136755884,0.023556921631097794,1.6712288856506348,0.001,3,128,4,1,cuda,100,True
AlternatingModel,5,outer/12-2_4-0/AuAu200_170kHz_10C_Iter2_3001.xml_TPCMLDataInterface_1.npy,1259.8048574506358,15.244594136755884,0.02363884076476097,1.6708886623382568,0.001,3,128,4,1,cuda,100,True
AlternatingModel,1,outer/12-2_0-0/AuAu200_170kHz_10C_Iter2_3001.xml_TPCMLDataInterface_1.npy,1591.4250818377677,15.244594136755884,0.02666809968650341,1.6738770008087158,0.001,3,128,4,1,cuda,100,False
AlternatingModel,2,outer/12-2_1-0/AuAu200_170kHz_10C_Iter2_3001.xml_TPCMLDataInterface_1.npy,1869.3395849021085,15.244594136755884,0.029257267713546753,1.6733958721160889,0.001,3,128,4,1,cuda,100,False
AlternatingModel,3,outer/12-2_2-0/AuAu200_170kHz_10C_Iter2_3001.xml_TPCMLDataInterface_1.npy,1512.263304520164,15.244594136755884,0.02617902122437954,1.6735165119171143,0.001,3,128,4,1,cuda,100,False
AlternatingModel,4,outer/12-2_3-0/AuAu200_170kHz_10C_Iter2_3001.xml_TPCMLDataInterface_1.npy,1405.8824307647255,15.244594136755884,0.026153335347771645,1.6734182834625244,0.001,3,128,4,1,cuda,100,False
AlternatingModel,5,outer/12-2_4-0/AuAu200_170kHz_10C_Iter2_3001.xml_TPCMLDataInterface_1.npy,1375.0869415160641,15.244594136755884,0.02650783397257328,1.6731445789337158,0.001,3,128,4,1,cuda,100,False
AlternatingModel,1,outer/12-2_0-0/AuAu200_170kHz_10C_Iter2_3001.xml_TPCMLDataInterface_1.npy,943.7228876443273,15.244594136755884,0.014774013310670853,8.341498136520386,0.001,3,128,4,1,cuda,500,True
AlternatingModel,2,outer/12-2_1-0/AuAu200_170kHz_10C_Iter2_3001.xml_TPCMLDataInterface_1.npy,1437.613428976322,15.244594136755884,0.020647723227739334,8.340715646743774,0.001,3,128,4,1,cuda,500,True
AlternatingModel,3,outer/12-2_2-0/AuAu200_170kHz_10C_Iter2_3001.xml_TPCMLDataInterface_1.npy,1035.9890421059238,15.244594136755884,0.016402900218963623,8.34243130683899,0.001,3,128,4,1,cuda,500,True
AlternatingModel,4,outer/12-2_3-0/AuAu200_170kHz_10C_Iter2_3001.xml_TPCMLDataInterface_1.npy,1013.4599347912483,15.244594136755884,0.017250433564186096,8.340638875961304,0.001,3,128,4,1,cuda,500,True
AlternatingModel,5,outer/12-2_4-0/AuAu200_170kHz_10C_Iter2_3001.xml_TPCMLDataInterface_1.npy,904.1793711303548,15.244594136755884,0.01646485924720764,8.341846942901611,0.001,3,128,4,1,cuda,500,True
AlternatingModel,1,outer/12-2_0-0/AuAu200_170kHz_10C_Iter2_3001.xml_TPCMLDataInterface_1.npy,1400.4277905894412,15.244594136755884,0.02323068305850029,8.396223783493042,0.001,3,128,4,1,cuda,500,False
AlternatingModel,2,outer/12-2_1-0/AuAu200_170kHz_10C_Iter2_3001.xml_TPCMLDataInterface_1.npy,1658.1539726614792,15.244594136755884,0.025465723127126694,8.358700513839722,0.001,3,128,4,1,cuda,500,False
AlternatingModel,3,outer/12-2_2-0/AuAu200_170kHz_10C_Iter2_3001.xml_TPCMLDataInterface_1.npy,1407.9376908676372,15.244594136755884,0.023766081780195236,8.358684539794922,0.001,3,128,4,1,cuda,500,False
AlternatingModel,4,outer/12-2_3-0/AuAu200_170kHz_10C_Iter2_3001.xml_TPCMLDataInterface_1.npy,1277.366970486111,15.244594136755884,0.023342065513134003,8.365217208862305,0.001,3,128,4,1,cuda,500,False
AlternatingModel,5,outer/12-2_4-0/AuAu200_170kHz_10C_Iter2_3001.xml_TPCMLDataInterface_1.npy,1259.159513052209,15.244594136755884,0.023921294137835503,8.356961250305176,0.001,3,128,4,1,cuda,500,False
AlternatingModel,1,outer/12-2_0-0/AuAu200_170kHz_10C_Iter2_3001.xml_TPCMLDataInterface_1.npy,649.9569449673695,15.244594136755884,0.010911710560321808,16.678707122802734,0.001,3,128,4,1,cuda,1000,True
AlternatingModel,2,outer/12-2_1-0/AuAu200_170kHz_10C_Iter2_3001.xml_TPCMLDataInterface_1.npy,750.3088081492638,15.244594136755884,0.012389651499688625,16.679439067840576,0.001,3,128,4,1,cuda,1000,True
AlternatingModel,3,outer/12-2_2-0/AuAu200_170kHz_10C_Iter2_3001.xml_TPCMLDataInterface_1.npy,615.758374644411,15.244594136755884,0.010418917052447796,16.683462381362915,0.001,3,128,4,1,cuda,1000,True
AlternatingModel,4,outer/12-2_3-0/AuAu200_170kHz_10C_Iter2_3001.xml_TPCMLDataInterface_1.npy,555.3048979773259,15.244594136755884,0.010547223500907421,16.680065870285034,0.001,3,128,4,1,cuda,1000,True
AlternatingModel,5,outer/12-2_4-0/AuAu200_170kHz_10C_Iter2_3001.xml_TPCMLDataInterface_1.npy,663.8894431894244,15.244594136755884,0.012509186752140522,16.693787813186646,0.001,3,128,4,1,cuda,1000,True
AlternatingModel,1,outer/12-2_0-0/AuAu200_170kHz_10C_Iter2_3001.xml_TPCMLDataInterface_1.npy,1129.674054290077,15.244594136755884,0.01868543215095997,16.713286638259888,0.001,3,128,4,1,cuda,1000,False
AlternatingModel,2,outer/12-2_1-0/AuAu200_170kHz_10C_Iter2_3001.xml_TPCMLDataInterface_1.npy,1428.8741973100737,15.244594136755884,0.022373316809535027,16.71160912513733,0.001,3,128,4,1,cuda,1000,False
AlternatingModel,3,outer/12-2_2-0/AuAu200_170kHz_10C_Iter2_3001.xml_TPCMLDataInterface_1.npy,1246.205618045097,15.244594136755884,0.020959604531526566,16.716561555862427,0.001,3,128,4,1,cuda,1000,False
AlternatingModel,4,outer/12-2_3-0/AuAu200_170kHz_10C_Iter2_3001.xml_TPCMLDataInterface_1.npy,1032.6585744017736,15.244594136755884,0.019073819741606712,16.75535249710083,0.001,3,128,4,1,cuda,1000,False
AlternatingModel,5,outer/12-2_4-0/AuAu200_170kHz_10C_Iter2_3001.xml_TPCMLDataInterface_1.npy,1073.3251064152444,15.244594136755884,0.020382586866617203,16.710015058517456,0.001,3,128,4,1,cuda,1000,False
AlternatingModel,1,outer/12-2_0-0/AuAu200_170kHz_10C_Iter2_3001.xml_TPCMLDataInterface_1.npy,502.7943531940261,15.244594136755884,0.008159550838172436,33.358696699142456,0.001,3,128,4,1,cuda,2000,True
AlternatingModel,2,outer/12-2_1-0/AuAu200_170kHz_10C_Iter2_3001.xml_TPCMLDataInterface_1.npy,558.3778525560575,15.244594136755884,0.00857209600508213,33.35376691818237,0.001,3,128,4,1,cuda,2000,True
AlternatingModel,3,outer/12-2_2-0/AuAu200_170kHz_10C_Iter2_3001.xml_TPCMLDataInterface_1.npy,423.4687735316265,15.244594136755884,0.007273595314472914,33.36127161979675,0.001,3,128,4,1,cuda,2000,True
AlternatingModel,4,outer/12-2_3-0/AuAu200_170kHz_10C_Iter2_3001.xml_TPCMLDataInterface_1.npy,468.90672847640565,15.244594136755884,0.00865125935524702,33.35590720176697,0.001,3,128,4,1,cuda,2000,True
AlternatingModel,5,outer/12-2_4-0/AuAu200_170kHz_10C_Iter2_3001.xml_TPCMLDataInterface_1.npy,346.4991005689424,15.244594136755884,0.006963440217077732,33.35096859931946,0.001,3,128,4,1,cuda,2000,True
AlternatingModel,1,outer/12-2_0-0/AuAu200_170kHz_10C_Iter2_3001.xml_TPCMLDataInterface_1.npy,707.2196428944947,15.244594136755884,0.01086342427879572,33.423468351364136,0.001,3,128,4,1,cuda,2000,False
AlternatingModel,2,outer/12-2_1-0/AuAu200_170kHz_10C_Iter2_3001.xml_TPCMLDataInterface_1.npy,1033.0958247050703,15.244594136755884,0.015642216429114342,33.420713663101196,0.001,3,128,4,1,cuda,2000,False
AlternatingModel,3,outer/12-2_2-0/AuAu200_170kHz_10C_Iter2_3001.xml_TPCMLDataInterface_1.npy,899.1732960487784,15.244594136755884,0.014891975559294224,33.4316771030426,0.001,3,128,4,1,cuda,2000,False
AlternatingModel,4,outer/12-2_3-0/AuAu200_170kHz_10C_Iter2_3001.xml_TPCMLDataInterface_1.npy,857.7464179635208,15.244594136755884,0.01562705636024475,33.42352843284607,0.001,3,128,4,1,cuda,2000,False
AlternatingModel,5,outer/12-2_4-0/AuAu200_170kHz_10C_Iter2_3001.xml_TPCMLDataInterface_1.npy,672.1926442750167,15.244594136755884,0.01275284681469202,33.41937613487244,0.001,3,128,4,1,cuda,2000,False
AlternatingModel,1,outer/12-2_0-0/AuAu200_170kHz_10C_Iter2_3001.xml_TPCMLDataInterface_1.npy,1557.145830718708,5.757182102133744,0.024988051503896713,2.7116525173187256,0.001,3,256,3,1,cuda,100,True
AlternatingModel,2,outer/12-2_1-0/AuAu200_170kHz_10C_Iter2_3001.xml_TPCMLDataInterface_1.npy,1838.6600032944277,5.757182102133744,0.027338413521647453,2.7109782695770264,0.001,3,256,3,1,cuda,100,True
AlternatingModel,3,outer/12-2_2-0/AuAu200_170kHz_10C_Iter2_3001.xml_TPCMLDataInterface_1.npy,1497.5311898636212,5.757182102133744,0.025168979540467262,2.71158504486084,0.001,3,256,3,1,cuda,100,True
AlternatingModel,4,outer/12-2_3-0/AuAu200_170kHz_10C_Iter2_3001.xml_TPCMLDataInterface_1.npy,1349.0667566097725,5.757182102133744,0.024167321622371674,2.711754322052002,0.001,3,256,3,1,cuda,100,True
AlternatingModel,5,outer/12-2_4-0/AuAu200_170kHz_10C_Iter2_3001.xml_TPCMLDataInterface_1.npy,1360.0308329672857,5.757182102133744,0.025366662070155144,2.713689088821411,0.001,3,256,3,1,cuda,100,True
AlternatingModel,1,outer/12-2_0-0/AuAu200_170kHz_10C_Iter2_3001.xml_TPCMLDataInterface_1.npy,18326.30325599272,5.757182102133744,0.5571973919868469,2.7145817279815674,0.001,3,256,3,1,cuda,100,False
AlternatingModel,2,outer/12-2_1-0/AuAu200_170kHz_10C_Iter2_3001.xml_TPCMLDataInterface_1.npy,27009.321559676206,5.757182102133744,0.5304252505302429,2.714310884475708,0.001,3,256,3,1,cuda,100,False
AlternatingModel,3,outer/12-2_2-0/AuAu200_170kHz_10C_Iter2_3001.xml_TPCMLDataInterface_1.npy,27944.48546660601,5.757182102133744,0.529315710067749,2.7139196395874023,0.001,3,256,3,1,cuda,100,False
AlternatingModel,4,outer/12-2_3-0/AuAu200_170kHz_10C_Iter2_3001.xml_TPCMLDataInterface_1.npy,29573.267226457916,5.757182102133744,0.5271551012992859,2.7132294178009033,0.001,3,256,3,1,cuda,100,False
AlternatingModel,5,outer/12-2_4-0/AuAu200_170kHz_10C_Iter2_3001.xml_TPCMLDataInterface_1.npy,25548.611720318775,5.757182102133744,0.5362644195556641,2.713797092437744,0.001,3,256,3,1,cuda,100,False
AlternatingModel,1,outer/12-2_0-0/AuAu200_170kHz_10C_Iter2_3001.xml_TPCMLDataInterface_1.npy,1076.0026577664826,5.757182102133744,0.016993528231978416,13.552915573120117,0.001,3,256,3,1,cuda,500,True
AlternatingModel,2,outer/12-2_1-0/AuAu200_170kHz_10C_Iter2_3001.xml_TPCMLDataInterface_1.npy,1376.0433831680891,5.757182102133744,0.01986287347972393,13.552414655685425,0.001,3,256,3,1,cuda,500,True
AlternatingModel,3,outer/12-2_2-0/AuAu200_170kHz_10C_Iter2_3001.xml_TPCMLDataInterface_1.npy,1183.6069211742804,5.757182102133744,0.018945947289466858,13.554648399353027,0.001,3,256,3,1,cuda,500,True
AlternatingModel,4,outer/12-2_3-0/AuAu200_170kHz_10C_Iter2_3001.xml_TPCMLDataInterface_1.npy,1087.365639641901,5.757182102133744,0.018793050199747086,13.558201789855957,0.001,3,256,3,1,cuda,500,True
AlternatingModel,5,outer/12-2_4-0/AuAu200_170kHz_10C_Iter2_3001.xml_TPCMLDataInterface_1.npy,1028.9788921310242,5.757182102133744,0.018802054226398468,13.550397157669067,0.001,3,256,3,1,cuda,500,True
AlternatingModel,1,outer/12-2_0-0/AuAu200_170kHz_10C_Iter2_3001.xml_TPCMLDataInterface_1.npy,34398.10553934488,5.757182102133744,0.5127473473548889,13.555238723754883,0.001,3,256,3,1,cuda,500,False
AlternatingModel,2,outer/12-2_1-0/AuAu200_170kHz_10C_Iter2_3001.xml_TPCMLDataInterface_1.npy,32790.1544733622,5.757182102133744,0.5512811541557312,13.557082414627075,0.001,3,256,3,1,cuda,500,False
AlternatingModel,3,outer/12-2_2-0/AuAu200_170kHz_10C_Iter2_3001.xml_TPCMLDataInterface_1.npy,29601.67159262048,5.757182102133744,0.5342163443565369,13.559302806854248,0.001,3,256,3,1,cuda,500,False
AlternatingModel,4,outer/12-2_3-0/AuAu200_170kHz_10C_Iter2_3001.xml_TPCMLDataInterface_1.npy,28380.878469607596,5.757182102133744,0.5307382941246033,13.557487964630127,0.001,3,256,3,1,cuda,500,False
AlternatingModel,5,outer/12-2_4-0/AuAu200_170kHz_10C_Iter2_3001.xml_TPCMLDataInterface_1.npy,28824.165165871822,5.757182102133744,0.5299109220504761,13.557142972946167,0.001,3,256,3,1,cuda,500,False
AlternatingModel,1,outer/12-2_0-0/AuAu200_170kHz_10C_Iter2_3001.xml_TPCMLDataInterface_1.npy,797.0408286793005,5.757182102133744,0.013040650635957718,27.100544214248657,0.001,3,256,3,1,cuda,1000,True
AlternatingModel,2,outer/12-2_1-0/AuAu200_170kHz_10C_Iter2_3001.xml_TPCMLDataInterface_1.npy,913.9376228873829,5.757182102133744,0.014479786157608032,27.111883878707886,0.001,3,256,3,1,cuda,1000,True
AlternatingModel,3,outer/12-2_2-0/AuAu200_170kHz_10C_Iter2_3001.xml_TPCMLDataInterface_1.npy,696.5657918130856,5.757182102133744,0.011421049945056438,27.108821868896484,0.001,3,256,3,1,cuda,1000,True
AlternatingModel,4,outer/12-2_3-0/AuAu200_170kHz_10C_Iter2_3001.xml_TPCMLDataInterface_1.npy,634.3859408990127,5.757182102133744,0.011584389954805374,27.11126947402954,0.001,3,256,3,1,cuda,1000,True
AlternatingModel,5,outer/12-2_4-0/AuAu200_170kHz_10C_Iter2_3001.xml_TPCMLDataInterface_1.npy,693.0215092139391,5.757182102133744,0.01326562836766243,27.119924306869507,0.001,3,256,3,1,cuda,1000,True
AlternatingModel,1,outer/12-2_0-0/AuAu200_170kHz_10C_Iter2_3001.xml_TPCMLDataInterface_1.npy,32966.34442457329,5.757182102133744,0.5098291635513306,27.111313343048096,0.001,3,256,3,1,cuda,1000,False
AlternatingModel,2,outer/12-2_1-0/AuAu200_170kHz_10C_Iter2_3001.xml_TPCMLDataInterface_1.npy,28770.066955321287,5.757182102133744,0.5349544882774353,27.111066818237305,0.001,3,256,3,1,cuda,1000,False
AlternatingModel,3,outer/12-2_2-0/AuAu200_170kHz_10C_Iter2_3001.xml_TPCMLDataInterface_1.npy,1449.115554666583,5.757182102133744,0.024376245215535164,27.11362648010254,0.001,3,256,3,1,cuda,1000,False
AlternatingModel,4,outer/12-2_3-0/AuAu200_170kHz_10C_Iter2_3001.xml_TPCMLDataInterface_1.npy,39189.29050969503,5.757182102133744,0.4642631411552429,27.111133098602295,0.001,3,256,3,1,cuda,1000,False
AlternatingModel,5,outer/12-2_4-0/AuAu200_170kHz_10C_Iter2_3001.xml_TPCMLDataInterface_1.npy,3001.1499748995984,5.757182102133744,0.1173599511384964,27.110917329788208,0.001,3,256,3,1,cuda,1000,False
AlternatingModel,1,outer/12-2_0-0/AuAu200_170kHz_10C_Iter2_3001.xml_TPCMLDataInterface_1.npy,457.5409764056225,5.757182102133744,0.007341952994465828,54.22202157974243,0.001,3,256,3,1,cuda,2000,True
AlternatingModel,2,outer/12-2_1-0/AuAu200_170kHz_10C_Iter2_3001.xml_TPCMLDataInterface_1.npy,567.6733744875335,5.757182102133744,0.00937149953097105,54.21836304664612,0.001,3,256,3,1,cuda,2000,True
AlternatingModel,3,outer/12-2_2-0/AuAu200_170kHz_10C_Iter2_3001.xml_TPCMLDataInterface_1.npy,469.94662373452144,5.757182102133744,0.007862083613872528,54.228344678878784,0.001,3,256,3,1,cuda,2000,True
AlternatingModel,4,outer/12-2_3-0/AuAu200_170kHz_10C_Iter2_3001.xml_TPCMLDataInterface_1.npy,442.19236320281124,5.757182102133744,0.008233193308115005,54.21435761451721,0.001,3,256,3,1,cuda,2000,True
AlternatingModel,5,outer/12-2_4-0/AuAu200_170kHz_10C_Iter2_3001.xml_TPCMLDataInterface_1.npy,425.84922633241297,5.757182102133744,0.008206496015191078,54.2229688167572,0.001,3,256,3,1,cuda,2000,True
AlternatingModel,1,outer/12-2_0-0/AuAu200_170kHz_10C_Iter2_3001.xml_TPCMLDataInterface_1.npy,1199.302483370984,5.757182102133744,0.01911594532430172,54.22354030609131,0.001,3,256,3,1,cuda,2000,False
AlternatingModel,2,outer/12-2_1-0/AuAu200_170kHz_10C_Iter2_3001.xml_TPCMLDataInterface_1.npy,1543.9516634245315,5.757182102133744,0.02291725017130375,54.227927446365356,0.001,3,256,3,1,cuda,2000,False
AlternatingModel,3,outer/12-2_2-0/AuAu200_170kHz_10C_Iter2_3001.xml_TPCMLDataInterface_1.npy,1111.011618086931,5.757182102133744,0.018326645717024803,54.23118782043457,0.001,3,256,3,1,cuda,2000,False
AlternatingModel,4,outer/12-2_3-0/AuAu200_170kHz_10C_Iter2_3001.xml_TPCMLDataInterface_1.npy,1005.6754740315429,5.757182102133744,0.017536139115691185,54.24154782295227,0.001,3,256,3,1,cuda,2000,False
AlternatingModel,5,outer/12-2_4-0/AuAu200_170kHz_10C_Iter2_3001.xml_TPCMLDataInterface_1.npy,1009.8778813169343,5.757182102133744,0.01859414204955101,54.23148560523987,0.001,3,256,3,1,cuda,2000,False
AlternatingModel,1,outer/12-2_0-0/AuAu200_170kHz_10C_Iter2_3001.xml_TPCMLDataInterface_1.npy,1519.7988568858768,3.8504960811851583,0.024614030495285988,3.957324504852295,0.001,3,256,4,1,cuda,100,True
AlternatingModel,2,outer/12-2_1-0/AuAu200_170kHz_10C_Iter2_3001.xml_TPCMLDataInterface_1.npy,1691.2790092662317,3.8504960811851583,0.025593167170882225,3.9591622352600098,0.001,3,256,4,1,cuda,100,True
AlternatingModel,3,outer/12-2_2-0/AuAu200_170kHz_10C_Iter2_3001.xml_TPCMLDataInterface_1.npy,1397.1245881965363,3.8504960811851583,0.02370852790772915,3.9566009044647217,0.001,3,256,4,1,cuda,100,True
AlternatingModel,4,outer/12-2_3-0/AuAu200_170kHz_10C_Iter2_3001.xml_TPCMLDataInterface_1.npy,1431.963248828648,3.8504960811851583,0.027934404090046883,3.958582878112793,0.001,3,256,4,1,cuda,100,True
AlternatingModel,5,outer/12-2_4-0/AuAu200_170kHz_10C_Iter2_3001.xml_TPCMLDataInterface_1.npy,1220.2083398698962,3.8504960811851583,0.022493096068501472,3.961076021194458,0.001,3,256,4,1,cuda,100,True
AlternatingModel,1,outer/12-2_0-0/AuAu200_170kHz_10C_Iter2_3001.xml_TPCMLDataInterface_1.npy,1556.2484822100903,3.8504960811851583,0.02564714476466179,3.961254358291626,0.001,3,256,4,1,cuda,100,False
AlternatingModel,2,outer/12-2_1-0/AuAu200_170kHz_10C_Iter2_3001.xml_TPCMLDataInterface_1.npy,1803.0784191453313,3.8504960811851583,0.027991993352770805,3.965271234512329,0.001,3,256,4,1,cuda,100,False
AlternatingModel,3,outer/12-2_2-0/AuAu200_170kHz_10C_Iter2_3001.xml_TPCMLDataInterface_1.npy,1468.5373865252677,3.8504960811851583,0.025123760104179382,3.9612655639648438,0.001,3,256,4,1,cuda,100,False
AlternatingModel,4,outer/12-2_3-0/AuAu200_170kHz_10C_Iter2_3001.xml_TPCMLDataInterface_1.npy,1381.0308996402275,3.8504960811851583,0.025632906705141068,3.961881160736084,0.001,3,256,4,1,cuda,100,False
AlternatingModel,5,outer/12-2_4-0/AuAu200_170kHz_10C_Iter2_3001.xml_TPCMLDataInterface_1.npy,1287.6596084860275,3.8504960811851583,0.024434445425868034,3.9632349014282227,0.001,3,256,4,1,cuda,100,False
AlternatingModel,1,outer/12-2_0-0/AuAu200_170kHz_10C_Iter2_3001.xml_TPCMLDataInterface_1.npy,1059.6030240754685,3.8504960811851583,0.016092751175165176,19.78899049758911,0.001,3,256,4,1,cuda,500,True
AlternatingModel,2,outer/12-2_1-0/AuAu200_170kHz_10C_Iter2_3001.xml_TPCMLDataInterface_1.npy,962.2493960215863,3.8504960811851583,0.014966489747166634,19.796025037765503,0.001,3,256,4,1,cuda,500,True
AlternatingModel,3,outer/12-2_2-0/AuAu200_170kHz_10C_Iter2_3001.xml_TPCMLDataInterface_1.npy,1007.5599546623996,3.8504960811851583,0.015884140506386757,19.79029607772827,0.001,3,256,4,1,cuda,500,True
AlternatingModel,4,outer/12-2_3-0/AuAu200_170kHz_10C_Iter2_3001.xml_TPCMLDataInterface_1.npy,935.3975851321954,3.8504960811851583,0.0158004779368639,19.795324087142944,0.001,3,256,4,1,cuda,500,True
AlternatingModel,5,outer/12-2_4-0/AuAu200_170kHz_10C_Iter2_3001.xml_TPCMLDataInterface_1.npy,902.5252834253681,3.8504960811851583,0.016213588416576385,19.800579071044922,0.001,3,256,4,1,cuda,500,True
AlternatingModel,1,outer/12-2_0-0/AuAu200_170kHz_10C_Iter2_3001.xml_TPCMLDataInterface_1.npy,1001.8707002489123,3.8504960811851583,0.01572776585817337,19.83243417739868,0.001,3,256,4,1,cuda,500,False
AlternatingModel,2,outer/12-2_1-0/AuAu200_170kHz_10C_Iter2_3001.xml_TPCMLDataInterface_1.npy,1739.1780899640228,3.8504960811851583,0.02716895379126072,19.80322766304016,0.001,3,256,4,1,cuda,500,False
AlternatingModel,3,outer/12-2_2-0/AuAu200_170kHz_10C_Iter2_3001.xml_TPCMLDataInterface_1.npy,825.6137375020917,3.8504960811851583,0.01359652355313301,19.8090398311615,0.001,3,256,4,1,cuda,500,False
AlternatingModel,4,outer/12-2_3-0/AuAu200_170kHz_10C_Iter2_3001.xml_TPCMLDataInterface_1.npy,1087.9146194151606,3.8504960811851583,0.019970372319221497,19.802344799041748,0.001,3,256,4,1,cuda,500,False
AlternatingModel,5,outer/12-2_4-0/AuAu200_170kHz_10C_Iter2_3001.xml_TPCMLDataInterface_1.npy,907.601983454652,3.8504960811851583,0.017303835600614548,19.801203966140747,0.001,3,256,4,1,cuda,500,False
AlternatingModel,1,outer/12-2_0-0/AuAu200_170kHz_10C_Iter2_3001.xml_TPCMLDataInterface_1.npy,592.6791384287149,3.8504960811851583,0.009566080756485462,39.592061042785645,0.001,3,256,4,1,cuda,1000,True
AlternatingModel,2,outer/12-2_1-0/AuAu200_170kHz_10C_Iter2_3001.xml_TPCMLDataInterface_1.npy,523.9889414428548,3.8504960811851583,0.008510778658092022,39.58848524093628,0.001,3,256,4,1,cuda,1000,True
AlternatingModel,3,outer/12-2_2-0/AuAu200_170kHz_10C_Iter2_3001.xml_TPCMLDataInterface_1.npy,539.0211444737282,3.8504960811851583,0.008840004913508892,39.59218168258667,0.001,3,256,4,1,cuda,1000,True
AlternatingModel,4,outer/12-2_3-0/AuAu200_170kHz_10C_Iter2_3001.xml_TPCMLDataInterface_1.npy,450.89131787566936,3.8504960811851583,0.0079756248742342,39.60079503059387,0.001,3,256,4,1,cuda,1000,True
AlternatingModel,5,outer/12-2_4-0/AuAu200_170kHz_10C_Iter2_3001.xml_TPCMLDataInterface_1.npy,403.6258249142403,3.8504960811851583,0.007703049574047327,39.60040020942688,0.001,3,256,4,1,cuda,1000,True
AlternatingModel,1,outer/12-2_0-0/AuAu200_170kHz_10C_Iter2_3001.xml_TPCMLDataInterface_1.npy,1026.896119634789,3.8504960811851583,0.016646789386868477,39.608500242233276,0.001,3,256,4,1,cuda,1000,False
AlternatingModel,2,outer/12-2_1-0/AuAu200_170kHz_10C_Iter2_3001.xml_TPCMLDataInterface_1.npy,1472.0107931726907,3.8504960811851583,0.022112442180514336,39.60448503494263,0.001,3,256,4,1,cuda,1000,False
AlternatingModel,3,outer/12-2_2-0/AuAu200_170kHz_10C_Iter2_3001.xml_TPCMLDataInterface_1.npy,1177.1530144013554,3.8504960811851583,0.019763067364692688,39.605117082595825,0.001,3,256,4,1,cuda,1000,False
AlternatingModel,4,outer/12-2_3-0/AuAu200_170kHz_10C_Iter2_3001.xml_TPCMLDataInterface_1.npy,972.4315608789324,3.8504960811851583,0.017791928723454475,39.60683512687683,0.001,3,256,4,1,cuda,1000,False
AlternatingModel,5,outer/12-2_4-0/AuAu200_170kHz_10C_Iter2_3001.xml_TPCMLDataInterface_1.npy,964.0509041373829,3.8504960811851583,0.01820116490125656,39.60519242286682,0.001,3,256,4,1,cuda,1000,False
AlternatingModel,1,outer/12-2_0-0/AuAu200_170kHz_10C_Iter2_3001.xml_TPCMLDataInterface_1.npy,262.1092311956158,3.8504960811851583,0.004822136834263802,79.1879780292511,0.001,3,256,4,1,cuda,2000,True
AlternatingModel,2,outer/12-2_1-0/AuAu200_170kHz_10C_Iter2_3001.xml_TPCMLDataInterface_1.npy,273.88350668298193,3.8504960811851583,0.005051781423389912,79.18619227409363,0.001,3,256,4,1,cuda,2000,True
AlternatingModel,3,outer/12-2_2-0/AuAu200_170kHz_10C_Iter2_3001.xml_TPCMLDataInterface_1.npy,236.36602006986277,3.8504960811851583,0.0047216154634952545,79.18034148216248,0.001,3,256,4,1,cuda,2000,True
AlternatingModel,4,outer/12-2_3-0/AuAu200_170kHz_10C_Iter2_3001.xml_TPCMLDataInterface_1.npy,248.05936375711178,3.8504960811851583,0.004901391454041004,79.18517136573792,0.001,3,256,4,1,cuda,2000,True
AlternatingModel,5,outer/12-2_4-0/AuAu200_170kHz_10C_Iter2_3001.xml_TPCMLDataInterface_1.npy,207.3816921331158,3.8504960811851583,0.004288645926862955,79.18581438064575,0.001,3,256,4,1,cuda,2000,True
AlternatingModel,1,outer/12-2_0-0/AuAu200_170kHz_10C_Iter2_3001.xml_TPCMLDataInterface_1.npy,727.1387293967537,3.8504960811851583,0.011370889842510223,79.1951973438263,0.001,3,256,4,1,cuda,2000,False
AlternatingModel,2,outer/12-2_1-0/AuAu200_170kHz_10C_Iter2_3001.xml_TPCMLDataInterface_1.npy,1007.5253579421855,3.8504960811851583,0.01507099810987711,79.21412372589111,0.001,3,256,4,1,cuda,2000,False
AlternatingModel,3,outer/12-2_2-0/AuAu200_170kHz_10C_Iter2_3001.xml_TPCMLDataInterface_1.npy,885.4068317540997,3.8504960811851583,0.014443702064454556,79.19277596473694,0.001,3,256,4,1,cuda,2000,False
AlternatingModel,4,outer/12-2_3-0/AuAu200_170kHz_10C_Iter2_3001.xml_TPCMLDataInterface_1.npy,665.5622738349231,3.8504960811851583,0.011766726151108742,79.2484803199768,0.001,3,256,4,1,cuda,2000,False
AlternatingModel,5,outer/12-2_4-0/AuAu200_170kHz_10C_Iter2_3001.xml_TPCMLDataInterface_1.npy,611.4778305932061,3.8504960811851583,0.011225971393287182,79.19758415222168,0.001,3,256,4,1,cuda,2000,False
