model,data_sample,file_name,original_mse,compression_ratio,transformed_mse,training_time,lr,in_features,hidden_features,hidden_layers,out_features,device,max_iters,zero_fraction,refresh_interval,outermost_linear,first_omega_zero,hidden_omega_zero
SIREN,1,outer/12-2_0-0/AuAu200_170kHz_10C_Iter2_3001.xml_TPCMLDataInterface_1.npy,635.0880043611947,22.721758502896183,0.0174550898373127,2.6052372455596924,0.001,3,128,3,1,cuda,1000,0.1,1,True,100,45
SIREN,2,outer/12-2_1-0/AuAu200_170kHz_10C_Iter2_3001.xml_TPCMLDataInterface_1.npy,819.3476104940596,22.721758502896183,0.021617557853460312,2.756666660308838,0.001,3,128,3,1,cuda,1000,0.1,1,True,100,45
SIREN,3,outer/12-2_2-0/AuAu200_170kHz_10C_Iter2_3001.xml_TPCMLDataInterface_1.npy,685.5863767570281,22.721758502896183,0.01911265216767788,2.5553767681121826,0.001,3,128,3,1,cuda,1000,0.1,1,True,100,45
SIREN,4,outer/12-2_3-0/AuAu200_170kHz_10C_Iter2_3001.xml_TPCMLDataInterface_1.npy,690.2214391419847,22.721758502896183,0.01940966211259365,2.585360050201416,0.001,3,128,3,1,cuda,1000,0.1,1,True,100,45
SIREN,5,outer/12-2_4-0/AuAu200_170kHz_10C_Iter2_3001.xml_TPCMLDataInterface_1.npy,685.0694091470046,22.721758502896183,0.01926404796540737,2.6159913539886475,0.001,3,128,3,1,cuda,1000,0.1,1,True,100,45
SIREN,6,outer/12-2_5-0/AuAu200_170kHz_10C_Iter2_3001.xml_TPCMLDataInterface_1.npy,845.4314209964859,22.721758502896183,0.022324612364172935,2.8263022899627686,0.001,3,128,3,1,cuda,1000,0.1,1,True,100,45
SIREN,7,outer/12-2_6-0/AuAu200_170kHz_10C_Iter2_3001.xml_TPCMLDataInterface_1.npy,684.0903640604083,22.721758502896183,0.01888149045407772,2.704113006591797,0.001,3,128,3,1,cuda,1000,0.1,1,True,100,45
SIREN,8,outer/12-2_7-0/AuAu200_170kHz_10C_Iter2_3001.xml_TPCMLDataInterface_1.npy,858.3836700970548,22.721758502896183,0.023110773414373398,2.7768023014068604,0.001,3,128,3,1,cuda,1000,0.1,1,True,100,45
SIREN,9,outer/12-2_8-0/AuAu200_170kHz_10C_Iter2_3001.xml_TPCMLDataInterface_1.npy,763.2586191118642,22.721758502896183,0.02030569314956665,2.6787116527557373,0.001,3,128,3,1,cuda,1000,0.1,1,True,100,45
SIREN,10,outer/12-2_9-0/AuAu200_170kHz_10C_Iter2_3001.xml_TPCMLDataInterface_1.npy,922.4284115629183,22.721758502896183,0.02420898713171482,2.9572057723999023,0.001,3,128,3,1,cuda,1000,0.1,1,True,100,45
SIREN,11,outer/12-2_10-0/AuAu200_170kHz_10C_Iter2_3001.xml_TPCMLDataInterface_1.npy,768.2923059425201,22.721758502896183,0.020857403054833412,2.8772311210632324,0.001,3,128,3,1,cuda,1000,0.1,1,True,100,45
SIREN,12,outer/12-2_11-0/AuAu200_170kHz_10C_Iter2_3001.xml_TPCMLDataInterface_1.npy,686.9017842202142,22.721758502896183,0.01801103726029396,2.511154890060425,0.001,3,128,3,1,cuda,1000,0.1,1,True,100,45
SIREN,13,outer/12-2_0-1/AuAu200_170kHz_10C_Iter2_3001.xml_TPCMLDataInterface_1.npy,708.3965968038822,22.721758502896183,0.02026321180164814,2.7274208068847656,0.001,3,128,3,1,cuda,1000,0.1,1,True,100,45
SIREN,14,outer/12-2_1-1/AuAu200_170kHz_10C_Iter2_3001.xml_TPCMLDataInterface_1.npy,738.7689965591533,22.721758502896183,0.01961144059896469,2.701716184616089,0.001,3,128,3,1,cuda,1000,0.1,1,True,100,45
SIREN,15,outer/12-2_2-1/AuAu200_170kHz_10C_Iter2_3001.xml_TPCMLDataInterface_1.npy,702.3670580760543,22.721758502896183,0.01960431970655918,2.617893695831299,0.001,3,128,3,1,cuda,1000,0.1,1,True,100,45
SIREN,16,outer/12-2_3-1/AuAu200_170kHz_10C_Iter2_3001.xml_TPCMLDataInterface_1.npy,694.1873993369311,22.721758502896183,0.019024616107344627,2.6117734909057617,0.001,3,128,3,1,cuda,1000,0.1,1,True,100,45
SIREN,17,outer/12-2_4-1/AuAu200_170kHz_10C_Iter2_3001.xml_TPCMLDataInterface_1.npy,712.1698538947456,22.721758502896183,0.019857237115502357,2.563086986541748,0.001,3,128,3,1,cuda,1000,0.1,1,True,100,45
SIREN,18,outer/12-2_5-1/AuAu200_170kHz_10C_Iter2_3001.xml_TPCMLDataInterface_1.npy,677.830671644913,22.721758502896183,0.019150199368596077,2.73555064201355,0.001,3,128,3,1,cuda,1000,0.1,1,True,100,45
SIREN,19,outer/12-2_6-1/AuAu200_170kHz_10C_Iter2_3001.xml_TPCMLDataInterface_1.npy,752.0441178777611,22.721758502896183,0.02104998752474785,2.7708423137664795,0.001,3,128,3,1,cuda,1000,0.1,1,True,100,45
SIREN,20,outer/12-2_7-1/AuAu200_170kHz_10C_Iter2_3001.xml_TPCMLDataInterface_1.npy,742.3461188504016,22.721758502896183,0.02063867636024952,2.7929277420043945,0.001,3,128,3,1,cuda,1000,0.1,1,True,100,45
SIREN,1,outer/12-2_0-0/AuAu200_170kHz_10C_Iter2_3001.xml_TPCMLDataInterface_1.npy,382.9763180325468,22.721758502896183,0.009864171035587788,3.5615715980529785,0.001,3,128,3,1,cuda,1000,0.2,1,True,100,45
SIREN,2,outer/12-2_1-0/AuAu200_170kHz_10C_Iter2_3001.xml_TPCMLDataInterface_1.npy,479.9343075426707,22.721758502896183,0.01159761007875204,3.6758053302764893,0.001,3,128,3,1,cuda,1000,0.2,1,True,100,45
SIREN,3,outer/12-2_2-0/AuAu200_170kHz_10C_Iter2_3001.xml_TPCMLDataInterface_1.npy,432.92445824966535,22.721758502896183,0.011226791888475418,3.5135726928710938,0.001,3,128,3,1,cuda,1000,0.2,1,True,100,45
SIREN,4,outer/12-2_3-0/AuAu200_170kHz_10C_Iter2_3001.xml_TPCMLDataInterface_1.npy,363.3885450656794,22.721758502896183,0.009889592416584492,3.5342912673950195,0.001,3,128,3,1,cuda,1000,0.2,1,True,100,45
SIREN,5,outer/12-2_4-0/AuAu200_170kHz_10C_Iter2_3001.xml_TPCMLDataInterface_1.npy,398.74815276731925,22.721758502896183,0.010452144779264927,3.577991247177124,0.001,3,128,3,1,cuda,1000,0.2,1,True,100,45
SIREN,6,outer/12-2_5-0/AuAu200_170kHz_10C_Iter2_3001.xml_TPCMLDataInterface_1.npy,507.868851708919,22.721758502896183,0.012855799868702888,3.7120139598846436,0.001,3,128,3,1,cuda,1000,0.2,1,True,100,45
SIREN,7,outer/12-2_6-0/AuAu200_170kHz_10C_Iter2_3001.xml_TPCMLDataInterface_1.npy,410.3545261776272,22.721758502896183,0.01056042779237032,3.600877046585083,0.001,3,128,3,1,cuda,1000,0.2,1,True,100,45
SIREN,8,outer/12-2_7-0/AuAu200_170kHz_10C_Iter2_3001.xml_TPCMLDataInterface_1.npy,478.7512916248327,22.721758502896183,0.012287832796573639,3.7267966270446777,0.001,3,128,3,1,cuda,1000,0.2,1,True,100,45
SIREN,9,outer/12-2_8-0/AuAu200_170kHz_10C_Iter2_3001.xml_TPCMLDataInterface_1.npy,461.72767763763386,22.721758502896183,0.01114162988960743,3.567474842071533,0.001,3,128,3,1,cuda,1000,0.2,1,True,100,45
SIREN,10,outer/12-2_9-0/AuAu200_170kHz_10C_Iter2_3001.xml_TPCMLDataInterface_1.npy,586.4084933483936,22.721758502896183,0.014126109890639782,3.8226206302642822,0.001,3,128,3,1,cuda,1000,0.2,1,True,100,45
SIREN,11,outer/12-2_10-0/AuAu200_170kHz_10C_Iter2_3001.xml_TPCMLDataInterface_1.npy,462.98614117930055,22.721758502896183,0.011760767549276352,3.7592265605926514,0.001,3,128,3,1,cuda,1000,0.2,1,True,100,45
SIREN,12,outer/12-2_11-0/AuAu200_170kHz_10C_Iter2_3001.xml_TPCMLDataInterface_1.npy,391.5963175619143,22.721758502896183,0.009260287508368492,3.530400037765503,0.001,3,128,3,1,cuda,1000,0.2,1,True,100,45
SIREN,13,outer/12-2_0-1/AuAu200_170kHz_10C_Iter2_3001.xml_TPCMLDataInterface_1.npy,376.99246987951807,22.721758502896183,0.010420404374599457,3.6414878368377686,0.001,3,128,3,1,cuda,1000,0.2,1,True,100,45
SIREN,14,outer/12-2_1-1/AuAu200_170kHz_10C_Iter2_3001.xml_TPCMLDataInterface_1.npy,502.78977759998327,22.721758502896183,0.012093568220734596,3.5750155448913574,0.001,3,128,3,1,cuda,1000,0.2,1,True,100,45
SIREN,15,outer/12-2_2-1/AuAu200_170kHz_10C_Iter2_3001.xml_TPCMLDataInterface_1.npy,408.0076987638052,22.721758502896183,0.010592633858323097,3.586216926574707,0.001,3,128,3,1,cuda,1000,0.2,1,True,100,45
SIREN,16,outer/12-2_3-1/AuAu200_170kHz_10C_Iter2_3001.xml_TPCMLDataInterface_1.npy,407.2281874895415,22.721758502896183,0.009858574718236923,3.5416600704193115,0.001,3,128,3,1,cuda,1000,0.2,1,True,100,45
SIREN,17,outer/12-2_4-1/AuAu200_170kHz_10C_Iter2_3001.xml_TPCMLDataInterface_1.npy,359.9863176664993,22.721758502896183,0.009361326694488525,3.523670196533203,0.001,3,128,3,1,cuda,1000,0.2,1,True,100,45
SIREN,18,outer/12-2_5-1/AuAu200_170kHz_10C_Iter2_3001.xml_TPCMLDataInterface_1.npy,414.476961230338,22.721758502896183,0.010683470405638218,3.575418710708618,0.001,3,128,3,1,cuda,1000,0.2,1,True,100,45
SIREN,19,outer/12-2_6-1/AuAu200_170kHz_10C_Iter2_3001.xml_TPCMLDataInterface_1.npy,420.7711510102912,22.721758502896183,0.010973459109663963,3.5774996280670166,0.001,3,128,3,1,cuda,1000,0.2,1,True,100,45
SIREN,20,outer/12-2_7-1/AuAu200_170kHz_10C_Iter2_3001.xml_TPCMLDataInterface_1.npy,406.43011499121485,22.721758502896183,0.010638733394443989,3.5778000354766846,0.001,3,128,3,1,cuda,1000,0.2,1,True,100,45
SIREN,1,outer/12-2_0-0/AuAu200_170kHz_10C_Iter2_3001.xml_TPCMLDataInterface_1.npy,336.9161973414491,22.721758502896183,0.007648116908967495,4.448577642440796,0.001,3,128,3,1,cuda,1000,0.3,1,True,100,45
SIREN,2,outer/12-2_1-0/AuAu200_170kHz_10C_Iter2_3001.xml_TPCMLDataInterface_1.npy,385.9799432103414,22.721758502896183,0.008333131670951843,4.51798939704895,0.001,3,128,3,1,cuda,1000,0.3,1,True,100,45
SIREN,3,outer/12-2_2-0/AuAu200_170kHz_10C_Iter2_3001.xml_TPCMLDataInterface_1.npy,287.6131923527443,22.721758502896183,0.006501592230051756,4.434282064437866,0.001,3,128,3,1,cuda,1000,0.3,1,True,100,45
SIREN,4,outer/12-2_3-0/AuAu200_170kHz_10C_Iter2_3001.xml_TPCMLDataInterface_1.npy,286.7258421707664,22.721758502896183,0.006611775606870651,4.420219659805298,0.001,3,128,3,1,cuda,1000,0.3,1,True,100,45
SIREN,5,outer/12-2_4-0/AuAu200_170kHz_10C_Iter2_3001.xml_TPCMLDataInterface_1.npy,306.69285083040495,22.721758502896183,0.007453584112226963,4.459709167480469,0.001,3,128,3,1,cuda,1000,0.3,1,True,100,45
SIREN,6,outer/12-2_5-0/AuAu200_170kHz_10C_Iter2_3001.xml_TPCMLDataInterface_1.npy,409.95161505396584,22.721758502896183,0.009133707731962204,4.556685209274292,0.001,3,128,3,1,cuda,1000,0.3,1,True,100,45
SIREN,7,outer/12-2_6-0/AuAu200_170kHz_10C_Iter2_3001.xml_TPCMLDataInterface_1.npy,350.43432061579654,22.721758502896183,0.007570809684693813,4.473994255065918,0.001,3,128,3,1,cuda,1000,0.3,1,True,100,45
SIREN,8,outer/12-2_7-0/AuAu200_170kHz_10C_Iter2_3001.xml_TPCMLDataInterface_1.npy,381.96943241716866,22.721758502896183,0.008819326758384705,4.527044296264648,0.001,3,128,3,1,cuda,1000,0.3,1,True,100,45
SIREN,9,outer/12-2_8-0/AuAu200_170kHz_10C_Iter2_3001.xml_TPCMLDataInterface_1.npy,352.2612899514726,22.721758502896183,0.007457346189767122,4.484796047210693,0.001,3,128,3,1,cuda,1000,0.3,1,True,100,45
SIREN,10,outer/12-2_9-0/AuAu200_170kHz_10C_Iter2_3001.xml_TPCMLDataInterface_1.npy,504.1185405685241,22.721758502896183,0.010777996852993965,4.641273260116577,0.001,3,128,3,1,cuda,1000,0.3,1,True,100,45
SIREN,11,outer/12-2_10-0/AuAu200_170kHz_10C_Iter2_3001.xml_TPCMLDataInterface_1.npy,399.163390541332,22.721758502896183,0.009100393392145634,4.5887322425842285,0.001,3,128,3,1,cuda,1000,0.3,1,True,100,45
SIREN,12,outer/12-2_11-0/AuAu200_170kHz_10C_Iter2_3001.xml_TPCMLDataInterface_1.npy,320.06798025435074,22.721758502896183,0.006742552854120731,4.381763696670532,0.001,3,128,3,1,cuda,1000,0.3,1,True,100,45
SIREN,13,outer/12-2_0-1/AuAu200_170kHz_10C_Iter2_3001.xml_TPCMLDataInterface_1.npy,312.4408767884036,22.721758502896183,0.007838806137442589,4.5019307136535645,0.001,3,128,3,1,cuda,1000,0.3,1,True,100,45
SIREN,14,outer/12-2_1-1/AuAu200_170kHz_10C_Iter2_3001.xml_TPCMLDataInterface_1.npy,368.69697409429386,22.721758502896183,0.007847161963582039,4.491823434829712,0.001,3,128,3,1,cuda,1000,0.3,1,True,100,45
SIREN,15,outer/12-2_2-1/AuAu200_170kHz_10C_Iter2_3001.xml_TPCMLDataInterface_1.npy,342.6239502279953,22.721758502896183,0.007887979038059711,4.458513259887695,0.001,3,128,3,1,cuda,1000,0.3,1,True,100,45
SIREN,16,outer/12-2_3-1/AuAu200_170kHz_10C_Iter2_3001.xml_TPCMLDataInterface_1.npy,327.9583581722724,22.721758502896183,0.007106191944330931,4.440924406051636,0.001,3,128,3,1,cuda,1000,0.3,1,True,100,45
SIREN,17,outer/12-2_4-1/AuAu200_170kHz_10C_Iter2_3001.xml_TPCMLDataInterface_1.npy,303.0812690867637,22.721758502896183,0.006998470053076744,4.405682325363159,0.001,3,128,3,1,cuda,1000,0.3,1,True,100,45
SIREN,18,outer/12-2_5-1/AuAu200_170kHz_10C_Iter2_3001.xml_TPCMLDataInterface_1.npy,317.665054750251,22.721758502896183,0.007067814469337463,4.465980529785156,0.001,3,128,3,1,cuda,1000,0.3,1,True,100,45
SIREN,19,outer/12-2_6-1/AuAu200_170kHz_10C_Iter2_3001.xml_TPCMLDataInterface_1.npy,373.9040314905455,22.721758502896183,0.00882897898554802,4.488512992858887,0.001,3,128,3,1,cuda,1000,0.3,1,True,100,45
SIREN,20,outer/12-2_7-1/AuAu200_170kHz_10C_Iter2_3001.xml_TPCMLDataInterface_1.npy,361.32989771586347,22.721758502896183,0.008389395661652088,4.486238479614258,0.001,3,128,3,1,cuda,1000,0.3,1,True,100,45
SIREN,1,outer/12-2_0-0/AuAu200_170kHz_10C_Iter2_3001.xml_TPCMLDataInterface_1.npy,278.7570830195783,22.721758502896183,0.005380550865083933,5.2631995677948,0.001,3,128,3,1,cuda,1000,0.4,1,True,100,45
SIREN,2,outer/12-2_1-0/AuAu200_170kHz_10C_Iter2_3001.xml_TPCMLDataInterface_1.npy,358.27148960425035,22.721758502896183,0.007098387461155653,5.322632789611816,0.001,3,128,3,1,cuda,1000,0.4,1,True,100,45
SIREN,3,outer/12-2_2-0/AuAu200_170kHz_10C_Iter2_3001.xml_TPCMLDataInterface_1.npy,327.57638104501336,22.721758502896183,0.0074945054948329926,5.236050128936768,0.001,3,128,3,1,cuda,1000,0.4,1,True,100,45
SIREN,4,outer/12-2_3-0/AuAu200_170kHz_10C_Iter2_3001.xml_TPCMLDataInterface_1.npy,293.920835686496,22.721758502896183,0.006839566398411989,5.234565496444702,0.001,3,128,3,1,cuda,1000,0.4,1,True,100,45
SIREN,5,outer/12-2_4-0/AuAu200_170kHz_10C_Iter2_3001.xml_TPCMLDataInterface_1.npy,280.3358669051205,22.721758502896183,0.006008399650454521,5.297800779342651,0.001,3,128,3,1,cuda,1000,0.4,1,True,100,45
SIREN,6,outer/12-2_5-0/AuAu200_170kHz_10C_Iter2_3001.xml_TPCMLDataInterface_1.npy,378.98504957329317,22.721758502896183,0.007453193888068199,5.388418197631836,0.001,3,128,3,1,cuda,1000,0.4,1,True,100,45
SIREN,7,outer/12-2_6-0/AuAu200_170kHz_10C_Iter2_3001.xml_TPCMLDataInterface_1.npy,289.99024614081327,22.721758502896183,0.005629552062600851,5.283311605453491,0.001,3,128,3,1,cuda,1000,0.4,1,True,100,45
SIREN,8,outer/12-2_7-0/AuAu200_170kHz_10C_Iter2_3001.xml_TPCMLDataInterface_1.npy,356.0868317018072,22.721758502896183,0.007253571879118681,5.3476996421813965,0.001,3,128,3,1,cuda,1000,0.4,1,True,100,45
SIREN,9,outer/12-2_8-0/AuAu200_170kHz_10C_Iter2_3001.xml_TPCMLDataInterface_1.npy,327.71768192561916,22.721758502896183,0.006350359413772821,5.2979817390441895,0.001,3,128,3,1,cuda,1000,0.4,1,True,100,45
SIREN,10,outer/12-2_9-0/AuAu200_170kHz_10C_Iter2_3001.xml_TPCMLDataInterface_1.npy,420.47615723309906,22.721758502896183,0.008245299570262432,5.427783489227295,0.001,3,128,3,1,cuda,1000,0.4,1,True,100,45
SIREN,11,outer/12-2_10-0/AuAu200_170kHz_10C_Iter2_3001.xml_TPCMLDataInterface_1.npy,342.05144928673025,22.721758502896183,0.007119532208889723,5.379916191101074,0.001,3,128,3,1,cuda,1000,0.4,1,True,100,45
SIREN,12,outer/12-2_11-0/AuAu200_170kHz_10C_Iter2_3001.xml_TPCMLDataInterface_1.npy,328.2433170180723,22.721758502896183,0.00613651517778635,5.206289768218994,0.001,3,128,3,1,cuda,1000,0.4,1,True,100,45
SIREN,13,outer/12-2_0-1/AuAu200_170kHz_10C_Iter2_3001.xml_TPCMLDataInterface_1.npy,271.2287849313922,22.721758502896183,0.006689819041639566,5.32182502746582,0.001,3,128,3,1,cuda,1000,0.4,1,True,100,45
SIREN,14,outer/12-2_1-1/AuAu200_170kHz_10C_Iter2_3001.xml_TPCMLDataInterface_1.npy,345.0866552146084,22.721758502896183,0.006271039135754108,5.299040794372559,0.001,3,128,3,1,cuda,1000,0.4,1,True,100,45
SIREN,15,outer/12-2_2-1/AuAu200_170kHz_10C_Iter2_3001.xml_TPCMLDataInterface_1.npy,264.7314701514391,22.721758502896183,0.005486468318849802,5.276660919189453,0.001,3,128,3,1,cuda,1000,0.4,1,True,100,45
SIREN,16,outer/12-2_3-1/AuAu200_170kHz_10C_Iter2_3001.xml_TPCMLDataInterface_1.npy,284.17934498410307,22.721758502896183,0.0053235432133078575,5.253134250640869,0.001,3,128,3,1,cuda,1000,0.4,1,True,100,45
SIREN,17,outer/12-2_4-1/AuAu200_170kHz_10C_Iter2_3001.xml_TPCMLDataInterface_1.npy,294.02828893699797,22.721758502896183,0.005910342093557119,5.230146169662476,0.001,3,128,3,1,cuda,1000,0.4,1,True,100,45
SIREN,18,outer/12-2_5-1/AuAu200_170kHz_10C_Iter2_3001.xml_TPCMLDataInterface_1.npy,301.56712527192104,22.721758502896183,0.006174836307764053,5.279583692550659,0.001,3,128,3,1,cuda,1000,0.4,1,True,100,45
SIREN,19,outer/12-2_6-1/AuAu200_170kHz_10C_Iter2_3001.xml_TPCMLDataInterface_1.npy,291.21888988244643,22.721758502896183,0.005690076854079962,5.300278902053833,0.001,3,128,3,1,cuda,1000,0.4,1,True,100,45
SIREN,20,outer/12-2_7-1/AuAu200_170kHz_10C_Iter2_3001.xml_TPCMLDataInterface_1.npy,294.3705747469043,22.721758502896183,0.0064199622720479965,5.29318642616272,0.001,3,128,3,1,cuda,1000,0.4,1,True,100,45
SIREN,1,outer/12-2_0-0/AuAu200_170kHz_10C_Iter2_3001.xml_TPCMLDataInterface_1.npy,258.45954913403614,22.721758502896183,0.004797675181180239,6.076489210128784,0.001,3,128,3,1,cuda,1000,0.5,1,True,100,45
SIREN,2,outer/12-2_1-0/AuAu200_170kHz_10C_Iter2_3001.xml_TPCMLDataInterface_1.npy,330.3361715089525,22.721758502896183,0.005487827584147453,6.12043833732605,0.001,3,128,3,1,cuda,1000,0.5,1,True,100,45
SIREN,3,outer/12-2_2-0/AuAu200_170kHz_10C_Iter2_3001.xml_TPCMLDataInterface_1.npy,280.25795891900935,22.721758502896183,0.005046023987233639,6.050377368927002,0.001,3,128,3,1,cuda,1000,0.5,1,True,100,45
SIREN,4,outer/12-2_3-0/AuAu200_170kHz_10C_Iter2_3001.xml_TPCMLDataInterface_1.npy,343.00344476865797,22.721758502896183,0.008006119169294834,6.05466890335083,0.001,3,128,3,1,cuda,1000,0.5,1,True,100,45
SIREN,5,outer/12-2_4-0/AuAu200_170kHz_10C_Iter2_3001.xml_TPCMLDataInterface_1.npy,286.03321619812584,22.721758502896183,0.006640919484198093,6.082271099090576,0.001,3,128,3,1,cuda,1000,0.5,1,True,100,45
SIREN,6,outer/12-2_5-0/AuAu200_170kHz_10C_Iter2_3001.xml_TPCMLDataInterface_1.npy,429.1551583939926,22.721758502896183,0.008687714114785194,6.150154113769531,0.001,3,128,3,1,cuda,1000,0.5,1,True,100,45
SIREN,7,outer/12-2_6-0/AuAu200_170kHz_10C_Iter2_3001.xml_TPCMLDataInterface_1.npy,279.0932022360274,22.721758502896183,0.004547052551060915,6.091135025024414,0.001,3,128,3,1,cuda,1000,0.5,1,True,100,45
SIREN,8,outer/12-2_7-0/AuAu200_170kHz_10C_Iter2_3001.xml_TPCMLDataInterface_1.npy,333.54452445197455,22.721758502896183,0.0061574410647153854,6.148674011230469,0.001,3,128,3,1,cuda,1000,0.5,1,True,100,45
SIREN,9,outer/12-2_8-0/AuAu200_170kHz_10C_Iter2_3001.xml_TPCMLDataInterface_1.npy,365.268429185492,22.721758502896183,0.006551260594278574,6.107308387756348,0.001,3,128,3,1,cuda,1000,0.5,1,True,100,45
SIREN,10,outer/12-2_9-0/AuAu200_170kHz_10C_Iter2_3001.xml_TPCMLDataInterface_1.npy,382.179273081911,22.721758502896183,0.006713925860822201,6.209789752960205,0.001,3,128,3,1,cuda,1000,0.5,1,True,100,45
SIREN,11,outer/12-2_10-0/AuAu200_170kHz_10C_Iter2_3001.xml_TPCMLDataInterface_1.npy,362.91635421895916,22.721758502896183,0.007900729775428772,6.173987865447998,0.001,3,128,3,1,cuda,1000,0.5,1,True,100,45
SIREN,12,outer/12-2_11-0/AuAu200_170kHz_10C_Iter2_3001.xml_TPCMLDataInterface_1.npy,269.2860922858099,22.721758502896183,0.004392021335661411,6.030545711517334,0.001,3,128,3,1,cuda,1000,0.5,1,True,100,45
SIREN,13,outer/12-2_0-1/AuAu200_170kHz_10C_Iter2_3001.xml_TPCMLDataInterface_1.npy,301.3043580572289,22.721758502896183,0.007464865688234568,6.1156792640686035,0.001,3,128,3,1,cuda,1000,0.5,1,True,100,45
SIREN,14,outer/12-2_1-1/AuAu200_170kHz_10C_Iter2_3001.xml_TPCMLDataInterface_1.npy,475.9592719837684,22.721758502896183,0.009068915620446205,6.106447458267212,0.001,3,128,3,1,cuda,1000,0.5,1,True,100,45
SIREN,15,outer/12-2_2-1/AuAu200_170kHz_10C_Iter2_3001.xml_TPCMLDataInterface_1.npy,241.964937876506,22.721758502896183,0.004793110303580761,6.087871551513672,0.001,3,128,3,1,cuda,1000,0.5,1,True,100,45
SIREN,16,outer/12-2_3-1/AuAu200_170kHz_10C_Iter2_3001.xml_TPCMLDataInterface_1.npy,377.74132728831995,22.721758502896183,0.007539792452007532,6.0725321769714355,0.001,3,128,3,1,cuda,1000,0.5,1,True,100,45
SIREN,17,outer/12-2_4-1/AuAu200_170kHz_10C_Iter2_3001.xml_TPCMLDataInterface_1.npy,276.5943605149766,22.721758502896183,0.004914594814181328,6.0498762130737305,0.001,3,128,3,1,cuda,1000,0.5,1,True,100,45
SIREN,18,outer/12-2_5-1/AuAu200_170kHz_10C_Iter2_3001.xml_TPCMLDataInterface_1.npy,248.05697921895916,22.721758502896183,0.00459436746314168,6.091474533081055,0.001,3,128,3,1,cuda,1000,0.5,1,True,100,45
SIREN,19,outer/12-2_6-1/AuAu200_170kHz_10C_Iter2_3001.xml_TPCMLDataInterface_1.npy,296.0587074861948,22.721758502896183,0.005091224331408739,6.1061882972717285,0.001,3,128,3,1,cuda,1000,0.5,1,True,100,45
SIREN,20,outer/12-2_7-1/AuAu200_170kHz_10C_Iter2_3001.xml_TPCMLDataInterface_1.npy,381.51769447581995,22.721758502896183,0.008218051865696907,6.100483179092407,0.001,3,128,3,1,cuda,1000,0.5,1,True,100,45
SIREN,1,outer/12-2_0-0/AuAu200_170kHz_10C_Iter2_3001.xml_TPCMLDataInterface_1.npy,280.2438765478581,22.721758502896183,0.005043562967330217,6.889702081680298,0.001,3,128,3,1,cuda,1000,0.6,1,True,100,45
SIREN,2,outer/12-2_1-0/AuAu200_170kHz_10C_Iter2_3001.xml_TPCMLDataInterface_1.npy,506.7871655894411,22.721758502896183,0.009301401674747467,6.92670750617981,0.001,3,128,3,1,cuda,1000,0.6,1,True,100,45
SIREN,3,outer/12-2_2-0/AuAu200_170kHz_10C_Iter2_3001.xml_TPCMLDataInterface_1.npy,359.6477158634538,22.721758502896183,0.007704210001975298,6.871187686920166,0.001,3,128,3,1,cuda,1000,0.6,1,True,100,45
SIREN,4,outer/12-2_3-0/AuAu200_170kHz_10C_Iter2_3001.xml_TPCMLDataInterface_1.npy,222.9701357513387,22.721758502896183,0.004192393738776445,6.869948863983154,0.001,3,128,3,1,cuda,1000,0.6,1,True,100,45
SIREN,5,outer/12-2_4-0/AuAu200_170kHz_10C_Iter2_3001.xml_TPCMLDataInterface_1.npy,316.2056062792838,22.721758502896183,0.007546549197286367,6.890747308731079,0.001,3,128,3,1,cuda,1000,0.6,1,True,100,45
SIREN,6,outer/12-2_5-0/AuAu200_170kHz_10C_Iter2_3001.xml_TPCMLDataInterface_1.npy,296.3376566160475,22.721758502896183,0.005615152418613434,6.960899353027344,0.001,3,128,3,1,cuda,1000,0.6,1,True,100,45
SIREN,7,outer/12-2_6-0/AuAu200_170kHz_10C_Iter2_3001.xml_TPCMLDataInterface_1.npy,295.4104216344545,22.721758502896183,0.004352968651801348,6.901551961898804,0.001,3,128,3,1,cuda,1000,0.6,1,True,100,45
SIREN,8,outer/12-2_7-0/AuAu200_170kHz_10C_Iter2_3001.xml_TPCMLDataInterface_1.npy,432.57241988788485,22.721758502896183,0.00843671802431345,6.945247650146484,0.001,3,128,3,1,cuda,1000,0.6,1,True,100,45
SIREN,9,outer/12-2_8-0/AuAu200_170kHz_10C_Iter2_3001.xml_TPCMLDataInterface_1.npy,291.75299897506693,22.721758502896183,0.004921472165733576,6.903404951095581,0.001,3,128,3,1,cuda,1000,0.6,1,True,100,45
SIREN,10,outer/12-2_9-0/AuAu200_170kHz_10C_Iter2_3001.xml_TPCMLDataInterface_1.npy,388.8191398406124,22.721758502896183,0.00672760047018528,7.002527236938477,0.001,3,128,3,1,cuda,1000,0.6,1,True,100,45
SIREN,11,outer/12-2_10-0/AuAu200_170kHz_10C_Iter2_3001.xml_TPCMLDataInterface_1.npy,332.9551905538822,22.721758502896183,0.005968096200376749,6.964168310165405,0.001,3,128,3,1,cuda,1000,0.6,1,True,100,45
SIREN,12,outer/12-2_11-0/AuAu200_170kHz_10C_Iter2_3001.xml_TPCMLDataInterface_1.npy,390.46165652192104,22.721758502896183,0.006404720712453127,6.855654239654541,0.001,3,128,3,1,cuda,1000,0.6,1,True,100,45
SIREN,13,outer/12-2_0-1/AuAu200_170kHz_10C_Iter2_3001.xml_TPCMLDataInterface_1.npy,257.5355667461513,22.721758502896183,0.005056888796389103,6.9210426807403564,0.001,3,128,3,1,cuda,1000,0.6,1,True,100,45
SIREN,14,outer/12-2_1-1/AuAu200_170kHz_10C_Iter2_3001.xml_TPCMLDataInterface_1.npy,363.460523081911,22.721758502896183,0.0056238058023154736,6.914828538894653,0.001,3,128,3,1,cuda,1000,0.6,1,True,100,45
SIREN,15,outer/12-2_2-1/AuAu200_170kHz_10C_Iter2_3001.xml_TPCMLDataInterface_1.npy,245.38562322205487,22.721758502896183,0.0045577287673950195,6.8955206871032715,0.001,3,128,3,1,cuda,1000,0.6,1,True,100,45
SIREN,16,outer/12-2_3-1/AuAu200_170kHz_10C_Iter2_3001.xml_TPCMLDataInterface_1.npy,261.95832418214525,22.721758502896183,0.0044096047058701515,6.886229515075684,0.001,3,128,3,1,cuda,1000,0.6,1,True,100,45
SIREN,17,outer/12-2_4-1/AuAu200_170kHz_10C_Iter2_3001.xml_TPCMLDataInterface_1.npy,240.4709750460174,22.721758502896183,0.004182090982794762,6.868150472640991,0.001,3,128,3,1,cuda,1000,0.6,1,True,100,45
SIREN,18,outer/12-2_5-1/AuAu200_170kHz_10C_Iter2_3001.xml_TPCMLDataInterface_1.npy,260.72951964106426,22.721758502896183,0.0046559227630496025,6.900104761123657,0.001,3,128,3,1,cuda,1000,0.6,1,True,100,45
SIREN,19,outer/12-2_6-1/AuAu200_170kHz_10C_Iter2_3001.xml_TPCMLDataInterface_1.npy,273.36634951263386,22.721758502896183,0.005042790435254574,6.910362005233765,0.001,3,128,3,1,cuda,1000,0.6,1,True,100,45
SIREN,20,outer/12-2_7-1/AuAu200_170kHz_10C_Iter2_3001.xml_TPCMLDataInterface_1.npy,273.96109829944777,22.721758502896183,0.00489056995138526,6.907059669494629,0.001,3,128,3,1,cuda,1000,0.6,1,True,100,45
SIREN,1,outer/12-2_0-0/AuAu200_170kHz_10C_Iter2_3001.xml_TPCMLDataInterface_1.npy,224.10290118808567,22.721758502896183,0.0036574548576027155,7.7015838623046875,0.001,3,128,3,1,cuda,1000,0.7,1,True,100,45
SIREN,2,outer/12-2_1-0/AuAu200_170kHz_10C_Iter2_3001.xml_TPCMLDataInterface_1.npy,379.625335979334,22.721758502896183,0.004856802988797426,7.732315540313721,0.001,3,128,3,1,cuda,1000,0.7,1,True,100,45
SIREN,3,outer/12-2_2-0/AuAu200_170kHz_10C_Iter2_3001.xml_TPCMLDataInterface_1.npy,316.9970062541834,22.721758502896183,0.005884307902306318,7.687351226806641,0.001,3,128,3,1,cuda,1000,0.7,1,True,100,45
SIREN,4,outer/12-2_3-0/AuAu200_170kHz_10C_Iter2_3001.xml_TPCMLDataInterface_1.npy,229.49254178171017,22.721758502896183,0.003838083939626813,7.69013786315918,0.001,3,128,3,1,cuda,1000,0.7,1,True,100,45
SIREN,5,outer/12-2_4-0/AuAu200_170kHz_10C_Iter2_3001.xml_TPCMLDataInterface_1.npy,247.6572174113119,22.721758502896183,0.004318499471992254,7.711267709732056,0.001,3,128,3,1,cuda,1000,0.7,1,True,100,45
SIREN,6,outer/12-2_5-0/AuAu200_170kHz_10C_Iter2_3001.xml_TPCMLDataInterface_1.npy,327.06171299782466,22.721758502896183,0.005850798450410366,7.748026609420776,0.001,3,128,3,1,cuda,1000,0.7,1,True,100,45
SIREN,7,outer/12-2_6-0/AuAu200_170kHz_10C_Iter2_3001.xml_TPCMLDataInterface_1.npy,418.26986592202144,22.721758502896183,0.00784511398524046,7.711819887161255,0.001,3,128,3,1,cuda,1000,0.7,1,True,100,45
SIREN,8,outer/12-2_7-0/AuAu200_170kHz_10C_Iter2_3001.xml_TPCMLDataInterface_1.npy,293.19362737407965,22.721758502896183,0.005013425834476948,7.750844240188599,0.001,3,128,3,1,cuda,1000,0.7,1,True,100,45
SIREN,9,outer/12-2_8-0/AuAu200_170kHz_10C_Iter2_3001.xml_TPCMLDataInterface_1.npy,337.2202952434739,22.721758502896183,0.004614340607076883,7.717362880706787,0.001,3,128,3,1,cuda,1000,0.7,1,True,100,45
SIREN,10,outer/12-2_9-0/AuAu200_170kHz_10C_Iter2_3001.xml_TPCMLDataInterface_1.npy,377.97797439759034,22.721758502896183,0.006039630156010389,7.7855565547943115,0.001,3,128,3,1,cuda,1000,0.7,1,True,100,45
SIREN,11,outer/12-2_10-0/AuAu200_170kHz_10C_Iter2_3001.xml_TPCMLDataInterface_1.npy,310.07714320824965,22.721758502896183,0.005065604578703642,7.761988639831543,0.001,3,128,3,1,cuda,1000,0.7,1,True,100,45
SIREN,12,outer/12-2_11-0/AuAu200_170kHz_10C_Iter2_3001.xml_TPCMLDataInterface_1.npy,277.7075371799699,22.721758502896183,0.004232856910675764,7.677361726760864,0.001,3,128,3,1,cuda,1000,0.7,1,True,100,45
SIREN,13,outer/12-2_0-1/AuAu200_170kHz_10C_Iter2_3001.xml_TPCMLDataInterface_1.npy,262.8698779492972,22.721758502896183,0.006358282174915075,7.723880767822266,0.001,3,128,3,1,cuda,1000,0.7,1,True,100,45
SIREN,14,outer/12-2_1-1/AuAu200_170kHz_10C_Iter2_3001.xml_TPCMLDataInterface_1.npy,328.5141425075301,22.721758502896183,0.005269308108836412,7.718184471130371,0.001,3,128,3,1,cuda,1000,0.7,1,True,100,45
SIREN,15,outer/12-2_2-1/AuAu200_170kHz_10C_Iter2_3001.xml_TPCMLDataInterface_1.npy,299.2457407756024,22.721758502896183,0.005876933224499226,7.709984302520752,0.001,3,128,3,1,cuda,1000,0.7,1,True,100,45
SIREN,16,outer/12-2_3-1/AuAu200_170kHz_10C_Iter2_3001.xml_TPCMLDataInterface_1.npy,295.23640394912985,22.721758502896183,0.004176098387688398,7.700375080108643,0.001,3,128,3,1,cuda,1000,0.7,1,True,100,45
SIREN,17,outer/12-2_4-1/AuAu200_170kHz_10C_Iter2_3001.xml_TPCMLDataInterface_1.npy,389.98059294469545,22.721758502896183,0.007111862301826477,7.6887047290802,0.001,3,128,3,1,cuda,1000,0.7,1,True,100,45
SIREN,18,outer/12-2_5-1/AuAu200_170kHz_10C_Iter2_3001.xml_TPCMLDataInterface_1.npy,265.0379094503012,22.721758502896183,0.004290275741368532,7.711925029754639,0.001,3,128,3,1,cuda,1000,0.7,1,True,100,45
SIREN,19,outer/12-2_6-1/AuAu200_170kHz_10C_Iter2_3001.xml_TPCMLDataInterface_1.npy,283.05246637592035,22.721758502896183,0.005138817708939314,7.719918489456177,0.001,3,128,3,1,cuda,1000,0.7,1,True,100,45
SIREN,20,outer/12-2_7-1/AuAu200_170kHz_10C_Iter2_3001.xml_TPCMLDataInterface_1.npy,362.1668405392403,22.721758502896183,0.007014976814389229,7.71520733833313,0.001,3,128,3,1,cuda,1000,0.7,1,True,100,45
SIREN,1,outer/12-2_0-0/AuAu200_170kHz_10C_Iter2_3001.xml_TPCMLDataInterface_1.npy,229.99331048150938,22.721758502896183,0.0036887857131659985,8.517745971679688,0.001,3,128,3,1,cuda,1000,0.8,1,True,100,45
SIREN,2,outer/12-2_1-0/AuAu200_170kHz_10C_Iter2_3001.xml_TPCMLDataInterface_1.npy,343.57914731844045,22.721758502896183,0.005724636372178793,8.536416053771973,0.001,3,128,3,1,cuda,1000,0.8,1,True,100,45
SIREN,3,outer/12-2_2-0/AuAu200_170kHz_10C_Iter2_3001.xml_TPCMLDataInterface_1.npy,252.907289313504,22.721758502896183,0.003886600723490119,8.52115511894226,0.001,3,128,3,1,cuda,1000,0.8,1,True,100,45
SIREN,4,outer/12-2_3-0/AuAu200_170kHz_10C_Iter2_3001.xml_TPCMLDataInterface_1.npy,276.2214469858601,22.721758502896183,0.005998141597956419,8.510493516921997,0.001,3,128,3,1,cuda,1000,0.8,1,True,100,45
SIREN,5,outer/12-2_4-0/AuAu200_170kHz_10C_Iter2_3001.xml_TPCMLDataInterface_1.npy,341.0526860044344,22.721758502896183,0.007463617715984583,8.525502681732178,0.001,3,128,3,1,cuda,1000,0.8,1,True,100,45
SIREN,6,outer/12-2_5-0/AuAu200_170kHz_10C_Iter2_3001.xml_TPCMLDataInterface_1.npy,343.8238344001004,22.721758502896183,0.005249572452157736,8.554470300674438,0.001,3,128,3,1,cuda,1000,0.8,1,True,100,45
SIREN,7,outer/12-2_6-0/AuAu200_170kHz_10C_Iter2_3001.xml_TPCMLDataInterface_1.npy,253.83546817478248,22.721758502896183,0.0039278785698115826,8.525482177734375,0.001,3,128,3,1,cuda,1000,0.8,1,True,100,45
SIREN,8,outer/12-2_7-0/AuAu200_170kHz_10C_Iter2_3001.xml_TPCMLDataInterface_1.npy,318.22355698837015,22.721758502896183,0.00593960378319025,8.546253681182861,0.001,3,128,3,1,cuda,1000,0.8,1,True,100,45
SIREN,9,outer/12-2_8-0/AuAu200_170kHz_10C_Iter2_3001.xml_TPCMLDataInterface_1.npy,339.70469638972554,22.721758502896183,0.005177658516913652,8.529206037521362,0.001,3,128,3,1,cuda,1000,0.8,1,True,100,45
SIREN,10,outer/12-2_9-0/AuAu200_170kHz_10C_Iter2_3001.xml_TPCMLDataInterface_1.npy,520.8910067352745,22.721758502896183,0.008958503603935242,8.576546430587769,0.001,3,128,3,1,cuda,1000,0.8,1,True,100,45
SIREN,11,outer/12-2_10-0/AuAu200_170kHz_10C_Iter2_3001.xml_TPCMLDataInterface_1.npy,400.4252844712182,22.721758502896183,0.007884825579822063,8.563177347183228,0.001,3,128,3,1,cuda,1000,0.8,1,True,100,45
SIREN,12,outer/12-2_11-0/AuAu200_170kHz_10C_Iter2_3001.xml_TPCMLDataInterface_1.npy,274.47811166541163,22.721758502896183,0.003790593007579446,8.500993013381958,0.001,3,128,3,1,cuda,1000,0.8,1,True,100,45
SIREN,13,outer/12-2_0-1/AuAu200_170kHz_10C_Iter2_3001.xml_TPCMLDataInterface_1.npy,252.91933881358767,22.721758502896183,0.004767963662743568,8.536956071853638,0.001,3,128,3,1,cuda,1000,0.8,1,True,100,45
SIREN,14,outer/12-2_1-1/AuAu200_170kHz_10C_Iter2_3001.xml_TPCMLDataInterface_1.npy,319.9154979292169,22.721758502896183,0.004669101443141699,8.531754732131958,0.001,3,128,3,1,cuda,1000,0.8,1,True,100,45
SIREN,15,outer/12-2_2-1/AuAu200_170kHz_10C_Iter2_3001.xml_TPCMLDataInterface_1.npy,255.68227467160307,22.721758502896183,0.004792642779648304,8.527074813842773,0.001,3,128,3,1,cuda,1000,0.8,1,True,100,45
SIREN,16,outer/12-2_3-1/AuAu200_170kHz_10C_Iter2_3001.xml_TPCMLDataInterface_1.npy,281.03837223895584,22.721758502896183,0.0038251264486461878,8.517751932144165,0.001,3,128,3,1,cuda,1000,0.8,1,True,100,45
SIREN,17,outer/12-2_4-1/AuAu200_170kHz_10C_Iter2_3001.xml_TPCMLDataInterface_1.npy,361.79580431099396,22.721758502896183,0.0063407099805772305,8.511258125305176,0.001,3,128,3,1,cuda,1000,0.8,1,True,100,45
SIREN,18,outer/12-2_5-1/AuAu200_170kHz_10C_Iter2_3001.xml_TPCMLDataInterface_1.npy,248.2128017277443,22.721758502896183,0.004603598732501268,8.5252103805542,0.001,3,128,3,1,cuda,1000,0.8,1,True,100,45
SIREN,19,outer/12-2_6-1/AuAu200_170kHz_10C_Iter2_3001.xml_TPCMLDataInterface_1.npy,427.7793269431894,22.721758502896183,0.008649871684610844,8.534201622009277,0.001,3,128,3,1,cuda,1000,0.8,1,True,100,45
SIREN,20,outer/12-2_7-1/AuAu200_170kHz_10C_Iter2_3001.xml_TPCMLDataInterface_1.npy,401.7414658634538,22.721758502896183,0.00770526984706521,8.529839754104614,0.001,3,128,3,1,cuda,1000,0.8,1,True,100,45
SIREN,1,outer/12-2_0-0/AuAu200_170kHz_10C_Iter2_3001.xml_TPCMLDataInterface_1.npy,266.53070092871485,22.721758502896183,0.0038766968064010143,9.342348098754883,0.001,3,128,3,1,cuda,1000,0.9,1,True,100,45
SIREN,2,outer/12-2_1-0/AuAu200_170kHz_10C_Iter2_3001.xml_TPCMLDataInterface_1.npy,490.7044270833333,22.721758502896183,0.0075645227916538715,9.349254369735718,0.001,3,128,3,1,cuda,1000,0.9,1,True,100,45
SIREN,3,outer/12-2_2-0/AuAu200_170kHz_10C_Iter2_3001.xml_TPCMLDataInterface_1.npy,439.56407269703817,22.721758502896183,0.007688827347010374,9.333103656768799,0.001,3,128,3,1,cuda,1000,0.9,1,True,100,45
SIREN,4,outer/12-2_3-0/AuAu200_170kHz_10C_Iter2_3001.xml_TPCMLDataInterface_1.npy,231.72337527192101,22.721758502896183,0.003837374970316887,9.334380388259888,0.001,3,128,3,1,cuda,1000,0.9,1,True,100,45
SIREN,5,outer/12-2_4-0/AuAu200_170kHz_10C_Iter2_3001.xml_TPCMLDataInterface_1.npy,332.06021481760376,22.721758502896183,0.00701700896024704,9.33849811553955,0.001,3,128,3,1,cuda,1000,0.9,1,True,100,45
SIREN,6,outer/12-2_5-0/AuAu200_170kHz_10C_Iter2_3001.xml_TPCMLDataInterface_1.npy,331.8046430513722,22.721758502896183,0.005121245514601469,9.34804654121399,0.001,3,128,3,1,cuda,1000,0.9,1,True,100,45
SIREN,7,outer/12-2_6-0/AuAu200_170kHz_10C_Iter2_3001.xml_TPCMLDataInterface_1.npy,256.65495706785475,22.721758502896183,0.004420120269060135,9.339540481567383,0.001,3,128,3,1,cuda,1000,0.9,1,True,100,45
SIREN,8,outer/12-2_7-0/AuAu200_170kHz_10C_Iter2_3001.xml_TPCMLDataInterface_1.npy,295.4369718457162,22.721758502896183,0.005142020992934704,9.351913452148438,0.001,3,128,3,1,cuda,1000,0.9,1,True,100,45
SIREN,9,outer/12-2_8-0/AuAu200_170kHz_10C_Iter2_3001.xml_TPCMLDataInterface_1.npy,407.0068124058735,22.721758502896183,0.0064660049974918365,9.343106269836426,0.001,3,128,3,1,cuda,1000,0.9,1,True,100,45
SIREN,10,outer/12-2_9-0/AuAu200_170kHz_10C_Iter2_3001.xml_TPCMLDataInterface_1.npy,401.8418413236278,22.721758502896183,0.005893907509744167,9.361254215240479,0.001,3,128,3,1,cuda,1000,0.9,1,True,100,45
SIREN,11,outer/12-2_10-0/AuAu200_170kHz_10C_Iter2_3001.xml_TPCMLDataInterface_1.npy,443.611742543089,22.721758502896183,0.008315726183354855,9.355808019638062,0.001,3,128,3,1,cuda,1000,0.9,1,True,100,45
SIREN,12,outer/12-2_11-0/AuAu200_170kHz_10C_Iter2_3001.xml_TPCMLDataInterface_1.npy,296.40036970799866,22.721758502896183,0.0035827558021992445,9.336008071899414,0.001,3,128,3,1,cuda,1000,0.9,1,True,100,45
SIREN,13,outer/12-2_0-1/AuAu200_170kHz_10C_Iter2_3001.xml_TPCMLDataInterface_1.npy,293.26213186077644,22.721758502896183,0.006515576969832182,9.347681999206543,0.001,3,128,3,1,cuda,1000,0.9,1,True,100,45
SIREN,14,outer/12-2_1-1/AuAu200_170kHz_10C_Iter2_3001.xml_TPCMLDataInterface_1.npy,327.64906501004015,22.721758502896183,0.004327569622546434,9.351252794265747,0.001,3,128,3,1,cuda,1000,0.9,1,True,100,45
SIREN,15,outer/12-2_2-1/AuAu200_170kHz_10C_Iter2_3001.xml_TPCMLDataInterface_1.npy,259.98496459797525,22.721758502896183,0.0037908093072474003,9.346037149429321,0.001,3,128,3,1,cuda,1000,0.9,1,True,100,45
SIREN,16,outer/12-2_3-1/AuAu200_170kHz_10C_Iter2_3001.xml_TPCMLDataInterface_1.npy,416.2762861341198,22.721758502896183,0.006549482233822346,9.352320909500122,0.001,3,128,3,1,cuda,1000,0.9,1,True,100,45
SIREN,17,outer/12-2_4-1/AuAu200_170kHz_10C_Iter2_3001.xml_TPCMLDataInterface_1.npy,426.661085749247,22.721758502896183,0.007476179860532284,9.371996641159058,0.001,3,128,3,1,cuda,1000,0.9,1,True,100,45
SIREN,18,outer/12-2_5-1/AuAu200_170kHz_10C_Iter2_3001.xml_TPCMLDataInterface_1.npy,263.65109134454485,22.721758502896183,0.0041434019804000854,9.356736898422241,0.001,3,128,3,1,cuda,1000,0.9,1,True,100,45
SIREN,19,outer/12-2_6-1/AuAu200_170kHz_10C_Iter2_3001.xml_TPCMLDataInterface_1.npy,417.18112423652946,22.721758502896183,0.007817045785486698,9.38820505142212,0.001,3,128,3,1,cuda,1000,0.9,1,True,100,45
SIREN,20,outer/12-2_7-1/AuAu200_170kHz_10C_Iter2_3001.xml_TPCMLDataInterface_1.npy,273.8617909136546,22.721758502896183,0.004789500031620264,9.347647428512573,0.001,3,128,3,1,cuda,1000,0.9,1,True,100,45
SIREN,1,outer/12-2_0-0/AuAu200_170kHz_10C_Iter2_3001.xml_TPCMLDataInterface_1.npy,454.3033605777276,22.721758502896183,0.007427631877362728,10.174473762512207,0.001,3,128,3,1,cuda,1000,1.0,1,True,100,45
SIREN,2,outer/12-2_1-0/AuAu200_170kHz_10C_Iter2_3001.xml_TPCMLDataInterface_1.npy,538.8034272506693,22.721758502896183,0.008300522342324257,10.157875776290894,0.001,3,128,3,1,cuda,1000,1.0,1,True,100,45
SIREN,3,outer/12-2_2-0/AuAu200_170kHz_10C_Iter2_3001.xml_TPCMLDataInterface_1.npy,247.540343666332,22.721758502896183,0.004387786146253347,10.154959201812744,0.001,3,128,3,1,cuda,1000,1.0,1,True,100,45
SIREN,4,outer/12-2_3-0/AuAu200_170kHz_10C_Iter2_3001.xml_TPCMLDataInterface_1.npy,218.5405201535308,22.721758502896183,0.004188966937363148,10.152299880981445,0.001,3,128,3,1,cuda,1000,1.0,1,True,100,45
SIREN,5,outer/12-2_4-0/AuAu200_170kHz_10C_Iter2_3001.xml_TPCMLDataInterface_1.npy,233.96640729585008,22.721758502896183,0.003791116876527667,10.154192924499512,0.001,3,128,3,1,cuda,1000,1.0,1,True,100,45
SIREN,6,outer/12-2_5-0/AuAu200_170kHz_10C_Iter2_3001.xml_TPCMLDataInterface_1.npy,546.5298420243474,22.721758502896183,0.008976560086011887,10.154004335403442,0.001,3,128,3,1,cuda,1000,1.0,1,True,100,45
SIREN,7,outer/12-2_6-0/AuAu200_170kHz_10C_Iter2_3001.xml_TPCMLDataInterface_1.npy,457.89268401731925,22.721758502896183,0.007475579157471657,10.152806282043457,0.001,3,128,3,1,cuda,1000,1.0,1,True,100,45
SIREN,8,outer/12-2_7-0/AuAu200_170kHz_10C_Iter2_3001.xml_TPCMLDataInterface_1.npy,408.9608642904953,22.721758502896183,0.0072253099642694,10.151753664016724,0.001,3,128,3,1,cuda,1000,1.0,1,True,100,45
SIREN,9,outer/12-2_8-0/AuAu200_170kHz_10C_Iter2_3001.xml_TPCMLDataInterface_1.npy,512.0038814110609,22.721758502896183,0.007459962274879217,10.154385328292847,0.001,3,128,3,1,cuda,1000,1.0,1,True,100,45
SIREN,10,outer/12-2_9-0/AuAu200_170kHz_10C_Iter2_3001.xml_TPCMLDataInterface_1.npy,374.7857144724732,22.721758502896183,0.005586789455264807,10.153332710266113,0.001,3,128,3,1,cuda,1000,1.0,1,True,100,45
SIREN,11,outer/12-2_10-0/AuAu200_170kHz_10C_Iter2_3001.xml_TPCMLDataInterface_1.npy,296.0850733663822,22.721758502896183,0.004921325948089361,10.152488946914673,0.001,3,128,3,1,cuda,1000,1.0,1,True,100,45
SIREN,12,outer/12-2_11-0/AuAu200_170kHz_10C_Iter2_3001.xml_TPCMLDataInterface_1.npy,476.187867354836,22.721758502896183,0.0066413264721632,10.15399956703186,0.001,3,128,3,1,cuda,1000,1.0,1,True,100,45
SIREN,13,outer/12-2_0-1/AuAu200_170kHz_10C_Iter2_3001.xml_TPCMLDataInterface_1.npy,273.20052606258366,22.721758502896183,0.005837831646203995,10.154618263244629,0.001,3,128,3,1,cuda,1000,1.0,1,True,100,45
SIREN,14,outer/12-2_1-1/AuAu200_170kHz_10C_Iter2_3001.xml_TPCMLDataInterface_1.npy,552.6931998828647,22.721758502896183,0.008389851078391075,10.15381908416748,0.001,3,128,3,1,cuda,1000,1.0,1,True,100,45
SIREN,15,outer/12-2_2-1/AuAu200_170kHz_10C_Iter2_3001.xml_TPCMLDataInterface_1.npy,266.64634318524094,22.721758502896183,0.0038783419877290726,10.152729272842407,0.001,3,128,3,1,cuda,1000,1.0,1,True,100,45
SIREN,16,outer/12-2_3-1/AuAu200_170kHz_10C_Iter2_3001.xml_TPCMLDataInterface_1.npy,251.41274080697792,22.721758502896183,0.0037813358940184116,10.150348901748657,0.001,3,128,3,1,cuda,1000,1.0,1,True,100,45
SIREN,17,outer/12-2_4-1/AuAu200_170kHz_10C_Iter2_3001.xml_TPCMLDataInterface_1.npy,397.91816615420015,22.721758502896183,0.0065543558448553085,10.152507066726685,0.001,3,128,3,1,cuda,1000,1.0,1,True,100,45
SIREN,18,outer/12-2_5-1/AuAu200_170kHz_10C_Iter2_3001.xml_TPCMLDataInterface_1.npy,287.9983214106426,22.721758502896183,0.004089538473635912,10.153631925582886,0.001,3,128,3,1,cuda,1000,1.0,1,True,100,45
SIREN,19,outer/12-2_6-1/AuAu200_170kHz_10C_Iter2_3001.xml_TPCMLDataInterface_1.npy,298.2060886776272,22.721758502896183,0.004284733906388283,10.152994871139526,0.001,3,128,3,1,cuda,1000,1.0,1,True,100,45
SIREN,20,outer/12-2_7-1/AuAu200_170kHz_10C_Iter2_3001.xml_TPCMLDataInterface_1.npy,467.5778700740462,22.721758502896183,0.008242253214120865,10.150935173034668,0.001,3,128,3,1,cuda,1000,1.0,1,True,100,45
