model,data_sample,file_name,original_mse,compression_ratio,transformed_mse,training_time,lr,in_features,hidden_features,hidden_layers,out_features,device,max_iters,outermost_linear,first_omega_zero,hidden_omega_zero
SIREN,1,outer/12-2_0-0/AuAu200_170kHz_10C_Iter2_3001.xml_TPCMLDataInterface_1.npy,345.5027545076138,22.721758502896183,0.006010554730892181,20.776399612426758,0.001,3,128,3,1,cuda,2000,True,80,15
SIREN,2,outer/12-2_1-0/AuAu200_170kHz_10C_Iter2_3001.xml_TPCMLDataInterface_1.npy,406.76976264432733,22.721758502896183,0.006821567192673683,20.26258659362793,0.001,3,128,3,1,cuda,2000,True,80,15
SIREN,3,outer/12-2_2-0/AuAu200_170kHz_10C_Iter2_3001.xml_TPCMLDataInterface_1.npy,347.97505516859104,22.721758502896183,0.0062509560957551,20.260374546051025,0.001,3,128,3,1,cuda,2000,True,80,15
SIREN,4,outer/12-2_3-0/AuAu200_170kHz_10C_Iter2_3001.xml_TPCMLDataInterface_1.npy,299.1867679049532,22.721758502896183,0.006080238148570061,20.265169858932495,0.001,3,128,3,1,cuda,2000,True,80,15
SIREN,5,outer/12-2_4-0/AuAu200_170kHz_10C_Iter2_3001.xml_TPCMLDataInterface_1.npy,301.4614826493474,22.721758502896183,0.00619006110355258,20.29155659675598,0.001,3,128,3,1,cuda,2000,True,80,15
SIREN,1,outer/12-2_0-0/AuAu200_170kHz_10C_Iter2_3001.xml_TPCMLDataInterface_1.npy,238.63433813378515,22.721758502896183,0.003971348982304335,20.265151023864746,0.001,3,128,3,1,cuda,2000,True,80,30
SIREN,2,outer/12-2_1-0/AuAu200_170kHz_10C_Iter2_3001.xml_TPCMLDataInterface_1.npy,281.4813420348059,22.721758502896183,0.004831195343285799,20.257863521575928,0.001,3,128,3,1,cuda,2000,True,80,30
SIREN,3,outer/12-2_2-0/AuAu200_170kHz_10C_Iter2_3001.xml_TPCMLDataInterface_1.npy,328.28499937248995,22.721758502896183,0.006123985163867474,20.266002893447876,0.001,3,128,3,1,cuda,2000,True,80,30
SIREN,4,outer/12-2_3-0/AuAu200_170kHz_10C_Iter2_3001.xml_TPCMLDataInterface_1.npy,231.08276073042168,22.721758502896183,0.003909055143594742,20.262664794921875,0.001,3,128,3,1,cuda,2000,True,80,30
SIREN,5,outer/12-2_4-0/AuAu200_170kHz_10C_Iter2_3001.xml_TPCMLDataInterface_1.npy,245.49001343917337,22.721758502896183,0.004277678672224283,20.260279893875122,0.001,3,128,3,1,cuda,2000,True,80,30
SIREN,1,outer/12-2_0-0/AuAu200_170kHz_10C_Iter2_3001.xml_TPCMLDataInterface_1.npy,392.6871875522925,22.721758502896183,0.006613321602344513,20.33387565612793,0.001,3,128,3,1,cuda,2000,True,80,45
SIREN,2,outer/12-2_1-0/AuAu200_170kHz_10C_Iter2_3001.xml_TPCMLDataInterface_1.npy,468.0991923422858,22.721758502896183,0.007287617307156324,20.312169313430786,0.001,3,128,3,1,cuda,2000,True,80,45
SIREN,3,outer/12-2_2-0/AuAu200_170kHz_10C_Iter2_3001.xml_TPCMLDataInterface_1.npy,296.94287697665663,22.721758502896183,0.005496419500559568,20.26454496383667,0.001,3,128,3,1,cuda,2000,True,80,45
SIREN,4,outer/12-2_3-0/AuAu200_170kHz_10C_Iter2_3001.xml_TPCMLDataInterface_1.npy,220.96650534429384,22.721758502896183,0.0036249568220227957,20.28044867515564,0.001,3,128,3,1,cuda,2000,True,80,45
SIREN,5,outer/12-2_4-0/AuAu200_170kHz_10C_Iter2_3001.xml_TPCMLDataInterface_1.npy,320.9315033571787,22.721758502896183,0.006437267176806927,20.262576818466187,0.001,3,128,3,1,cuda,2000,True,80,45
SIREN,1,outer/12-2_0-0/AuAu200_170kHz_10C_Iter2_3001.xml_TPCMLDataInterface_1.npy,347.85659957538485,22.721758502896183,0.006258821580559015,20.259034872055054,0.001,3,128,3,1,cuda,2000,True,100,15
SIREN,2,outer/12-2_1-0/AuAu200_170kHz_10C_Iter2_3001.xml_TPCMLDataInterface_1.npy,398.20165035140565,22.721758502896183,0.007051227614283562,20.295799732208252,0.001,3,128,3,1,cuda,2000,True,100,15
SIREN,3,outer/12-2_2-0/AuAu200_170kHz_10C_Iter2_3001.xml_TPCMLDataInterface_1.npy,352.29952100066936,22.721758502896183,0.0063792685978114605,20.263594150543213,0.001,3,128,3,1,cuda,2000,True,100,15
SIREN,4,outer/12-2_3-0/AuAu200_170kHz_10C_Iter2_3001.xml_TPCMLDataInterface_1.npy,318.4815106781292,22.721758502896183,0.006428558845072985,20.28693962097168,0.001,3,128,3,1,cuda,2000,True,100,15
SIREN,5,outer/12-2_4-0/AuAu200_170kHz_10C_Iter2_3001.xml_TPCMLDataInterface_1.npy,301.88238239415995,22.721758502896183,0.006353443488478661,20.257630348205566,0.001,3,128,3,1,cuda,2000,True,100,15
SIREN,1,outer/12-2_0-0/AuAu200_170kHz_10C_Iter2_3001.xml_TPCMLDataInterface_1.npy,251.52212757279116,22.721758502896183,0.0035737412981688976,20.30940890312195,0.001,3,128,3,1,cuda,2000,True,100,30
SIREN,2,outer/12-2_1-0/AuAu200_170kHz_10C_Iter2_3001.xml_TPCMLDataInterface_1.npy,345.24163450677713,22.721758502896183,0.004252326674759388,20.2516770362854,0.001,3,128,3,1,cuda,2000,True,100,30
SIREN,3,outer/12-2_2-0/AuAu200_170kHz_10C_Iter2_3001.xml_TPCMLDataInterface_1.npy,236.57623331869144,22.721758502896183,0.003617200767621398,20.267783641815186,0.001,3,128,3,1,cuda,2000,True,100,30
SIREN,4,outer/12-2_3-0/AuAu200_170kHz_10C_Iter2_3001.xml_TPCMLDataInterface_1.npy,225.7554985567269,22.721758502896183,0.0037712864577770233,20.260875701904297,0.001,3,128,3,1,cuda,2000,True,100,30
SIREN,5,outer/12-2_4-0/AuAu200_170kHz_10C_Iter2_3001.xml_TPCMLDataInterface_1.npy,241.55696614583334,22.721758502896183,0.0042122541926801205,20.263097524642944,0.001,3,128,3,1,cuda,2000,True,100,30
SIREN,1,outer/12-2_0-0/AuAu200_170kHz_10C_Iter2_3001.xml_TPCMLDataInterface_1.npy,251.7317002384538,22.721758502896183,0.0033303997479379177,20.266303539276123,0.001,3,128,3,1,cuda,2000,True,100,45
SIREN,2,outer/12-2_1-0/AuAu200_170kHz_10C_Iter2_3001.xml_TPCMLDataInterface_1.npy,296.88770054175035,22.721758502896183,0.004281545523554087,20.25241231918335,0.001,3,128,3,1,cuda,2000,True,100,45
SIREN,3,outer/12-2_2-0/AuAu200_170kHz_10C_Iter2_3001.xml_TPCMLDataInterface_1.npy,220.0924453020415,22.721758502896183,0.0038782928604632616,20.26962423324585,0.001,3,128,3,1,cuda,2000,True,100,45
SIREN,4,outer/12-2_3-0/AuAu200_170kHz_10C_Iter2_3001.xml_TPCMLDataInterface_1.npy,204.91233031082663,22.721758502896183,0.003560073208063841,20.334579706192017,0.001,3,128,3,1,cuda,2000,True,100,45
SIREN,5,outer/12-2_4-0/AuAu200_170kHz_10C_Iter2_3001.xml_TPCMLDataInterface_1.npy,210.74181099397592,22.721758502896183,0.003778594546020031,20.260151147842407,0.001,3,128,3,1,cuda,2000,True,100,45
SIREN,1,outer/12-2_0-0/AuAu200_170kHz_10C_Iter2_3001.xml_TPCMLDataInterface_1.npy,353.35368819026104,22.721758502896183,0.006227059289813042,20.260038375854492,0.001,3,128,3,1,cuda,2000,True,120,15
SIREN,2,outer/12-2_1-0/AuAu200_170kHz_10C_Iter2_3001.xml_TPCMLDataInterface_1.npy,417.2834201388889,22.721758502896183,0.0071380543522536755,20.298750400543213,0.001,3,128,3,1,cuda,2000,True,120,15
SIREN,3,outer/12-2_2-0/AuAu200_170kHz_10C_Iter2_3001.xml_TPCMLDataInterface_1.npy,351.07019614918005,22.721758502896183,0.006443591322749853,20.264464378356934,0.001,3,128,3,1,cuda,2000,True,120,15
SIREN,4,outer/12-2_3-0/AuAu200_170kHz_10C_Iter2_3001.xml_TPCMLDataInterface_1.npy,314.69071206701807,22.721758502896183,0.006421377416700125,20.271740674972534,0.001,3,128,3,1,cuda,2000,True,120,15
SIREN,5,outer/12-2_4-0/AuAu200_170kHz_10C_Iter2_3001.xml_TPCMLDataInterface_1.npy,313.7180375146419,22.721758502896183,0.006632664240896702,20.265535354614258,0.001,3,128,3,1,cuda,2000,True,120,15
SIREN,1,outer/12-2_0-0/AuAu200_170kHz_10C_Iter2_3001.xml_TPCMLDataInterface_1.npy,247.6445639328146,22.721758502896183,0.003534097457304597,20.26288914680481,0.001,3,128,3,1,cuda,2000,True,120,30
SIREN,2,outer/12-2_1-0/AuAu200_170kHz_10C_Iter2_3001.xml_TPCMLDataInterface_1.npy,304.9534753597724,22.721758502896183,0.004831531550735235,20.258069038391113,0.001,3,128,3,1,cuda,2000,True,120,30
SIREN,3,outer/12-2_2-0/AuAu200_170kHz_10C_Iter2_3001.xml_TPCMLDataInterface_1.npy,243.62138528070616,22.721758502896183,0.0043669878505170345,20.272268772125244,0.001,3,128,3,1,cuda,2000,True,120,30
SIREN,4,outer/12-2_3-0/AuAu200_170kHz_10C_Iter2_3001.xml_TPCMLDataInterface_1.npy,254.5857061056727,22.721758502896183,0.0034278573002666235,20.260088682174683,0.001,3,128,3,1,cuda,2000,True,120,30
SIREN,5,outer/12-2_4-0/AuAu200_170kHz_10C_Iter2_3001.xml_TPCMLDataInterface_1.npy,274.13524017946787,22.721758502896183,0.003556285984814167,20.276612281799316,0.001,3,128,3,1,cuda,2000,True,120,30
SIREN,1,outer/12-2_0-0/AuAu200_170kHz_10C_Iter2_3001.xml_TPCMLDataInterface_1.npy,402.65449427920015,22.721758502896183,0.00695795938372612,20.255677700042725,0.001,3,128,3,1,cuda,2000,True,120,45
SIREN,2,outer/12-2_1-0/AuAu200_170kHz_10C_Iter2_3001.xml_TPCMLDataInterface_1.npy,285.3263496695114,22.721758502896183,0.0038543930277228355,20.259411811828613,0.001,3,128,3,1,cuda,2000,True,120,45
SIREN,3,outer/12-2_2-0/AuAu200_170kHz_10C_Iter2_3001.xml_TPCMLDataInterface_1.npy,273.24994901480926,22.721758502896183,0.004253673367202282,20.292069673538208,0.001,3,128,3,1,cuda,2000,True,120,45
SIREN,4,outer/12-2_3-0/AuAu200_170kHz_10C_Iter2_3001.xml_TPCMLDataInterface_1.npy,206.04602132488287,22.721758502896183,0.0034740895498543978,20.322771549224854,0.001,3,128,3,1,cuda,2000,True,120,45
SIREN,5,outer/12-2_4-0/AuAu200_170kHz_10C_Iter2_3001.xml_TPCMLDataInterface_1.npy,353.90073314089693,22.721758502896183,0.00736418878659606,20.271775245666504,0.001,3,128,3,1,cuda,2000,True,120,45
SIREN,1,outer/12-2_0-0/AuAu200_170kHz_10C_Iter2_3001.xml_TPCMLDataInterface_1.npy,264.4931052334337,22.721758502896183,0.005162770859897137,20.332569360733032,0.001,3,128,3,1,cuda,2000,True,150,15
SIREN,2,outer/12-2_1-0/AuAu200_170kHz_10C_Iter2_3001.xml_TPCMLDataInterface_1.npy,450.3206628597724,22.721758502896183,0.007508976384997368,20.25627613067627,0.001,3,128,3,1,cuda,2000,True,150,15
SIREN,3,outer/12-2_2-0/AuAu200_170kHz_10C_Iter2_3001.xml_TPCMLDataInterface_1.npy,361.83910511839025,22.721758502896183,0.00680206622928381,20.273921728134155,0.001,3,128,3,1,cuda,2000,True,150,15
SIREN,4,outer/12-2_3-0/AuAu200_170kHz_10C_Iter2_3001.xml_TPCMLDataInterface_1.npy,272.51978879057896,22.721758502896183,0.005983509588986635,20.277119398117065,0.001,3,128,3,1,cuda,2000,True,150,15
SIREN,5,outer/12-2_4-0/AuAu200_170kHz_10C_Iter2_3001.xml_TPCMLDataInterface_1.npy,325.7317446870817,22.721758502896183,0.00696776295080781,20.268656730651855,0.001,3,128,3,1,cuda,2000,True,150,15
SIREN,1,outer/12-2_0-0/AuAu200_170kHz_10C_Iter2_3001.xml_TPCMLDataInterface_1.npy,290.2295157191265,22.721758502896183,0.0033239792101085186,20.296427965164185,0.001,3,128,3,1,cuda,2000,True,150,30
SIREN,2,outer/12-2_1-0/AuAu200_170kHz_10C_Iter2_3001.xml_TPCMLDataInterface_1.npy,411.4686937855589,22.721758502896183,0.0045533073134720325,20.269607305526733,0.001,3,128,3,1,cuda,2000,True,150,30
SIREN,3,outer/12-2_2-0/AuAu200_170kHz_10C_Iter2_3001.xml_TPCMLDataInterface_1.npy,233.56332099230255,22.721758502896183,0.003726910799741745,20.27798104286194,0.001,3,128,3,1,cuda,2000,True,150,30
SIREN,4,outer/12-2_3-0/AuAu200_170kHz_10C_Iter2_3001.xml_TPCMLDataInterface_1.npy,269.27617762717534,22.721758502896183,0.0035574082285165787,20.266135215759277,0.001,3,128,3,1,cuda,2000,True,150,30
SIREN,5,outer/12-2_4-0/AuAu200_170kHz_10C_Iter2_3001.xml_TPCMLDataInterface_1.npy,233.69616748242973,22.721758502896183,0.00408766558393836,20.264092683792114,0.001,3,128,3,1,cuda,2000,True,150,30
SIREN,1,outer/12-2_0-0/AuAu200_170kHz_10C_Iter2_3001.xml_TPCMLDataInterface_1.npy,466.6186739144076,22.721758502896183,0.0077444761991500854,20.260632038116455,0.001,3,128,3,1,cuda,2000,True,150,45
SIREN,2,outer/12-2_1-0/AuAu200_170kHz_10C_Iter2_3001.xml_TPCMLDataInterface_1.npy,433.05034330028445,22.721758502896183,0.005081602372229099,20.259440183639526,0.001,3,128,3,1,cuda,2000,True,150,45
SIREN,3,outer/12-2_2-0/AuAu200_170kHz_10C_Iter2_3001.xml_TPCMLDataInterface_1.npy,205.5085328292336,22.721758502896183,0.0031261201947927475,20.324188947677612,0.001,3,128,3,1,cuda,2000,True,150,45
SIREN,4,outer/12-2_3-0/AuAu200_170kHz_10C_Iter2_3001.xml_TPCMLDataInterface_1.npy,346.0244807354418,22.721758502896183,0.007035778369754553,20.275914192199707,0.001,3,128,3,1,cuda,2000,True,150,45
SIREN,5,outer/12-2_4-0/AuAu200_170kHz_10C_Iter2_3001.xml_TPCMLDataInterface_1.npy,431.3824595256024,22.721758502896183,0.008645283989608288,20.3061785697937,0.001,3,128,3,1,cuda,2000,True,150,45
SIREN,1,outer/12-2_0-0/AuAu200_170kHz_10C_Iter2_3001.xml_TPCMLDataInterface_1.npy,271.0648309383367,22.721758502896183,0.0034878423903137445,20.274489879608154,0.001,3,128,3,1,cuda,2000,True,200,15
SIREN,2,outer/12-2_1-0/AuAu200_170kHz_10C_Iter2_3001.xml_TPCMLDataInterface_1.npy,408.9739949380857,22.721758502896183,0.007597980555146933,20.256283044815063,0.001,3,128,3,1,cuda,2000,True,200,15
SIREN,3,outer/12-2_2-0/AuAu200_170kHz_10C_Iter2_3001.xml_TPCMLDataInterface_1.npy,287.4955682103414,22.721758502896183,0.005118669476360083,20.308955430984497,0.001,3,128,3,1,cuda,2000,True,200,15
SIREN,4,outer/12-2_3-0/AuAu200_170kHz_10C_Iter2_3001.xml_TPCMLDataInterface_1.npy,267.68552595799866,22.721758502896183,0.006491172593086958,20.277249813079834,0.001,3,128,3,1,cuda,2000,True,200,15
SIREN,5,outer/12-2_4-0/AuAu200_170kHz_10C_Iter2_3001.xml_TPCMLDataInterface_1.npy,273.60707282254015,22.721758502896183,0.006537372712045908,20.262046337127686,0.001,3,128,3,1,cuda,2000,True,200,15
SIREN,1,outer/12-2_0-0/AuAu200_170kHz_10C_Iter2_3001.xml_TPCMLDataInterface_1.npy,364.6980670076138,22.721758502896183,0.0036474857479333878,20.269396543502808,0.001,3,128,3,1,cuda,2000,True,200,30
SIREN,2,outer/12-2_1-0/AuAu200_170kHz_10C_Iter2_3001.xml_TPCMLDataInterface_1.npy,408.5905797669846,22.721758502896183,0.004787004552781582,20.338080644607544,0.001,3,128,3,1,cuda,2000,True,200,30
SIREN,3,outer/12-2_2-0/AuAu200_170kHz_10C_Iter2_3001.xml_TPCMLDataInterface_1.npy,281.1915029911312,22.721758502896183,0.003878762014210224,20.26088809967041,0.001,3,128,3,1,cuda,2000,True,200,30
SIREN,4,outer/12-2_3-0/AuAu200_170kHz_10C_Iter2_3001.xml_TPCMLDataInterface_1.npy,265.03279001422356,22.721758502896183,0.003547342959791422,20.257073402404785,0.001,3,128,3,1,cuda,2000,True,200,30
SIREN,5,outer/12-2_4-0/AuAu200_170kHz_10C_Iter2_3001.xml_TPCMLDataInterface_1.npy,295.412586544093,22.721758502896183,0.004177252762019634,20.276623249053955,0.001,3,128,3,1,cuda,2000,True,200,30
SIREN,1,outer/12-2_0-0/AuAu200_170kHz_10C_Iter2_3001.xml_TPCMLDataInterface_1.npy,283.11287206116134,22.721758502896183,0.004097980447113514,20.308833122253418,0.001,3,128,3,1,cuda,2000,True,200,45
SIREN,2,outer/12-2_1-0/AuAu200_170kHz_10C_Iter2_3001.xml_TPCMLDataInterface_1.npy,436.5369433463019,22.721758502896183,0.0056369723752141,20.260974407196045,0.001,3,128,3,1,cuda,2000,True,200,45
SIREN,3,outer/12-2_2-0/AuAu200_170kHz_10C_Iter2_3001.xml_TPCMLDataInterface_1.npy,347.5963136399766,22.721758502896183,0.004190343897789717,20.265453338623047,0.001,3,128,3,1,cuda,2000,True,200,45
SIREN,4,outer/12-2_3-0/AuAu200_170kHz_10C_Iter2_3001.xml_TPCMLDataInterface_1.npy,204.94767873577644,22.721758502896183,0.003245118074119091,20.258906364440918,0.001,3,128,3,1,cuda,2000,True,200,45
SIREN,5,outer/12-2_4-0/AuAu200_170kHz_10C_Iter2_3001.xml_TPCMLDataInterface_1.npy,220.44299594210173,22.721758502896183,0.0035680944565683603,20.262025356292725,0.001,3,128,3,1,cuda,2000,True,200,45
SIREN,1,outer/12-2_0-0/AuAu200_170kHz_10C_Iter2_3001.xml_TPCMLDataInterface_1.npy,117.22664093875503,15.244594136755884,0.0018024970777332783,27.551905632019043,0.001,3,128,4,1,cuda,2000,True,80,15
SIREN,2,outer/12-2_1-0/AuAu200_170kHz_10C_Iter2_3001.xml_TPCMLDataInterface_1.npy,144.42850438211178,15.244594136755884,0.001979672349989414,27.558677196502686,0.001,3,128,4,1,cuda,2000,True,80,15
SIREN,3,outer/12-2_2-0/AuAu200_170kHz_10C_Iter2_3001.xml_TPCMLDataInterface_1.npy,148.01984108308233,15.244594136755884,0.0019281981512904167,27.557180404663086,0.001,3,128,4,1,cuda,2000,True,80,15
SIREN,4,outer/12-2_3-0/AuAu200_170kHz_10C_Iter2_3001.xml_TPCMLDataInterface_1.npy,104.01148343373494,15.244594136755884,0.0016704483423382044,27.54058814048767,0.001,3,128,4,1,cuda,2000,True,80,15
SIREN,5,outer/12-2_4-0/AuAu200_170kHz_10C_Iter2_3001.xml_TPCMLDataInterface_1.npy,128.83684477493307,15.244594136755884,0.001979243941605091,27.550602436065674,0.001,3,128,4,1,cuda,2000,True,80,15
SIREN,1,outer/12-2_0-0/AuAu200_170kHz_10C_Iter2_3001.xml_TPCMLDataInterface_1.npy,165.82484756735275,15.244594136755884,0.0021298069041222334,27.55304741859436,0.001,3,128,4,1,cuda,2000,True,80,30
SIREN,2,outer/12-2_1-0/AuAu200_170kHz_10C_Iter2_3001.xml_TPCMLDataInterface_1.npy,163.8656357199632,15.244594136755884,0.0021766703575849533,27.541280031204224,0.001,3,128,4,1,cuda,2000,True,80,30
SIREN,3,outer/12-2_2-0/AuAu200_170kHz_10C_Iter2_3001.xml_TPCMLDataInterface_1.npy,150.72437144410978,15.244594136755884,0.0022572879679501057,27.550209999084473,0.001,3,128,4,1,cuda,2000,True,80,30
SIREN,4,outer/12-2_3-0/AuAu200_170kHz_10C_Iter2_3001.xml_TPCMLDataInterface_1.npy,93.38154440679384,15.244594136755884,0.0015366465086117387,27.579919576644897,0.001,3,128,4,1,cuda,2000,True,80,30
SIREN,5,outer/12-2_4-0/AuAu200_170kHz_10C_Iter2_3001.xml_TPCMLDataInterface_1.npy,118.18198967745984,15.244594136755884,0.0016730319475755095,27.548010110855103,0.001,3,128,4,1,cuda,2000,True,80,30
SIREN,1,outer/12-2_0-0/AuAu200_170kHz_10C_Iter2_3001.xml_TPCMLDataInterface_1.npy,170.34992705195782,15.244594136755884,0.0019358069403097034,27.559834718704224,0.001,3,128,4,1,cuda,2000,True,80,45
SIREN,2,outer/12-2_1-0/AuAu200_170kHz_10C_Iter2_3001.xml_TPCMLDataInterface_1.npy,248.33728664658634,15.244594136755884,0.002659357152879238,27.556626081466675,0.001,3,128,4,1,cuda,2000,True,80,45
SIREN,3,outer/12-2_2-0/AuAu200_170kHz_10C_Iter2_3001.xml_TPCMLDataInterface_1.npy,200.1094325217537,15.244594136755884,0.002263405593112111,27.55522322654724,0.001,3,128,4,1,cuda,2000,True,80,45
SIREN,4,outer/12-2_3-0/AuAu200_170kHz_10C_Iter2_3001.xml_TPCMLDataInterface_1.npy,193.77860399933067,15.244594136755884,0.0021131993271410465,27.669917345046997,0.001,3,128,4,1,cuda,2000,True,80,45
SIREN,5,outer/12-2_4-0/AuAu200_170kHz_10C_Iter2_3001.xml_TPCMLDataInterface_1.npy,171.1618936684237,15.244594136755884,0.00227744085714221,27.567811012268066,0.001,3,128,4,1,cuda,2000,True,80,45
SIREN,1,outer/12-2_0-0/AuAu200_170kHz_10C_Iter2_3001.xml_TPCMLDataInterface_1.npy,119.60866512926707,15.244594136755884,0.0016035139560699463,27.586718320846558,0.001,3,128,4,1,cuda,2000,True,100,15
SIREN,2,outer/12-2_1-0/AuAu200_170kHz_10C_Iter2_3001.xml_TPCMLDataInterface_1.npy,145.91696604124832,15.244594136755884,0.0018111647805199027,27.565857410430908,0.001,3,128,4,1,cuda,2000,True,100,15
SIREN,3,outer/12-2_2-0/AuAu200_170kHz_10C_Iter2_3001.xml_TPCMLDataInterface_1.npy,120.22205357889892,15.244594136755884,0.001623696880415082,27.543386697769165,0.001,3,128,4,1,cuda,2000,True,100,15
SIREN,4,outer/12-2_3-0/AuAu200_170kHz_10C_Iter2_3001.xml_TPCMLDataInterface_1.npy,115.99550284471218,15.244594136755884,0.0015969190280884504,27.546143054962158,0.001,3,128,4,1,cuda,2000,True,100,15
SIREN,5,outer/12-2_4-0/AuAu200_170kHz_10C_Iter2_3001.xml_TPCMLDataInterface_1.npy,126.84333819653614,15.244594136755884,0.0018173165153712034,27.546722888946533,0.001,3,128,4,1,cuda,2000,True,100,15
SIREN,1,outer/12-2_0-0/AuAu200_170kHz_10C_Iter2_3001.xml_TPCMLDataInterface_1.npy,127.49336669595047,15.244594136755884,0.0019054542062804103,27.54756808280945,0.001,3,128,4,1,cuda,2000,True,100,30
SIREN,2,outer/12-2_1-0/AuAu200_170kHz_10C_Iter2_3001.xml_TPCMLDataInterface_1.npy,182.19104281710173,15.244594136755884,0.0019860793836414814,27.5515034198761,0.001,3,128,4,1,cuda,2000,True,100,30
SIREN,3,outer/12-2_2-0/AuAu200_170kHz_10C_Iter2_3001.xml_TPCMLDataInterface_1.npy,112.14523458417001,15.244594136755884,0.0016407533548772335,27.549108505249023,0.001,3,128,4,1,cuda,2000,True,100,30
SIREN,4,outer/12-2_3-0/AuAu200_170kHz_10C_Iter2_3001.xml_TPCMLDataInterface_1.npy,122.42304635207496,15.244594136755884,0.001856333459727466,27.58311128616333,0.001,3,128,4,1,cuda,2000,True,100,30
SIREN,5,outer/12-2_4-0/AuAu200_170kHz_10C_Iter2_3001.xml_TPCMLDataInterface_1.npy,95.48940553882196,15.244594136755884,0.0014398304047062993,27.59248995780945,0.001,3,128,4,1,cuda,2000,True,100,30
SIREN,1,outer/12-2_0-0/AuAu200_170kHz_10C_Iter2_3001.xml_TPCMLDataInterface_1.npy,243.39455739625168,15.244594136755884,0.0022666810546070337,27.588579893112183,0.001,3,128,4,1,cuda,2000,True,100,45
SIREN,2,outer/12-2_1-0/AuAu200_170kHz_10C_Iter2_3001.xml_TPCMLDataInterface_1.npy,184.46482414031124,15.244594136755884,0.0022883941419422626,27.549154043197632,0.001,3,128,4,1,cuda,2000,True,100,45
SIREN,3,outer/12-2_2-0/AuAu200_170kHz_10C_Iter2_3001.xml_TPCMLDataInterface_1.npy,125.47984777652276,15.244594136755884,0.0018201149068772793,27.54575800895691,0.001,3,128,4,1,cuda,2000,True,100,45
SIREN,4,outer/12-2_3-0/AuAu200_170kHz_10C_Iter2_3001.xml_TPCMLDataInterface_1.npy,126.93730651773761,15.244594136755884,0.001736850943416357,27.544210195541382,0.001,3,128,4,1,cuda,2000,True,100,45
SIREN,5,outer/12-2_4-0/AuAu200_170kHz_10C_Iter2_3001.xml_TPCMLDataInterface_1.npy,178.7108891294344,15.244594136755884,0.0021853444632142782,27.55483078956604,0.001,3,128,4,1,cuda,2000,True,100,45
SIREN,1,outer/12-2_0-0/AuAu200_170kHz_10C_Iter2_3001.xml_TPCMLDataInterface_1.npy,127.612257624247,15.244594136755884,0.0014340041670948267,27.547617197036743,0.001,3,128,4,1,cuda,2000,True,120,15
SIREN,2,outer/12-2_1-0/AuAu200_170kHz_10C_Iter2_3001.xml_TPCMLDataInterface_1.npy,137.03034141775436,15.244594136755884,0.0017126420279964805,27.54141902923584,0.001,3,128,4,1,cuda,2000,True,120,15
SIREN,3,outer/12-2_2-0/AuAu200_170kHz_10C_Iter2_3001.xml_TPCMLDataInterface_1.npy,118.4698873619478,15.244594136755884,0.0015263828681781888,27.592077016830444,0.001,3,128,4,1,cuda,2000,True,120,15
SIREN,4,outer/12-2_3-0/AuAu200_170kHz_10C_Iter2_3001.xml_TPCMLDataInterface_1.npy,111.31100966365462,15.244594136755884,0.0014439979568123817,27.548940181732178,0.001,3,128,4,1,cuda,2000,True,120,15
SIREN,5,outer/12-2_4-0/AuAu200_170kHz_10C_Iter2_3001.xml_TPCMLDataInterface_1.npy,110.36052412776104,15.244594136755884,0.001473399344831705,27.548344135284424,0.001,3,128,4,1,cuda,2000,True,120,15
SIREN,1,outer/12-2_0-0/AuAu200_170kHz_10C_Iter2_3001.xml_TPCMLDataInterface_1.npy,127.57314021711848,15.244594136755884,0.001721855136565864,27.558691024780273,0.001,3,128,4,1,cuda,2000,True,120,30
SIREN,2,outer/12-2_1-0/AuAu200_170kHz_10C_Iter2_3001.xml_TPCMLDataInterface_1.npy,177.2130827999498,15.244594136755884,0.002140314783900976,27.549088716506958,0.001,3,128,4,1,cuda,2000,True,120,30
SIREN,3,outer/12-2_2-0/AuAu200_170kHz_10C_Iter2_3001.xml_TPCMLDataInterface_1.npy,105.15271633408635,15.244594136755884,0.0014778169570490718,27.590548992156982,0.001,3,128,4,1,cuda,2000,True,120,30
SIREN,4,outer/12-2_3-0/AuAu200_170kHz_10C_Iter2_3001.xml_TPCMLDataInterface_1.npy,104.48227676330322,15.244594136755884,0.0015561309410259128,27.546945095062256,0.001,3,128,4,1,cuda,2000,True,120,30
SIREN,5,outer/12-2_4-0/AuAu200_170kHz_10C_Iter2_3001.xml_TPCMLDataInterface_1.npy,124.33090434655288,15.244594136755884,0.0019118385389447212,27.542410135269165,0.001,3,128,4,1,cuda,2000,True,120,30
SIREN,1,outer/12-2_0-0/AuAu200_170kHz_10C_Iter2_3001.xml_TPCMLDataInterface_1.npy,219.38099272088354,15.244594136755884,0.0021923070307821035,27.586267471313477,0.001,3,128,4,1,cuda,2000,True,120,45
SIREN,2,outer/12-2_1-0/AuAu200_170kHz_10C_Iter2_3001.xml_TPCMLDataInterface_1.npy,198.36438069988287,15.244594136755884,0.002472484018653631,27.551530838012695,0.001,3,128,4,1,cuda,2000,True,120,45
SIREN,3,outer/12-2_2-0/AuAu200_170kHz_10C_Iter2_3001.xml_TPCMLDataInterface_1.npy,152.65643171644913,15.244594136755884,0.0018999285530298948,27.544559478759766,0.001,3,128,4,1,cuda,2000,True,120,45
SIREN,4,outer/12-2_3-0/AuAu200_170kHz_10C_Iter2_3001.xml_TPCMLDataInterface_1.npy,133.31376155664324,15.244594136755884,0.0018097830470651388,27.546106815338135,0.001,3,128,4,1,cuda,2000,True,120,45
SIREN,5,outer/12-2_4-0/AuAu200_170kHz_10C_Iter2_3001.xml_TPCMLDataInterface_1.npy,141.13576048987616,15.244594136755884,0.0020666804630309343,27.546875715255737,0.001,3,128,4,1,cuda,2000,True,120,45
SIREN,1,outer/12-2_0-0/AuAu200_170kHz_10C_Iter2_3001.xml_TPCMLDataInterface_1.npy,134.2929779011881,15.244594136755884,0.0017633142415434122,27.54505968093872,0.001,3,128,4,1,cuda,2000,True,150,15
SIREN,2,outer/12-2_1-0/AuAu200_170kHz_10C_Iter2_3001.xml_TPCMLDataInterface_1.npy,142.63603502551874,15.244594136755884,0.0018173374701291323,27.54861617088318,0.001,3,128,4,1,cuda,2000,True,150,15
SIREN,3,outer/12-2_2-0/AuAu200_170kHz_10C_Iter2_3001.xml_TPCMLDataInterface_1.npy,89.01698983433735,15.244594136755884,0.0013701478019356728,27.55630350112915,0.001,3,128,4,1,cuda,2000,True,150,15
SIREN,4,outer/12-2_3-0/AuAu200_170kHz_10C_Iter2_3001.xml_TPCMLDataInterface_1.npy,106.13279289031125,15.244594136755884,0.0013846009969711304,27.551148414611816,0.001,3,128,4,1,cuda,2000,True,150,15
SIREN,5,outer/12-2_4-0/AuAu200_170kHz_10C_Iter2_3001.xml_TPCMLDataInterface_1.npy,108.54460419804217,15.244594136755884,0.0015208427794277668,27.550670862197876,0.001,3,128,4,1,cuda,2000,True,150,15
SIREN,1,outer/12-2_0-0/AuAu200_170kHz_10C_Iter2_3001.xml_TPCMLDataInterface_1.npy,199.8670450029284,15.244594136755884,0.0023689749650657177,27.551377058029175,0.001,3,128,4,1,cuda,2000,True,150,30
SIREN,2,outer/12-2_1-0/AuAu200_170kHz_10C_Iter2_3001.xml_TPCMLDataInterface_1.npy,196.82261337014725,15.244594136755884,0.002289043040946126,27.550200700759888,0.001,3,128,4,1,cuda,2000,True,150,30
SIREN,3,outer/12-2_2-0/AuAu200_170kHz_10C_Iter2_3001.xml_TPCMLDataInterface_1.npy,137.31675268783468,15.244594136755884,0.0016650942852720618,27.54395818710327,0.001,3,128,4,1,cuda,2000,True,150,30
SIREN,4,outer/12-2_3-0/AuAu200_170kHz_10C_Iter2_3001.xml_TPCMLDataInterface_1.npy,131.45644557396253,15.244594136755884,0.001779831014573574,27.58078622817993,0.001,3,128,4,1,cuda,2000,True,150,30
SIREN,5,outer/12-2_4-0/AuAu200_170kHz_10C_Iter2_3001.xml_TPCMLDataInterface_1.npy,146.48755699882864,15.244594136755884,0.002166779711842537,27.540247440338135,0.001,3,128,4,1,cuda,2000,True,150,30
SIREN,1,outer/12-2_0-0/AuAu200_170kHz_10C_Iter2_3001.xml_TPCMLDataInterface_1.npy,205.39603335215864,15.244594136755884,0.002697116695344448,27.592520236968994,0.001,3,128,4,1,cuda,2000,True,150,45
SIREN,2,outer/12-2_1-0/AuAu200_170kHz_10C_Iter2_3001.xml_TPCMLDataInterface_1.npy,262.4711201577142,15.244594136755884,0.0026228392962366343,27.549720287322998,0.001,3,128,4,1,cuda,2000,True,150,45
SIREN,3,outer/12-2_2-0/AuAu200_170kHz_10C_Iter2_3001.xml_TPCMLDataInterface_1.npy,249.0024878158467,15.244594136755884,0.00242749135941267,27.57165813446045,0.001,3,128,4,1,cuda,2000,True,150,45
SIREN,4,outer/12-2_3-0/AuAu200_170kHz_10C_Iter2_3001.xml_TPCMLDataInterface_1.npy,140.9556075865964,15.244594136755884,0.0019473719876259565,27.543487548828125,0.001,3,128,4,1,cuda,2000,True,150,45
SIREN,5,outer/12-2_4-0/AuAu200_170kHz_10C_Iter2_3001.xml_TPCMLDataInterface_1.npy,179.68871187876505,15.244594136755884,0.0021445732563734055,27.54259467124939,0.001,3,128,4,1,cuda,2000,True,150,45
SIREN,1,outer/12-2_0-0/AuAu200_170kHz_10C_Iter2_3001.xml_TPCMLDataInterface_1.npy,162.27656459170012,15.244594136755884,0.0019006166839972138,27.538686513900757,0.001,3,128,4,1,cuda,2000,True,200,15
SIREN,2,outer/12-2_1-0/AuAu200_170kHz_10C_Iter2_3001.xml_TPCMLDataInterface_1.npy,173.23108972347725,15.244594136755884,0.0020907314028590918,27.53980851173401,0.001,3,128,4,1,cuda,2000,True,200,15
SIREN,3,outer/12-2_2-0/AuAu200_170kHz_10C_Iter2_3001.xml_TPCMLDataInterface_1.npy,136.32190872866465,15.244594136755884,0.0016405164496973157,27.54361343383789,0.001,3,128,4,1,cuda,2000,True,200,15
SIREN,4,outer/12-2_3-0/AuAu200_170kHz_10C_Iter2_3001.xml_TPCMLDataInterface_1.npy,116.21962459211848,15.244594136755884,0.0013930833665654063,27.556581258773804,0.001,3,128,4,1,cuda,2000,True,200,15
SIREN,5,outer/12-2_4-0/AuAu200_170kHz_10C_Iter2_3001.xml_TPCMLDataInterface_1.npy,117.34475401606426,15.244594136755884,0.0014661483000963926,27.539745807647705,0.001,3,128,4,1,cuda,2000,True,200,15
SIREN,1,outer/12-2_0-0/AuAu200_170kHz_10C_Iter2_3001.xml_TPCMLDataInterface_1.npy,135.45392115336347,15.244594136755884,0.0014897522050887346,27.548004865646362,0.001,3,128,4,1,cuda,2000,True,200,30
SIREN,2,outer/12-2_1-0/AuAu200_170kHz_10C_Iter2_3001.xml_TPCMLDataInterface_1.npy,356.01497918758366,15.244594136755884,0.004208486061543226,27.54576587677002,0.001,3,128,4,1,cuda,2000,True,200,30
SIREN,3,outer/12-2_2-0/AuAu200_170kHz_10C_Iter2_3001.xml_TPCMLDataInterface_1.npy,184.04237130814926,15.244594136755884,0.002142280340194702,27.590561866760254,0.001,3,128,4,1,cuda,2000,True,200,30
SIREN,4,outer/12-2_3-0/AuAu200_170kHz_10C_Iter2_3001.xml_TPCMLDataInterface_1.npy,201.84052224523091,15.244594136755884,0.0026057467330247164,27.548426628112793,0.001,3,128,4,1,cuda,2000,True,200,30
SIREN,5,outer/12-2_4-0/AuAu200_170kHz_10C_Iter2_3001.xml_TPCMLDataInterface_1.npy,183.2652328062249,15.244594136755884,0.0022739307023584843,27.559072256088257,0.001,3,128,4,1,cuda,2000,True,200,30
SIREN,1,outer/12-2_0-0/AuAu200_170kHz_10C_Iter2_3001.xml_TPCMLDataInterface_1.npy,237.96757734061245,15.244594136755884,0.002443121513351798,27.55640482902527,0.001,3,128,4,1,cuda,2000,True,200,45
SIREN,2,outer/12-2_1-0/AuAu200_170kHz_10C_Iter2_3001.xml_TPCMLDataInterface_1.npy,372.5371512090027,15.244594136755884,0.004262826405465603,27.543046951293945,0.001,3,128,4,1,cuda,2000,True,200,45
SIREN,3,outer/12-2_2-0/AuAu200_170kHz_10C_Iter2_3001.xml_TPCMLDataInterface_1.npy,170.60522428254686,15.244594136755884,0.00196684873662889,27.54105854034424,0.001,3,128,4,1,cuda,2000,True,200,45
SIREN,4,outer/12-2_3-0/AuAu200_170kHz_10C_Iter2_3001.xml_TPCMLDataInterface_1.npy,276.88476823962515,15.244594136755884,0.0031680769752711058,27.53981852531433,0.001,3,128,4,1,cuda,2000,True,200,45
SIREN,5,outer/12-2_4-0/AuAu200_170kHz_10C_Iter2_3001.xml_TPCMLDataInterface_1.npy,200.57071123033802,15.244594136755884,0.002767751691862941,27.576836824417114,0.001,3,128,4,1,cuda,2000,True,200,45
SIREN,1,outer/12-2_0-0/AuAu200_170kHz_10C_Iter2_3001.xml_TPCMLDataInterface_1.npy,103.45921576932732,5.757182102133744,0.0024534992408007383,48.92466354370117,0.001,3,256,3,1,cuda,2000,True,80,15
SIREN,2,outer/12-2_1-0/AuAu200_170kHz_10C_Iter2_3001.xml_TPCMLDataInterface_1.npy,128.17471317561913,5.757182102133744,0.0027640725020319223,48.935044050216675,0.001,3,256,3,1,cuda,2000,True,80,15
SIREN,3,outer/12-2_2-0/AuAu200_170kHz_10C_Iter2_3001.xml_TPCMLDataInterface_1.npy,105.03740090570616,5.757182102133744,0.002438857452943921,48.934316635131836,0.001,3,256,3,1,cuda,2000,True,80,15
SIREN,4,outer/12-2_3-0/AuAu200_170kHz_10C_Iter2_3001.xml_TPCMLDataInterface_1.npy,84.94272532839692,5.757182102133744,0.00241639232262969,48.88511872291565,0.001,3,256,3,1,cuda,2000,True,80,15
SIREN,5,outer/12-2_4-0/AuAu200_170kHz_10C_Iter2_3001.xml_TPCMLDataInterface_1.npy,94.0510531710174,5.757182102133744,0.0025364782195538282,48.884305477142334,0.001,3,256,3,1,cuda,2000,True,80,15
SIREN,1,outer/12-2_0-0/AuAu200_170kHz_10C_Iter2_3001.xml_TPCMLDataInterface_1.npy,82.2100498347557,5.757182102133744,0.0017666631611064076,48.901437759399414,0.001,3,256,3,1,cuda,2000,True,80,30
SIREN,2,outer/12-2_1-0/AuAu200_170kHz_10C_Iter2_3001.xml_TPCMLDataInterface_1.npy,91.74330263763387,5.757182102133744,0.0018096525454893708,48.899354457855225,0.001,3,256,3,1,cuda,2000,True,80,30
SIREN,3,outer/12-2_2-0/AuAu200_170kHz_10C_Iter2_3001.xml_TPCMLDataInterface_1.npy,82.81783514265395,5.757182102133744,0.0017412812449038029,48.99127554893494,0.001,3,256,3,1,cuda,2000,True,80,30
SIREN,4,outer/12-2_3-0/AuAu200_170kHz_10C_Iter2_3001.xml_TPCMLDataInterface_1.npy,57.320035349732265,5.757182102133744,0.0015569658717140555,48.91109776496887,0.001,3,256,3,1,cuda,2000,True,80,30
SIREN,5,outer/12-2_4-0/AuAu200_170kHz_10C_Iter2_3001.xml_TPCMLDataInterface_1.npy,67.56888230003347,5.757182102133744,0.0021328877191990614,48.869521141052246,0.001,3,256,3,1,cuda,2000,True,80,30
SIREN,1,outer/12-2_0-0/AuAu200_170kHz_10C_Iter2_3001.xml_TPCMLDataInterface_1.npy,123.60917367386212,5.757182102133744,0.0029627270996570587,48.92281651496887,0.001,3,256,3,1,cuda,2000,True,80,45
SIREN,2,outer/12-2_1-0/AuAu200_170kHz_10C_Iter2_3001.xml_TPCMLDataInterface_1.npy,116.61769735190764,5.757182102133744,0.0028206573333591223,48.87450075149536,0.001,3,256,3,1,cuda,2000,True,80,45
SIREN,3,outer/12-2_2-0/AuAu200_170kHz_10C_Iter2_3001.xml_TPCMLDataInterface_1.npy,102.5735703229585,5.757182102133744,0.002646505367010832,48.8991756439209,0.001,3,256,3,1,cuda,2000,True,80,45
SIREN,4,outer/12-2_3-0/AuAu200_170kHz_10C_Iter2_3001.xml_TPCMLDataInterface_1.npy,81.04283932605422,5.757182102133744,0.002470620907843113,48.90001344680786,0.001,3,256,3,1,cuda,2000,True,80,45
SIREN,5,outer/12-2_4-0/AuAu200_170kHz_10C_Iter2_3001.xml_TPCMLDataInterface_1.npy,82.78303317436412,5.757182102133744,0.0026573350187391043,48.91296625137329,0.001,3,256,3,1,cuda,2000,True,80,45
SIREN,1,outer/12-2_0-0/AuAu200_170kHz_10C_Iter2_3001.xml_TPCMLDataInterface_1.npy,96.12599747950134,5.757182102133744,0.002332801930606365,48.95695495605469,0.001,3,256,3,1,cuda,2000,True,100,15
SIREN,2,outer/12-2_1-0/AuAu200_170kHz_10C_Iter2_3001.xml_TPCMLDataInterface_1.npy,118.01223252384538,5.757182102133744,0.0025649056769907475,48.91420578956604,0.001,3,256,3,1,cuda,2000,True,100,15
SIREN,3,outer/12-2_2-0/AuAu200_170kHz_10C_Iter2_3001.xml_TPCMLDataInterface_1.npy,98.11554813002007,5.757182102133744,0.0023726937361061573,48.93061971664429,0.001,3,256,3,1,cuda,2000,True,100,15
SIREN,4,outer/12-2_3-0/AuAu200_170kHz_10C_Iter2_3001.xml_TPCMLDataInterface_1.npy,79.54389432730923,5.757182102133744,0.002348626498132944,48.90528988838196,0.001,3,256,3,1,cuda,2000,True,100,15
SIREN,5,outer/12-2_4-0/AuAu200_170kHz_10C_Iter2_3001.xml_TPCMLDataInterface_1.npy,89.78760353915662,5.757182102133744,0.0024388330057263374,48.91615295410156,0.001,3,256,3,1,cuda,2000,True,100,15
SIREN,1,outer/12-2_0-0/AuAu200_170kHz_10C_Iter2_3001.xml_TPCMLDataInterface_1.npy,49.26410721009036,5.757182102133744,0.0008664535125717521,48.936384201049805,0.001,3,256,3,1,cuda,2000,True,100,30
SIREN,2,outer/12-2_1-0/AuAu200_170kHz_10C_Iter2_3001.xml_TPCMLDataInterface_1.npy,67.82945976614792,5.757182102133744,0.0010751598747447133,48.90042757987976,0.001,3,256,3,1,cuda,2000,True,100,30
SIREN,3,outer/12-2_2-0/AuAu200_170kHz_10C_Iter2_3001.xml_TPCMLDataInterface_1.npy,69.14788842871486,5.757182102133744,0.0015540884342044592,48.868441581726074,0.001,3,256,3,1,cuda,2000,True,100,30
SIREN,4,outer/12-2_3-0/AuAu200_170kHz_10C_Iter2_3001.xml_TPCMLDataInterface_1.npy,41.14358737031459,5.757182102133744,0.0008101018029265106,48.918678760528564,0.001,3,256,3,1,cuda,2000,True,100,30
SIREN,5,outer/12-2_4-0/AuAu200_170kHz_10C_Iter2_3001.xml_TPCMLDataInterface_1.npy,48.56944313713186,5.757182102133744,0.0010444273939356208,48.878416776657104,0.001,3,256,3,1,cuda,2000,True,100,30
SIREN,1,outer/12-2_0-0/AuAu200_170kHz_10C_Iter2_3001.xml_TPCMLDataInterface_1.npy,90.34167268030455,5.757182102133744,0.0023421815130859613,48.85431718826294,0.001,3,256,3,1,cuda,2000,True,100,45
SIREN,2,outer/12-2_1-0/AuAu200_170kHz_10C_Iter2_3001.xml_TPCMLDataInterface_1.npy,83.76643161186412,5.757182102133744,0.0016884979559108615,48.92568373680115,0.001,3,256,3,1,cuda,2000,True,100,45
SIREN,3,outer/12-2_2-0/AuAu200_170kHz_10C_Iter2_3001.xml_TPCMLDataInterface_1.npy,135.3510761797189,5.757182102133744,0.003125611459836364,48.84238123893738,0.001,3,256,3,1,cuda,2000,True,100,45
SIREN,4,outer/12-2_3-0/AuAu200_170kHz_10C_Iter2_3001.xml_TPCMLDataInterface_1.npy,71.97427601029116,5.757182102133744,0.0022785011678934097,48.85062623023987,0.001,3,256,3,1,cuda,2000,True,100,45
SIREN,5,outer/12-2_4-0/AuAu200_170kHz_10C_Iter2_3001.xml_TPCMLDataInterface_1.npy,109.23567839064592,5.757182102133744,0.0027560810558497906,48.84716057777405,0.001,3,256,3,1,cuda,2000,True,100,45
SIREN,1,outer/12-2_0-0/AuAu200_170kHz_10C_Iter2_3001.xml_TPCMLDataInterface_1.npy,95.71873561956158,5.757182102133744,0.00220440118573606,48.85041069984436,0.001,3,256,3,1,cuda,2000,True,120,15
SIREN,2,outer/12-2_1-0/AuAu200_170kHz_10C_Iter2_3001.xml_TPCMLDataInterface_1.npy,106.19213834504686,5.757182102133744,0.002501237438991666,48.85074162483215,0.001,3,256,3,1,cuda,2000,True,120,15
SIREN,3,outer/12-2_2-0/AuAu200_170kHz_10C_Iter2_3001.xml_TPCMLDataInterface_1.npy,74.6843859814257,5.757182102133744,0.0021714097820222378,48.83427548408508,0.001,3,256,3,1,cuda,2000,True,120,15
SIREN,4,outer/12-2_3-0/AuAu200_170kHz_10C_Iter2_3001.xml_TPCMLDataInterface_1.npy,66.03292858935743,5.757182102133744,0.002148062689229846,48.83071565628052,0.001,3,256,3,1,cuda,2000,True,120,15
SIREN,5,outer/12-2_4-0/AuAu200_170kHz_10C_Iter2_3001.xml_TPCMLDataInterface_1.npy,73.00401344963186,5.757182102133744,0.0022965874522924423,48.852036237716675,0.001,3,256,3,1,cuda,2000,True,120,15
SIREN,1,outer/12-2_0-0/AuAu200_170kHz_10C_Iter2_3001.xml_TPCMLDataInterface_1.npy,29.90193717578648,5.757182102133744,0.0005076558445580304,48.88511371612549,0.001,3,256,3,1,cuda,2000,True,120,30
SIREN,2,outer/12-2_1-0/AuAu200_170kHz_10C_Iter2_3001.xml_TPCMLDataInterface_1.npy,51.34676335550535,5.757182102133744,0.0007069199346005917,48.86844825744629,0.001,3,256,3,1,cuda,2000,True,120,30
SIREN,3,outer/12-2_2-0/AuAu200_170kHz_10C_Iter2_3001.xml_TPCMLDataInterface_1.npy,27.664228528698125,5.757182102133744,0.0004542289534583688,48.88083553314209,0.001,3,256,3,1,cuda,2000,True,120,30
SIREN,4,outer/12-2_3-0/AuAu200_170kHz_10C_Iter2_3001.xml_TPCMLDataInterface_1.npy,21.2216718436245,5.757182102133744,0.0003409518103580922,48.87781739234924,0.001,3,256,3,1,cuda,2000,True,120,30
SIREN,5,outer/12-2_4-0/AuAu200_170kHz_10C_Iter2_3001.xml_TPCMLDataInterface_1.npy,57.708947770247654,5.757182102133744,0.0010799450101330876,48.86454772949219,0.001,3,256,3,1,cuda,2000,True,120,30
SIREN,1,outer/12-2_0-0/AuAu200_170kHz_10C_Iter2_3001.xml_TPCMLDataInterface_1.npy,125.83758602116801,5.757182102133744,0.00280506513081491,48.82019829750061,0.001,3,256,3,1,cuda,2000,True,120,45
SIREN,2,outer/12-2_1-0/AuAu200_170kHz_10C_Iter2_3001.xml_TPCMLDataInterface_1.npy,106.78670018616131,5.757182102133744,0.0025448319502174854,48.83904433250427,0.001,3,256,3,1,cuda,2000,True,120,45
SIREN,3,outer/12-2_2-0/AuAu200_170kHz_10C_Iter2_3001.xml_TPCMLDataInterface_1.npy,107.54389301999666,5.757182102133744,0.0026046428829431534,48.855486154556274,0.001,3,256,3,1,cuda,2000,True,120,45
SIREN,4,outer/12-2_3-0/AuAu200_170kHz_10C_Iter2_3001.xml_TPCMLDataInterface_1.npy,107.33763962098394,5.757182102133744,0.0028398879803717136,48.832358837127686,0.001,3,256,3,1,cuda,2000,True,120,45
SIREN,5,outer/12-2_4-0/AuAu200_170kHz_10C_Iter2_3001.xml_TPCMLDataInterface_1.npy,87.11491539072958,5.757182102133744,0.0025864129420369864,48.80353832244873,0.001,3,256,3,1,cuda,2000,True,120,45
SIREN,1,outer/12-2_0-0/AuAu200_170kHz_10C_Iter2_3001.xml_TPCMLDataInterface_1.npy,72.69802386629853,5.757182102133744,0.0021868660114705563,48.83276319503784,0.001,3,256,3,1,cuda,2000,True,150,15
SIREN,2,outer/12-2_1-0/AuAu200_170kHz_10C_Iter2_3001.xml_TPCMLDataInterface_1.npy,95.4377248577644,5.757182102133744,0.0022597520146518946,48.870378255844116,0.001,3,256,3,1,cuda,2000,True,150,15
SIREN,3,outer/12-2_2-0/AuAu200_170kHz_10C_Iter2_3001.xml_TPCMLDataInterface_1.npy,62.552560502426374,5.757182102133744,0.0018009082414209843,48.92848229408264,0.001,3,256,3,1,cuda,2000,True,150,15
SIREN,4,outer/12-2_3-0/AuAu200_170kHz_10C_Iter2_3001.xml_TPCMLDataInterface_1.npy,69.180007791583,5.757182102133744,0.0018905849428847432,48.875293016433716,0.001,3,256,3,1,cuda,2000,True,150,15
SIREN,5,outer/12-2_4-0/AuAu200_170kHz_10C_Iter2_3001.xml_TPCMLDataInterface_1.npy,72.42432228915662,5.757182102133744,0.0019697232637554407,48.851892709732056,0.001,3,256,3,1,cuda,2000,True,150,15
SIREN,1,outer/12-2_0-0/AuAu200_170kHz_10C_Iter2_3001.xml_TPCMLDataInterface_1.npy,23.777063985107095,5.757182102133744,0.00035792277776636183,48.87647581100464,0.001,3,256,3,1,cuda,2000,True,150,30
SIREN,2,outer/12-2_1-0/AuAu200_170kHz_10C_Iter2_3001.xml_TPCMLDataInterface_1.npy,73.59737909973227,5.757182102133744,0.0005796749610453844,48.87719440460205,0.001,3,256,3,1,cuda,2000,True,150,30
SIREN,3,outer/12-2_2-0/AuAu200_170kHz_10C_Iter2_3001.xml_TPCMLDataInterface_1.npy,22.25437296059237,5.757182102133744,0.0003220324870198965,48.94572043418884,0.001,3,256,3,1,cuda,2000,True,150,30
SIREN,4,outer/12-2_3-0/AuAu200_170kHz_10C_Iter2_3001.xml_TPCMLDataInterface_1.npy,22.55263763386881,5.757182102133744,0.0003729964082594961,48.939194679260254,0.001,3,256,3,1,cuda,2000,True,150,30
SIREN,5,outer/12-2_4-0/AuAu200_170kHz_10C_Iter2_3001.xml_TPCMLDataInterface_1.npy,31.668171383450467,5.757182102133744,0.0005259352037683129,48.91058564186096,0.001,3,256,3,1,cuda,2000,True,150,30
SIREN,1,outer/12-2_0-0/AuAu200_170kHz_10C_Iter2_3001.xml_TPCMLDataInterface_1.npy,88.06864829108099,5.757182102133744,0.001233233604580164,48.86234450340271,0.001,3,256,3,1,cuda,2000,True,150,45
SIREN,2,outer/12-2_1-0/AuAu200_170kHz_10C_Iter2_3001.xml_TPCMLDataInterface_1.npy,202.13550687123495,5.757182102133744,0.0022612824104726315,48.85258626937866,0.001,3,256,3,1,cuda,2000,True,150,45
SIREN,3,outer/12-2_2-0/AuAu200_170kHz_10C_Iter2_3001.xml_TPCMLDataInterface_1.npy,115.31210126966198,5.757182102133744,0.0023693330585956573,48.87324619293213,0.001,3,256,3,1,cuda,2000,True,150,45
SIREN,4,outer/12-2_3-0/AuAu200_170kHz_10C_Iter2_3001.xml_TPCMLDataInterface_1.npy,69.80329651941098,5.757182102133744,0.001100341440178454,48.85761117935181,0.001,3,256,3,1,cuda,2000,True,150,45
SIREN,5,outer/12-2_4-0/AuAu200_170kHz_10C_Iter2_3001.xml_TPCMLDataInterface_1.npy,99.71378613411981,5.757182102133744,0.0017276844009757042,48.835044860839844,0.001,3,256,3,1,cuda,2000,True,150,45
SIREN,1,outer/12-2_0-0/AuAu200_170kHz_10C_Iter2_3001.xml_TPCMLDataInterface_1.npy,29.862192258617803,5.757182102133744,0.0004679991980083287,48.87877058982849,0.001,3,256,3,1,cuda,2000,True,200,15
SIREN,2,outer/12-2_1-0/AuAu200_170kHz_10C_Iter2_3001.xml_TPCMLDataInterface_1.npy,74.82425535475234,5.757182102133744,0.0009531038231216371,48.8626389503479,0.001,3,256,3,1,cuda,2000,True,200,15
SIREN,3,outer/12-2_2-0/AuAu200_170kHz_10C_Iter2_3001.xml_TPCMLDataInterface_1.npy,44.44508372029786,5.757182102133744,0.0007143175462260842,48.86756944656372,0.001,3,256,3,1,cuda,2000,True,200,15
SIREN,4,outer/12-2_3-0/AuAu200_170kHz_10C_Iter2_3001.xml_TPCMLDataInterface_1.npy,63.84552271586345,5.757182102133744,0.002268390730023384,48.888277769088745,0.001,3,256,3,1,cuda,2000,True,200,15
SIREN,5,outer/12-2_4-0/AuAu200_170kHz_10C_Iter2_3001.xml_TPCMLDataInterface_1.npy,56.26012382864793,5.757182102133744,0.0008312762365676463,48.88630557060242,0.001,3,256,3,1,cuda,2000,True,200,15
SIREN,1,outer/12-2_0-0/AuAu200_170kHz_10C_Iter2_3001.xml_TPCMLDataInterface_1.npy,25.374585581910978,5.757182102133744,0.0003355495573487133,48.890897035598755,0.001,3,256,3,1,cuda,2000,True,200,30
SIREN,2,outer/12-2_1-0/AuAu200_170kHz_10C_Iter2_3001.xml_TPCMLDataInterface_1.npy,30.08403143825301,5.757182102133744,0.0003333317581564188,48.883248805999756,0.001,3,256,3,1,cuda,2000,True,200,30
SIREN,3,outer/12-2_2-0/AuAu200_170kHz_10C_Iter2_3001.xml_TPCMLDataInterface_1.npy,17.543102095883533,5.757182102133744,0.00019401921599637717,48.892168045043945,0.001,3,256,3,1,cuda,2000,True,200,30
SIREN,4,outer/12-2_3-0/AuAu200_170kHz_10C_Iter2_3001.xml_TPCMLDataInterface_1.npy,15.109888773845382,5.757182102133744,0.0001990676682908088,48.88639450073242,0.001,3,256,3,1,cuda,2000,True,200,30
SIREN,5,outer/12-2_4-0/AuAu200_170kHz_10C_Iter2_3001.xml_TPCMLDataInterface_1.npy,185.34823800409973,5.757182102133744,0.0025564341340214014,48.884013414382935,0.001,3,256,3,1,cuda,2000,True,200,30
SIREN,1,outer/12-2_0-0/AuAu200_170kHz_10C_Iter2_3001.xml_TPCMLDataInterface_1.npy,54.41254863202811,5.757182102133744,0.0004977175267413259,48.880861043930054,0.001,3,256,3,1,cuda,2000,True,200,45
SIREN,2,outer/12-2_1-0/AuAu200_170kHz_10C_Iter2_3001.xml_TPCMLDataInterface_1.npy,529.3000543842035,5.757182102133744,0.0034595795441418886,48.92221808433533,0.001,3,256,3,1,cuda,2000,True,200,45
SIREN,3,outer/12-2_2-0/AuAu200_170kHz_10C_Iter2_3001.xml_TPCMLDataInterface_1.npy,113.54796137675703,5.757182102133744,0.0011818648781627417,48.85501265525818,0.001,3,256,3,1,cuda,2000,True,200,45
SIREN,4,outer/12-2_3-0/AuAu200_170kHz_10C_Iter2_3001.xml_TPCMLDataInterface_1.npy,28.161573376840696,5.757182102133744,0.00036230264231562614,48.890809774398804,0.001,3,256,3,1,cuda,2000,True,200,45
SIREN,5,outer/12-2_4-0/AuAu200_170kHz_10C_Iter2_3001.xml_TPCMLDataInterface_1.npy,55.47035015060241,5.757182102133744,0.0006517442525364459,48.95770502090454,0.001,3,256,3,1,cuda,2000,True,200,45
SIREN,1,outer/12-2_0-0/AuAu200_170kHz_10C_Iter2_3001.xml_TPCMLDataInterface_1.npy,59.51215277777778,3.8504960811851583,0.0007617844385094941,68.478600025177,0.001,3,256,4,1,cuda,2000,True,80,15
SIREN,2,outer/12-2_1-0/AuAu200_170kHz_10C_Iter2_3001.xml_TPCMLDataInterface_1.npy,65.35334698167671,3.8504960811851583,0.0011354520684108138,68.57749629020691,0.001,3,256,4,1,cuda,2000,True,80,15
SIREN,3,outer/12-2_2-0/AuAu200_170kHz_10C_Iter2_3001.xml_TPCMLDataInterface_1.npy,54.6003061726071,3.8504960811851583,0.0011966860620304942,68.44320774078369,0.001,3,256,4,1,cuda,2000,True,80,15
SIREN,4,outer/12-2_3-0/AuAu200_170kHz_10C_Iter2_3001.xml_TPCMLDataInterface_1.npy,27.03923375794846,3.8504960811851583,0.00048290606355294585,68.4168643951416,0.001,3,256,4,1,cuda,2000,True,80,15
SIREN,5,outer/12-2_4-0/AuAu200_170kHz_10C_Iter2_3001.xml_TPCMLDataInterface_1.npy,32.35177297732597,3.8504960811851583,0.00044389916001819074,68.42187428474426,0.001,3,256,4,1,cuda,2000,True,80,15
SIREN,1,outer/12-2_0-0/AuAu200_170kHz_10C_Iter2_3001.xml_TPCMLDataInterface_1.npy,6.319913769661981,3.8504960811851583,5.7223678595619276e-05,68.45335578918457,0.001,3,256,4,1,cuda,2000,True,80,30
SIREN,2,outer/12-2_1-0/AuAu200_170kHz_10C_Iter2_3001.xml_TPCMLDataInterface_1.npy,64.2965717034806,3.8504960811851583,0.0003818969416897744,68.45767831802368,0.001,3,256,4,1,cuda,2000,True,80,30
SIREN,3,outer/12-2_2-0/AuAu200_170kHz_10C_Iter2_3001.xml_TPCMLDataInterface_1.npy,6.256335236780455,3.8504960811851583,9.460957517148927e-05,68.44050312042236,0.001,3,256,4,1,cuda,2000,True,80,30
SIREN,4,outer/12-2_3-0/AuAu200_170kHz_10C_Iter2_3001.xml_TPCMLDataInterface_1.npy,30.754012142319276,3.8504960811851583,0.000133107096189633,68.39638328552246,0.001,3,256,4,1,cuda,2000,True,80,30
SIREN,5,outer/12-2_4-0/AuAu200_170kHz_10C_Iter2_3001.xml_TPCMLDataInterface_1.npy,9.498832569862785,3.8504960811851583,0.00012391101336106658,68.38579988479614,0.001,3,256,4,1,cuda,2000,True,80,30
SIREN,1,outer/12-2_0-0/AuAu200_170kHz_10C_Iter2_3001.xml_TPCMLDataInterface_1.npy,133.5744200761379,3.8504960811851583,0.0001973367907339707,68.39960837364197,0.001,3,256,4,1,cuda,2000,True,80,45
SIREN,2,outer/12-2_1-0/AuAu200_170kHz_10C_Iter2_3001.xml_TPCMLDataInterface_1.npy,6.237285077811245,3.8504960811851583,7.879386248532683e-05,68.41602849960327,0.001,3,256,4,1,cuda,2000,True,80,45
SIREN,3,outer/12-2_2-0/AuAu200_170kHz_10C_Iter2_3001.xml_TPCMLDataInterface_1.npy,50.31543883868809,3.8504960811851583,0.00011465021088952199,68.38305735588074,0.001,3,256,4,1,cuda,2000,True,80,45
SIREN,4,outer/12-2_3-0/AuAu200_170kHz_10C_Iter2_3001.xml_TPCMLDataInterface_1.npy,367.74466485734604,3.8504960811851583,0.0028567537665367126,68.37707495689392,0.001,3,256,4,1,cuda,2000,True,80,45
SIREN,5,outer/12-2_4-0/AuAu200_170kHz_10C_Iter2_3001.xml_TPCMLDataInterface_1.npy,42.77136279492972,3.8504960811851583,5.030710599385202e-05,68.39524388313293,0.001,3,256,4,1,cuda,2000,True,80,45
SIREN,1,outer/12-2_0-0/AuAu200_170kHz_10C_Iter2_3001.xml_TPCMLDataInterface_1.npy,49.3005812311747,3.8504960811851583,0.0002871626929845661,68.44202160835266,0.001,3,256,4,1,cuda,2000,True,100,15
SIREN,2,outer/12-2_1-0/AuAu200_170kHz_10C_Iter2_3001.xml_TPCMLDataInterface_1.npy,27.804386818105755,3.8504960811851583,0.00017451110761612654,68.38435196876526,0.001,3,256,4,1,cuda,2000,True,100,15
SIREN,3,outer/12-2_2-0/AuAu200_170kHz_10C_Iter2_3001.xml_TPCMLDataInterface_1.npy,24.764596144996652,3.8504960811851583,0.00032070776796899736,68.42700362205505,0.001,3,256,4,1,cuda,2000,True,100,15
SIREN,4,outer/12-2_3-0/AuAu200_170kHz_10C_Iter2_3001.xml_TPCMLDataInterface_1.npy,24.252589786228246,3.8504960811851583,0.00022614593035541475,68.41852283477783,0.001,3,256,4,1,cuda,2000,True,100,15
SIREN,5,outer/12-2_4-0/AuAu200_170kHz_10C_Iter2_3001.xml_TPCMLDataInterface_1.npy,35.07108250711178,3.8504960811851583,0.00048714116564951837,68.48588037490845,0.001,3,256,4,1,cuda,2000,True,100,15
SIREN,1,outer/12-2_0-0/AuAu200_170kHz_10C_Iter2_3001.xml_TPCMLDataInterface_1.npy,74.66408472431392,3.8504960811851583,0.00015628623077645898,68.3976469039917,0.001,3,256,4,1,cuda,2000,True,100,30
SIREN,2,outer/12-2_1-0/AuAu200_170kHz_10C_Iter2_3001.xml_TPCMLDataInterface_1.npy,2.9045753325803214,3.8504960811851583,2.5650135285104625e-05,68.40245127677917,0.001,3,256,4,1,cuda,2000,True,100,30
SIREN,3,outer/12-2_2-0/AuAu200_170kHz_10C_Iter2_3001.xml_TPCMLDataInterface_1.npy,3.0042304635207495,3.8504960811851583,2.6841908038477413e-05,68.38320875167847,0.001,3,256,4,1,cuda,2000,True,100,30
SIREN,4,outer/12-2_3-0/AuAu200_170kHz_10C_Iter2_3001.xml_TPCMLDataInterface_1.npy,7.076896126171352,3.8504960811851583,4.84658703499008e-05,68.37159562110901,0.001,3,256,4,1,cuda,2000,True,100,30
SIREN,5,outer/12-2_4-0/AuAu200_170kHz_10C_Iter2_3001.xml_TPCMLDataInterface_1.npy,37.748118777192104,3.8504960811851583,0.0002111616631736979,68.38156580924988,0.001,3,256,4,1,cuda,2000,True,100,30
SIREN,1,outer/12-2_0-0/AuAu200_170kHz_10C_Iter2_3001.xml_TPCMLDataInterface_1.npy,11.725172826723561,3.8504960811851583,2.1711464796680957e-05,68.42439484596252,0.001,3,256,4,1,cuda,2000,True,100,45
SIREN,2,outer/12-2_1-0/AuAu200_170kHz_10C_Iter2_3001.xml_TPCMLDataInterface_1.npy,94.71971218206158,3.8504960811851583,0.00015495486150030047,68.4067165851593,0.001,3,256,4,1,cuda,2000,True,100,45
SIREN,3,outer/12-2_2-0/AuAu200_170kHz_10C_Iter2_3001.xml_TPCMLDataInterface_1.npy,22.90911955112115,3.8504960811851583,8.633183460915461e-05,68.39933633804321,0.001,3,256,4,1,cuda,2000,True,100,45
SIREN,4,outer/12-2_3-0/AuAu200_170kHz_10C_Iter2_3001.xml_TPCMLDataInterface_1.npy,11.090515708668006,3.8504960811851583,0.00013546101399697363,68.40998721122742,0.001,3,256,4,1,cuda,2000,True,100,45
SIREN,5,outer/12-2_4-0/AuAu200_170kHz_10C_Iter2_3001.xml_TPCMLDataInterface_1.npy,6.274301633617805,3.8504960811851583,3.371358252479695e-05,68.42540860176086,0.001,3,256,4,1,cuda,2000,True,100,45
SIREN,1,outer/12-2_0-0/AuAu200_170kHz_10C_Iter2_3001.xml_TPCMLDataInterface_1.npy,43.189474042001336,3.8504960811851583,0.0002800273650791496,68.40899467468262,0.001,3,256,4,1,cuda,2000,True,120,15
SIREN,2,outer/12-2_1-0/AuAu200_170kHz_10C_Iter2_3001.xml_TPCMLDataInterface_1.npy,31.725181977911646,3.8504960811851583,0.00022577289200853556,68.42759227752686,0.001,3,256,4,1,cuda,2000,True,120,15
SIREN,3,outer/12-2_2-0/AuAu200_170kHz_10C_Iter2_3001.xml_TPCMLDataInterface_1.npy,20.600916687583666,3.8504960811851583,0.00016201951075345278,68.37025547027588,0.001,3,256,4,1,cuda,2000,True,120,15
SIREN,4,outer/12-2_3-0/AuAu200_170kHz_10C_Iter2_3001.xml_TPCMLDataInterface_1.npy,19.8114672230589,3.8504960811851583,0.00021378678502514958,68.40993189811707,0.001,3,256,4,1,cuda,2000,True,120,15
SIREN,5,outer/12-2_4-0/AuAu200_170kHz_10C_Iter2_3001.xml_TPCMLDataInterface_1.npy,16.352048820281123,3.8504960811851583,0.0001837795862229541,68.39118790626526,0.001,3,256,4,1,cuda,2000,True,120,15
SIREN,1,outer/12-2_0-0/AuAu200_170kHz_10C_Iter2_3001.xml_TPCMLDataInterface_1.npy,31.176393072289155,3.8504960811851583,0.00011524294677656144,68.45736241340637,0.001,3,256,4,1,cuda,2000,True,120,30
SIREN,2,outer/12-2_1-0/AuAu200_170kHz_10C_Iter2_3001.xml_TPCMLDataInterface_1.npy,44.40312552292503,3.8504960811851583,0.00034978080657310784,68.4090223312378,0.001,3,256,4,1,cuda,2000,True,120,30
SIREN,3,outer/12-2_2-0/AuAu200_170kHz_10C_Iter2_3001.xml_TPCMLDataInterface_1.npy,4.3489779430220885,3.8504960811851583,4.536352207651362e-05,68.39335870742798,0.001,3,256,4,1,cuda,2000,True,120,30
SIREN,4,outer/12-2_3-0/AuAu200_170kHz_10C_Iter2_3001.xml_TPCMLDataInterface_1.npy,24.05033545640897,3.8504960811851583,0.0001709182106424123,68.38639450073242,0.001,3,256,4,1,cuda,2000,True,120,30
SIREN,5,outer/12-2_4-0/AuAu200_170kHz_10C_Iter2_3001.xml_TPCMLDataInterface_1.npy,5.495684561161312,3.8504960811851583,4.3480918975546956e-05,68.39565110206604,0.001,3,256,4,1,cuda,2000,True,120,30
SIREN,1,outer/12-2_0-0/AuAu200_170kHz_10C_Iter2_3001.xml_TPCMLDataInterface_1.npy,673.982155183233,3.8504960811851583,0.00515702273696661,68.4368188381195,0.001,3,256,4,1,cuda,2000,True,120,45
SIREN,2,outer/12-2_1-0/AuAu200_170kHz_10C_Iter2_3001.xml_TPCMLDataInterface_1.npy,1174.4480330174865,3.8504960811851583,0.013892537914216518,68.41804552078247,0.001,3,256,4,1,cuda,2000,True,120,45
SIREN,3,outer/12-2_2-0/AuAu200_170kHz_10C_Iter2_3001.xml_TPCMLDataInterface_1.npy,1528.389654974063,3.8504960811851583,0.02723718248307705,68.40816450119019,0.001,3,256,4,1,cuda,2000,True,120,45
SIREN,4,outer/12-2_3-0/AuAu200_170kHz_10C_Iter2_3001.xml_TPCMLDataInterface_1.npy,8.74849266859103,3.8504960811851583,3.403091250220314e-05,68.4065248966217,0.001,3,256,4,1,cuda,2000,True,120,45
SIREN,5,outer/12-2_4-0/AuAu200_170kHz_10C_Iter2_3001.xml_TPCMLDataInterface_1.npy,1150.861836669595,3.8504960811851583,0.021910658106207848,68.4039146900177,0.001,3,256,4,1,cuda,2000,True,120,45
SIREN,1,outer/12-2_0-0/AuAu200_170kHz_10C_Iter2_3001.xml_TPCMLDataInterface_1.npy,14.69183766315261,3.8504960811851583,0.00010979657963616773,68.37600255012512,0.001,3,256,4,1,cuda,2000,True,150,15
SIREN,2,outer/12-2_1-0/AuAu200_170kHz_10C_Iter2_3001.xml_TPCMLDataInterface_1.npy,22.89925718498996,3.8504960811851583,0.00013066676910966635,68.39510655403137,0.001,3,256,4,1,cuda,2000,True,150,15
SIREN,3,outer/12-2_2-0/AuAu200_170kHz_10C_Iter2_3001.xml_TPCMLDataInterface_1.npy,12.675318461345382,3.8504960811851583,0.00012387949391268194,68.35917973518372,0.001,3,256,4,1,cuda,2000,True,150,15
SIREN,4,outer/12-2_3-0/AuAu200_170kHz_10C_Iter2_3001.xml_TPCMLDataInterface_1.npy,19.243314403447123,3.8504960811851583,0.00012365379370748997,68.38245511054993,0.001,3,256,4,1,cuda,2000,True,150,15
SIREN,5,outer/12-2_4-0/AuAu200_170kHz_10C_Iter2_3001.xml_TPCMLDataInterface_1.npy,27.771320960927042,3.8504960811851583,0.00011747943790396675,68.445152759552,0.001,3,256,4,1,cuda,2000,True,150,15
SIREN,1,outer/12-2_0-0/AuAu200_170kHz_10C_Iter2_3001.xml_TPCMLDataInterface_1.npy,414.5114154534806,3.8504960811851583,0.0020058739464730024,68.38091802597046,0.001,3,256,4,1,cuda,2000,True,150,30
SIREN,2,outer/12-2_1-0/AuAu200_170kHz_10C_Iter2_3001.xml_TPCMLDataInterface_1.npy,3.7819258806057565,3.8504960811851583,2.3080499886418693e-05,68.44014096260071,0.001,3,256,4,1,cuda,2000,True,150,30
SIREN,3,outer/12-2_2-0/AuAu200_170kHz_10C_Iter2_3001.xml_TPCMLDataInterface_1.npy,7.0436080258534135,3.8504960811851583,3.605513848015107e-05,68.386239528656,0.001,3,256,4,1,cuda,2000,True,150,30
SIREN,4,outer/12-2_3-0/AuAu200_170kHz_10C_Iter2_3001.xml_TPCMLDataInterface_1.npy,9.814356383868809,3.8504960811851583,4.053795782965608e-05,68.38783264160156,0.001,3,256,4,1,cuda,2000,True,150,30
SIREN,5,outer/12-2_4-0/AuAu200_170kHz_10C_Iter2_3001.xml_TPCMLDataInterface_1.npy,113.80988406752007,3.8504960811851583,0.00022997829364612699,68.38167643547058,0.001,3,256,4,1,cuda,2000,True,150,30
SIREN,1,outer/12-2_0-0/AuAu200_170kHz_10C_Iter2_3001.xml_TPCMLDataInterface_1.npy,614.7133338039658,3.8504960811851583,0.004644975531846285,68.62382197380066,0.001,3,256,4,1,cuda,2000,True,150,45
SIREN,2,outer/12-2_1-0/AuAu200_170kHz_10C_Iter2_3001.xml_TPCMLDataInterface_1.npy,1907.0226910245146,3.8504960811851583,0.03027883544564247,68.47405576705933,0.001,3,256,4,1,cuda,2000,True,150,45
SIREN,3,outer/12-2_2-0/AuAu200_170kHz_10C_Iter2_3001.xml_TPCMLDataInterface_1.npy,13.774646764139893,3.8504960811851583,7.029624975984916e-05,68.43763613700867,0.001,3,256,4,1,cuda,2000,True,150,45
SIREN,4,outer/12-2_3-0/AuAu200_170kHz_10C_Iter2_3001.xml_TPCMLDataInterface_1.npy,26.116252771502676,3.8504960811851583,6.170092092361301e-05,68.4693603515625,0.001,3,256,4,1,cuda,2000,True,150,45
SIREN,5,outer/12-2_4-0/AuAu200_170kHz_10C_Iter2_3001.xml_TPCMLDataInterface_1.npy,68.7940250585676,3.8504960811851583,0.00014527523308061063,68.4663074016571,0.001,3,256,4,1,cuda,2000,True,150,45
SIREN,1,outer/12-2_0-0/AuAu200_170kHz_10C_Iter2_3001.xml_TPCMLDataInterface_1.npy,27.232540840445115,3.8504960811851583,7.280912541318685e-05,68.3702712059021,0.001,3,256,4,1,cuda,2000,True,200,15
SIREN,2,outer/12-2_1-0/AuAu200_170kHz_10C_Iter2_3001.xml_TPCMLDataInterface_1.npy,33.38414726614793,3.8504960811851583,0.00015930444351397455,68.36002683639526,0.001,3,256,4,1,cuda,2000,True,200,15
SIREN,3,outer/12-2_2-0/AuAu200_170kHz_10C_Iter2_3001.xml_TPCMLDataInterface_1.npy,85.65785799447791,3.8504960811851583,0.0009272407041862607,68.38221573829651,0.001,3,256,4,1,cuda,2000,True,200,15
SIREN,4,outer/12-2_3-0/AuAu200_170kHz_10C_Iter2_3001.xml_TPCMLDataInterface_1.npy,15.644382216365463,3.8504960811851583,0.0001287952036364004,68.36756825447083,0.001,3,256,4,1,cuda,2000,True,200,15
SIREN,5,outer/12-2_4-0/AuAu200_170kHz_10C_Iter2_3001.xml_TPCMLDataInterface_1.npy,18.633156323209505,3.8504960811851583,0.00011728040408343077,68.38902735710144,0.001,3,256,4,1,cuda,2000,True,200,15
SIREN,1,outer/12-2_0-0/AuAu200_170kHz_10C_Iter2_3001.xml_TPCMLDataInterface_1.npy,38.40419490461847,3.8504960811851583,0.00014366063987836242,68.38775563240051,0.001,3,256,4,1,cuda,2000,True,200,30
SIREN,2,outer/12-2_1-0/AuAu200_170kHz_10C_Iter2_3001.xml_TPCMLDataInterface_1.npy,4.424477859354083,3.8504960811851583,5.765314563177526e-05,68.41982913017273,0.001,3,256,4,1,cuda,2000,True,200,30
SIREN,3,outer/12-2_2-0/AuAu200_170kHz_10C_Iter2_3001.xml_TPCMLDataInterface_1.npy,7.227386106927711,3.8504960811851583,9.62653721217066e-05,68.41495084762573,0.001,3,256,4,1,cuda,2000,True,200,30
SIREN,4,outer/12-2_3-0/AuAu200_170kHz_10C_Iter2_3001.xml_TPCMLDataInterface_1.npy,3.494549813838688,3.8504960811851583,3.98489210056141e-05,68.37652015686035,0.001,3,256,4,1,cuda,2000,True,200,30
SIREN,5,outer/12-2_4-0/AuAu200_170kHz_10C_Iter2_3001.xml_TPCMLDataInterface_1.npy,10.603128660475234,3.8504960811851583,7.828279194654897e-05,68.37832164764404,0.001,3,256,4,1,cuda,2000,True,200,30
SIREN,1,outer/12-2_0-0/AuAu200_170kHz_10C_Iter2_3001.xml_TPCMLDataInterface_1.npy,1623.8610601259204,3.8504960811851583,0.028051871806383133,68.442617893219,0.001,3,256,4,1,cuda,2000,True,200,45
SIREN,2,outer/12-2_1-0/AuAu200_170kHz_10C_Iter2_3001.xml_TPCMLDataInterface_1.npy,1217.552561809739,3.8504960811851583,0.01644698716700077,68.42039847373962,0.001,3,256,4,1,cuda,2000,True,200,45
SIREN,3,outer/12-2_2-0/AuAu200_170kHz_10C_Iter2_3001.xml_TPCMLDataInterface_1.npy,45.09713201765395,3.8504960811851583,0.00016177649376913905,68.4109137058258,0.001,3,256,4,1,cuda,2000,True,200,45
SIREN,4,outer/12-2_3-0/AuAu200_170kHz_10C_Iter2_3001.xml_TPCMLDataInterface_1.npy,643.1417349083836,3.8504960811851583,0.008307869546115398,68.41563582420349,0.001,3,256,4,1,cuda,2000,True,200,45
SIREN,5,outer/12-2_4-0/AuAu200_170kHz_10C_Iter2_3001.xml_TPCMLDataInterface_1.npy,1391.6711768950804,3.8504960811851583,0.027776695787906647,68.42254400253296,0.001,3,256,4,1,cuda,2000,True,200,45
