model,data_sample,file_name,original_mse,compression_ratio,transformed_mse,training_time,lr,in_features,hidden_features,hidden_layers,out_features,device,max_iters,sample_fraction,outermost_linear,first_omega_zero,hidden_omega_zero
SIREN,1,outer/12-2_0-0/AuAu200_170kHz_10C_Iter2_3001.xml_TPCMLDataInterface_1.npy,390.67058206785475,22.721758502896183,0.008823543787002563,2.2348034381866455,0.001,3,128,3,1,cuda,1000,0.1,True,100,45
SIREN,2,outer/12-2_1-0/AuAu200_170kHz_10C_Iter2_3001.xml_TPCMLDataInterface_1.npy,502.8426074088019,22.721758502896183,0.011171826161444187,1.8262395858764648,0.001,3,128,3,1,cuda,1000,0.1,True,100,45
SIREN,3,outer/12-2_2-0/AuAu200_170kHz_10C_Iter2_3001.xml_TPCMLDataInterface_1.npy,366.29531929802545,22.721758502896183,0.008286318741738796,1.8632209300994873,0.001,3,128,3,1,cuda,1000,0.1,True,100,45
SIREN,4,outer/12-2_3-0/AuAu200_170kHz_10C_Iter2_3001.xml_TPCMLDataInterface_1.npy,347.2272945950468,22.721758502896183,0.00817672535777092,1.8733155727386475,0.001,3,128,3,1,cuda,1000,0.1,True,100,45
SIREN,5,outer/12-2_4-0/AuAu200_170kHz_10C_Iter2_3001.xml_TPCMLDataInterface_1.npy,362.28540986864124,22.721758502896183,0.008749631233513355,1.902642011642456,0.001,3,128,3,1,cuda,1000,0.1,True,100,45
SIREN,6,outer/12-2_5-0/AuAu200_170kHz_10C_Iter2_3001.xml_TPCMLDataInterface_1.npy,480.0400455990629,22.721758502896183,0.010906482115387917,1.8686604499816895,0.001,3,128,3,1,cuda,1000,0.1,True,100,45
SIREN,7,outer/12-2_6-0/AuAu200_170kHz_10C_Iter2_3001.xml_TPCMLDataInterface_1.npy,396.62759763010376,22.721758502896183,0.008906027302145958,1.894383430480957,0.001,3,128,3,1,cuda,1000,0.1,True,100,45
SIREN,8,outer/12-2_7-0/AuAu200_170kHz_10C_Iter2_3001.xml_TPCMLDataInterface_1.npy,491.7537323774264,22.721758502896183,0.011174671351909637,1.8393559455871582,0.001,3,128,3,1,cuda,1000,0.1,True,100,45
SIREN,9,outer/12-2_8-0/AuAu200_170kHz_10C_Iter2_3001.xml_TPCMLDataInterface_1.npy,444.1877693063922,22.721758502896183,0.009599607437849045,1.866114854812622,0.001,3,128,3,1,cuda,1000,0.1,True,100,45
SIREN,10,outer/12-2_9-0/AuAu200_170kHz_10C_Iter2_3001.xml_TPCMLDataInterface_1.npy,586.7316976238286,22.721758502896183,0.012566367164254189,1.8755879402160645,0.001,3,128,3,1,cuda,1000,0.1,True,100,45
SIREN,11,outer/12-2_10-0/AuAu200_170kHz_10C_Iter2_3001.xml_TPCMLDataInterface_1.npy,480.3805809174197,22.721758502896183,0.011165449395775795,1.8931646347045898,0.001,3,128,3,1,cuda,1000,0.1,True,100,45
SIREN,12,outer/12-2_11-0/AuAu200_170kHz_10C_Iter2_3001.xml_TPCMLDataInterface_1.npy,422.7632090863454,22.721758502896183,0.008735221810638905,1.8500657081604004,0.001,3,128,3,1,cuda,1000,0.1,True,100,45
SIREN,13,outer/12-2_0-1/AuAu200_170kHz_10C_Iter2_3001.xml_TPCMLDataInterface_1.npy,401.8879345507028,22.721758502896183,0.009832576848566532,1.872161626815796,0.001,3,128,3,1,cuda,1000,0.1,True,100,45
SIREN,14,outer/12-2_1-1/AuAu200_170kHz_10C_Iter2_3001.xml_TPCMLDataInterface_1.npy,429.2575418862952,22.721758502896183,0.009092778898775578,1.8708183765411377,0.001,3,128,3,1,cuda,1000,0.1,True,100,45
SIREN,15,outer/12-2_2-1/AuAu200_170kHz_10C_Iter2_3001.xml_TPCMLDataInterface_1.npy,392.34093666331995,22.721758502896183,0.009125737473368645,1.8548669815063477,0.001,3,128,3,1,cuda,1000,0.1,True,100,45
SIREN,16,outer/12-2_3-1/AuAu200_170kHz_10C_Iter2_3001.xml_TPCMLDataInterface_1.npy,392.2031838290663,22.721758502896183,0.008656610734760761,1.8658230304718018,0.001,3,128,3,1,cuda,1000,0.1,True,100,45
SIREN,17,outer/12-2_4-1/AuAu200_170kHz_10C_Iter2_3001.xml_TPCMLDataInterface_1.npy,378.956453417838,22.721758502896183,0.008467639796435833,1.8479020595550537,0.001,3,128,3,1,cuda,1000,0.1,True,100,45
SIREN,18,outer/12-2_5-1/AuAu200_170kHz_10C_Iter2_3001.xml_TPCMLDataInterface_1.npy,389.1359382843876,22.721758502896183,0.008749205619096756,1.83632230758667,0.001,3,128,3,1,cuda,1000,0.1,True,100,45
SIREN,19,outer/12-2_6-1/AuAu200_170kHz_10C_Iter2_3001.xml_TPCMLDataInterface_1.npy,417.186109019411,22.721758502896183,0.009755213744938374,1.8319571018218994,0.001,3,128,3,1,cuda,1000,0.1,True,100,45
SIREN,20,outer/12-2_7-1/AuAu200_170kHz_10C_Iter2_3001.xml_TPCMLDataInterface_1.npy,401.95012733224564,22.721758502896183,0.009177212603390217,1.844271183013916,0.001,3,128,3,1,cuda,1000,0.1,True,100,45
SIREN,1,outer/12-2_0-0/AuAu200_170kHz_10C_Iter2_3001.xml_TPCMLDataInterface_1.npy,328.7080810220047,22.721758502896183,0.007841064594686031,2.9858808517456055,0.001,3,128,3,1,cuda,1000,0.2,True,100,45
SIREN,2,outer/12-2_1-0/AuAu200_170kHz_10C_Iter2_3001.xml_TPCMLDataInterface_1.npy,471.84516843415327,22.721758502896183,0.010158887133002281,2.9849610328674316,0.001,3,128,3,1,cuda,1000,0.2,True,100,45
SIREN,3,outer/12-2_2-0/AuAu200_170kHz_10C_Iter2_3001.xml_TPCMLDataInterface_1.npy,339.2306844565763,22.721758502896183,0.008071279153227806,2.9960310459136963,0.001,3,128,3,1,cuda,1000,0.2,True,100,45
SIREN,4,outer/12-2_3-0/AuAu200_170kHz_10C_Iter2_3001.xml_TPCMLDataInterface_1.npy,315.59791771251673,22.721758502896183,0.007682708092033863,2.9833786487579346,0.001,3,128,3,1,cuda,1000,0.2,True,100,45
SIREN,5,outer/12-2_4-0/AuAu200_170kHz_10C_Iter2_3001.xml_TPCMLDataInterface_1.npy,328.3566139558233,22.721758502896183,0.0076765138655900955,2.9946188926696777,0.001,3,128,3,1,cuda,1000,0.2,True,100,45
SIREN,6,outer/12-2_5-0/AuAu200_170kHz_10C_Iter2_3001.xml_TPCMLDataInterface_1.npy,437.5526938483099,22.721758502896183,0.01019058283418417,3.1109960079193115,0.001,3,128,3,1,cuda,1000,0.2,True,100,45
SIREN,7,outer/12-2_6-0/AuAu200_170kHz_10C_Iter2_3001.xml_TPCMLDataInterface_1.npy,359.7076456869143,22.721758502896183,0.008386681787669659,2.9883437156677246,0.001,3,128,3,1,cuda,1000,0.2,True,100,45
SIREN,8,outer/12-2_7-0/AuAu200_170kHz_10C_Iter2_3001.xml_TPCMLDataInterface_1.npy,420.88722729459505,22.721758502896183,0.009981248527765274,2.984715461730957,0.001,3,128,3,1,cuda,1000,0.2,True,100,45
SIREN,9,outer/12-2_8-0/AuAu200_170kHz_10C_Iter2_3001.xml_TPCMLDataInterface_1.npy,378.9146507906627,22.721758502896183,0.008305191062390804,2.994262218475342,0.001,3,128,3,1,cuda,1000,0.2,True,100,45
SIREN,10,outer/12-2_9-0/AuAu200_170kHz_10C_Iter2_3001.xml_TPCMLDataInterface_1.npy,477.2431000041834,22.721758502896183,0.010896437801420689,3.0153772830963135,0.001,3,128,3,1,cuda,1000,0.2,True,100,45
SIREN,11,outer/12-2_10-0/AuAu200_170kHz_10C_Iter2_3001.xml_TPCMLDataInterface_1.npy,403.39853162650604,22.721758502896183,0.009464363567531109,2.996046304702759,0.001,3,128,3,1,cuda,1000,0.2,True,100,45
SIREN,12,outer/12-2_11-0/AuAu200_170kHz_10C_Iter2_3001.xml_TPCMLDataInterface_1.npy,340.3178717474063,22.721758502896183,0.00723812822252512,2.9828453063964844,0.001,3,128,3,1,cuda,1000,0.2,True,100,45
SIREN,13,outer/12-2_0-1/AuAu200_170kHz_10C_Iter2_3001.xml_TPCMLDataInterface_1.npy,346.78158467202144,22.721758502896183,0.008551977574825287,2.990190267562866,0.001,3,128,3,1,cuda,1000,0.2,True,100,45
SIREN,14,outer/12-2_1-1/AuAu200_170kHz_10C_Iter2_3001.xml_TPCMLDataInterface_1.npy,421.8219557919177,22.721758502896183,0.00885243434458971,3.006086826324463,0.001,3,128,3,1,cuda,1000,0.2,True,100,45
SIREN,15,outer/12-2_2-1/AuAu200_170kHz_10C_Iter2_3001.xml_TPCMLDataInterface_1.npy,336.50602409638554,22.721758502896183,0.008000264875590801,3.00518536567688,0.001,3,128,3,1,cuda,1000,0.2,True,100,45
SIREN,16,outer/12-2_3-1/AuAu200_170kHz_10C_Iter2_3001.xml_TPCMLDataInterface_1.npy,346.16205969712183,22.721758502896183,0.0077518075704574585,2.9958086013793945,0.001,3,128,3,1,cuda,1000,0.2,True,100,45
SIREN,17,outer/12-2_4-1/AuAu200_170kHz_10C_Iter2_3001.xml_TPCMLDataInterface_1.npy,335.9715136588019,22.721758502896183,0.007720788940787315,3.028317928314209,0.001,3,128,3,1,cuda,1000,0.2,True,100,45
SIREN,18,outer/12-2_5-1/AuAu200_170kHz_10C_Iter2_3001.xml_TPCMLDataInterface_1.npy,331.82011117386213,22.721758502896183,0.007779729552567005,2.991356134414673,0.001,3,128,3,1,cuda,1000,0.2,True,100,45
SIREN,19,outer/12-2_6-1/AuAu200_170kHz_10C_Iter2_3001.xml_TPCMLDataInterface_1.npy,350.5410862198795,22.721758502896183,0.008472123183310032,2.986191749572754,0.001,3,128,3,1,cuda,1000,0.2,True,100,45
SIREN,20,outer/12-2_7-1/AuAu200_170kHz_10C_Iter2_3001.xml_TPCMLDataInterface_1.npy,353.49099000167337,22.721758502896183,0.00842234492301941,3.0360121726989746,0.001,3,128,3,1,cuda,1000,0.2,True,100,45
SIREN,1,outer/12-2_0-0/AuAu200_170kHz_10C_Iter2_3001.xml_TPCMLDataInterface_1.npy,313.01398824464525,22.721758502896183,0.007251515984535217,4.003198146820068,0.001,3,128,3,1,cuda,1000,0.3,True,100,45
SIREN,2,outer/12-2_1-0/AuAu200_170kHz_10C_Iter2_3001.xml_TPCMLDataInterface_1.npy,420.3446115189926,22.721758502896183,0.009336571209132671,3.998891830444336,0.001,3,128,3,1,cuda,1000,0.3,True,100,45
SIREN,3,outer/12-2_2-0/AuAu200_170kHz_10C_Iter2_3001.xml_TPCMLDataInterface_1.npy,307.822601604334,22.721758502896183,0.00750204361975193,4.002325534820557,0.001,3,128,3,1,cuda,1000,0.3,True,100,45
SIREN,4,outer/12-2_3-0/AuAu200_170kHz_10C_Iter2_3001.xml_TPCMLDataInterface_1.npy,282.78823627844713,22.721758502896183,0.007240283768624067,4.002202749252319,0.001,3,128,3,1,cuda,1000,0.3,True,100,45
SIREN,5,outer/12-2_4-0/AuAu200_170kHz_10C_Iter2_3001.xml_TPCMLDataInterface_1.npy,293.2390878618641,22.721758502896183,0.007356833666563034,3.997854471206665,0.001,3,128,3,1,cuda,1000,0.3,True,100,45
SIREN,6,outer/12-2_5-0/AuAu200_170kHz_10C_Iter2_3001.xml_TPCMLDataInterface_1.npy,397.61249163319945,22.721758502896183,0.009207582101225853,4.059176683425903,0.001,3,128,3,1,cuda,1000,0.3,True,100,45
SIREN,7,outer/12-2_6-0/AuAu200_170kHz_10C_Iter2_3001.xml_TPCMLDataInterface_1.npy,349.8020611090194,22.721758502896183,0.008241645991802216,4.002264738082886,0.001,3,128,3,1,cuda,1000,0.3,True,100,45
SIREN,8,outer/12-2_7-0/AuAu200_170kHz_10C_Iter2_3001.xml_TPCMLDataInterface_1.npy,387.752351855338,22.721758502896183,0.009473596699535847,4.003878116607666,0.001,3,128,3,1,cuda,1000,0.3,True,100,45
SIREN,9,outer/12-2_8-0/AuAu200_170kHz_10C_Iter2_3001.xml_TPCMLDataInterface_1.npy,375.1668954463688,22.721758502896183,0.008413750678300858,4.000811815261841,0.001,3,128,3,1,cuda,1000,0.3,True,100,45
SIREN,10,outer/12-2_9-0/AuAu200_170kHz_10C_Iter2_3001.xml_TPCMLDataInterface_1.npy,447.9678845590696,22.721758502896183,0.01026854570955038,3.9991683959960938,0.001,3,128,3,1,cuda,1000,0.3,True,100,45
SIREN,11,outer/12-2_10-0/AuAu200_170kHz_10C_Iter2_3001.xml_TPCMLDataInterface_1.npy,387.70087119310574,22.721758502896183,0.009329516440629959,4.003573656082153,0.001,3,128,3,1,cuda,1000,0.3,True,100,45
SIREN,12,outer/12-2_11-0/AuAu200_170kHz_10C_Iter2_3001.xml_TPCMLDataInterface_1.npy,316.8810293256359,22.721758502896183,0.006621999200433493,4.000664472579956,0.001,3,128,3,1,cuda,1000,0.3,True,100,45
SIREN,13,outer/12-2_0-1/AuAu200_170kHz_10C_Iter2_3001.xml_TPCMLDataInterface_1.npy,321.621140813253,22.721758502896183,0.008097229525446892,4.000080823898315,0.001,3,128,3,1,cuda,1000,0.3,True,100,45
SIREN,14,outer/12-2_1-1/AuAu200_170kHz_10C_Iter2_3001.xml_TPCMLDataInterface_1.npy,375.13938828229584,22.721758502896183,0.008039567619562149,4.001108169555664,0.001,3,128,3,1,cuda,1000,0.3,True,100,45
SIREN,15,outer/12-2_2-1/AuAu200_170kHz_10C_Iter2_3001.xml_TPCMLDataInterface_1.npy,337.9073337621319,22.721758502896183,0.0077588739804923534,4.005936861038208,0.001,3,128,3,1,cuda,1000,0.3,True,100,45
SIREN,16,outer/12-2_3-1/AuAu200_170kHz_10C_Iter2_3001.xml_TPCMLDataInterface_1.npy,323.4205546142905,22.721758502896183,0.0071610393933951855,4.00099515914917,0.001,3,128,3,1,cuda,1000,0.3,True,100,45
SIREN,17,outer/12-2_4-1/AuAu200_170kHz_10C_Iter2_3001.xml_TPCMLDataInterface_1.npy,310.60331429886213,22.721758502896183,0.007313592825084925,4.00075101852417,0.001,3,128,3,1,cuda,1000,0.3,True,100,45
SIREN,18,outer/12-2_5-1/AuAu200_170kHz_10C_Iter2_3001.xml_TPCMLDataInterface_1.npy,316.30515551790495,22.721758502896183,0.007277113385498524,4.0040483474731445,0.001,3,128,3,1,cuda,1000,0.3,True,100,45
SIREN,19,outer/12-2_6-1/AuAu200_170kHz_10C_Iter2_3001.xml_TPCMLDataInterface_1.npy,331.61572461721886,22.721758502896183,0.008019438944756985,3.9998080730438232,0.001,3,128,3,1,cuda,1000,0.3,True,100,45
SIREN,20,outer/12-2_7-1/AuAu200_170kHz_10C_Iter2_3001.xml_TPCMLDataInterface_1.npy,335.68070981844045,22.721758502896183,0.00798355508595705,4.001704931259155,0.001,3,128,3,1,cuda,1000,0.3,True,100,45
SIREN,1,outer/12-2_0-0/AuAu200_170kHz_10C_Iter2_3001.xml_TPCMLDataInterface_1.npy,324.0172591407296,22.721758502896183,0.007150779012590647,5.012186050415039,0.001,3,128,3,1,cuda,1000,0.4,True,100,45
SIREN,2,outer/12-2_1-0/AuAu200_170kHz_10C_Iter2_3001.xml_TPCMLDataInterface_1.npy,384.3313736717704,22.721758502896183,0.008319400250911713,5.0098347663879395,0.001,3,128,3,1,cuda,1000,0.4,True,100,45
SIREN,3,outer/12-2_2-0/AuAu200_170kHz_10C_Iter2_3001.xml_TPCMLDataInterface_1.npy,300.5300328919846,22.721758502896183,0.007222666870802641,5.012700796127319,0.001,3,128,3,1,cuda,1000,0.4,True,100,45
SIREN,4,outer/12-2_3-0/AuAu200_170kHz_10C_Iter2_3001.xml_TPCMLDataInterface_1.npy,263.19739635625837,22.721758502896183,0.006359817925840616,5.010545015335083,0.001,3,128,3,1,cuda,1000,0.4,True,100,45
SIREN,5,outer/12-2_4-0/AuAu200_170kHz_10C_Iter2_3001.xml_TPCMLDataInterface_1.npy,301.5640047167838,22.721758502896183,0.007424985058605671,5.01149582862854,0.001,3,128,3,1,cuda,1000,0.4,True,100,45
SIREN,6,outer/12-2_5-0/AuAu200_170kHz_10C_Iter2_3001.xml_TPCMLDataInterface_1.npy,380.0673788905622,22.721758502896183,0.009045565500855446,5.013701915740967,0.001,3,128,3,1,cuda,1000,0.4,True,100,45
SIREN,7,outer/12-2_6-0/AuAu200_170kHz_10C_Iter2_3001.xml_TPCMLDataInterface_1.npy,304.4733687353581,22.721758502896183,0.007105489727109671,5.014288663864136,0.001,3,128,3,1,cuda,1000,0.4,True,100,45
SIREN,8,outer/12-2_7-0/AuAu200_170kHz_10C_Iter2_3001.xml_TPCMLDataInterface_1.npy,361.8757425535475,22.721758502896183,0.008829876780509949,5.01341438293457,0.001,3,128,3,1,cuda,1000,0.4,True,100,45
SIREN,9,outer/12-2_8-0/AuAu200_170kHz_10C_Iter2_3001.xml_TPCMLDataInterface_1.npy,334.31116000460173,22.721758502896183,0.007553470320999622,5.013410568237305,0.001,3,128,3,1,cuda,1000,0.4,True,100,45
SIREN,10,outer/12-2_9-0/AuAu200_170kHz_10C_Iter2_3001.xml_TPCMLDataInterface_1.npy,439.52696462935074,22.721758502896183,0.009969048202037811,5.011308431625366,0.001,3,128,3,1,cuda,1000,0.4,True,100,45
SIREN,11,outer/12-2_10-0/AuAu200_170kHz_10C_Iter2_3001.xml_TPCMLDataInterface_1.npy,369.76665516231594,22.721758502896183,0.009034395217895508,5.012298107147217,0.001,3,128,3,1,cuda,1000,0.4,True,100,45
SIREN,12,outer/12-2_11-0/AuAu200_170kHz_10C_Iter2_3001.xml_TPCMLDataInterface_1.npy,327.8050208647088,22.721758502896183,0.006988616194576025,5.010927200317383,0.001,3,128,3,1,cuda,1000,0.4,True,100,45
SIREN,13,outer/12-2_0-1/AuAu200_170kHz_10C_Iter2_3001.xml_TPCMLDataInterface_1.npy,319.54024431057564,22.721758502896183,0.008374427445232868,5.0242979526519775,0.001,3,128,3,1,cuda,1000,0.4,True,100,45
SIREN,14,outer/12-2_1-1/AuAu200_170kHz_10C_Iter2_3001.xml_TPCMLDataInterface_1.npy,373.41075369185074,22.721758502896183,0.008381569758057594,5.012359380722046,0.001,3,128,3,1,cuda,1000,0.4,True,100,45
SIREN,15,outer/12-2_2-1/AuAu200_170kHz_10C_Iter2_3001.xml_TPCMLDataInterface_1.npy,297.3632420306225,22.721758502896183,0.007509114686399698,5.0366387367248535,0.001,3,128,3,1,cuda,1000,0.4,True,100,45
SIREN,16,outer/12-2_3-1/AuAu200_170kHz_10C_Iter2_3001.xml_TPCMLDataInterface_1.npy,314.9814204735609,22.721758502896183,0.007025315426290035,5.008702278137207,0.001,3,128,3,1,cuda,1000,0.4,True,100,45
SIREN,17,outer/12-2_4-1/AuAu200_170kHz_10C_Iter2_3001.xml_TPCMLDataInterface_1.npy,287.4468067582831,22.721758502896183,0.0065235598012804985,5.012135744094849,0.001,3,128,3,1,cuda,1000,0.4,True,100,45
SIREN,18,outer/12-2_5-1/AuAu200_170kHz_10C_Iter2_3001.xml_TPCMLDataInterface_1.npy,295.1816798443775,22.721758502896183,0.006926161237061024,5.011672019958496,0.001,3,128,3,1,cuda,1000,0.4,True,100,45
SIREN,19,outer/12-2_6-1/AuAu200_170kHz_10C_Iter2_3001.xml_TPCMLDataInterface_1.npy,314.9656869666165,22.721758502896183,0.0078087798319756985,5.008653879165649,0.001,3,128,3,1,cuda,1000,0.4,True,100,45
SIREN,20,outer/12-2_7-1/AuAu200_170kHz_10C_Iter2_3001.xml_TPCMLDataInterface_1.npy,330.32819298025436,22.721758502896183,0.007809702306985855,5.013435363769531,0.001,3,128,3,1,cuda,1000,0.4,True,100,45
SIREN,1,outer/12-2_0-0/AuAu200_170kHz_10C_Iter2_3001.xml_TPCMLDataInterface_1.npy,307.7062311746988,22.721758502896183,0.006899372674524784,5.969818115234375,0.001,3,128,3,1,cuda,1000,0.5,True,100,45
SIREN,2,outer/12-2_1-0/AuAu200_170kHz_10C_Iter2_3001.xml_TPCMLDataInterface_1.npy,346.97558070824965,22.721758502896183,0.007845710963010788,5.932450771331787,0.001,3,128,3,1,cuda,1000,0.5,True,100,45
SIREN,3,outer/12-2_2-0/AuAu200_170kHz_10C_Iter2_3001.xml_TPCMLDataInterface_1.npy,304.6090625522925,22.721758502896183,0.0071751391515135765,5.934352159500122,0.001,3,128,3,1,cuda,1000,0.5,True,100,45
SIREN,4,outer/12-2_3-0/AuAu200_170kHz_10C_Iter2_3001.xml_TPCMLDataInterface_1.npy,276.86861377802876,22.721758502896183,0.006899634376168251,5.930326461791992,0.001,3,128,3,1,cuda,1000,0.5,True,100,45
SIREN,5,outer/12-2_4-0/AuAu200_170kHz_10C_Iter2_3001.xml_TPCMLDataInterface_1.npy,266.26335550535475,22.721758502896183,0.006648383568972349,5.931419134140015,0.001,3,128,3,1,cuda,1000,0.5,True,100,45
SIREN,6,outer/12-2_5-0/AuAu200_170kHz_10C_Iter2_3001.xml_TPCMLDataInterface_1.npy,401.10824940386544,22.721758502896183,0.009360307827591896,5.9336817264556885,0.001,3,128,3,1,cuda,1000,0.5,True,100,45
SIREN,7,outer/12-2_6-0/AuAu200_170kHz_10C_Iter2_3001.xml_TPCMLDataInterface_1.npy,309.0142601656627,22.721758502896183,0.007287129294127226,6.050658464431763,0.001,3,128,3,1,cuda,1000,0.5,True,100,45
SIREN,8,outer/12-2_7-0/AuAu200_170kHz_10C_Iter2_3001.xml_TPCMLDataInterface_1.npy,365.9178157944277,22.721758502896183,0.008775869384407997,5.932450532913208,0.001,3,128,3,1,cuda,1000,0.5,True,100,45
SIREN,9,outer/12-2_8-0/AuAu200_170kHz_10C_Iter2_3001.xml_TPCMLDataInterface_1.npy,336.298765373996,22.721758502896183,0.00784286018460989,5.932462692260742,0.001,3,128,3,1,cuda,1000,0.5,True,100,45
SIREN,10,outer/12-2_9-0/AuAu200_170kHz_10C_Iter2_3001.xml_TPCMLDataInterface_1.npy,442.85797879016064,22.721758502896183,0.009965497069060802,5.932375907897949,0.001,3,128,3,1,cuda,1000,0.5,True,100,45
SIREN,11,outer/12-2_10-0/AuAu200_170kHz_10C_Iter2_3001.xml_TPCMLDataInterface_1.npy,353.1619237366131,22.721758502896183,0.008489244617521763,5.931927442550659,0.001,3,128,3,1,cuda,1000,0.5,True,100,45
SIREN,12,outer/12-2_11-0/AuAu200_170kHz_10C_Iter2_3001.xml_TPCMLDataInterface_1.npy,324.7993680450971,22.721758502896183,0.006705941632390022,5.931564092636108,0.001,3,128,3,1,cuda,1000,0.5,True,100,45
SIREN,13,outer/12-2_0-1/AuAu200_170kHz_10C_Iter2_3001.xml_TPCMLDataInterface_1.npy,303.62572294385876,22.721758502896183,0.007836950942873955,5.932952404022217,0.001,3,128,3,1,cuda,1000,0.5,True,100,45
SIREN,14,outer/12-2_1-1/AuAu200_170kHz_10C_Iter2_3001.xml_TPCMLDataInterface_1.npy,376.2925987805388,22.721758502896183,0.00859854370355606,5.932126998901367,0.001,3,128,3,1,cuda,1000,0.5,True,100,45
SIREN,15,outer/12-2_2-1/AuAu200_170kHz_10C_Iter2_3001.xml_TPCMLDataInterface_1.npy,303.4232424489625,22.721758502896183,0.0071743144653737545,5.931130647659302,0.001,3,128,3,1,cuda,1000,0.5,True,100,45
SIREN,16,outer/12-2_3-1/AuAu200_170kHz_10C_Iter2_3001.xml_TPCMLDataInterface_1.npy,303.5071797607095,22.721758502896183,0.006974442396312952,5.9302239418029785,0.001,3,128,3,1,cuda,1000,0.5,True,100,45
SIREN,17,outer/12-2_4-1/AuAu200_170kHz_10C_Iter2_3001.xml_TPCMLDataInterface_1.npy,305.5540390729585,22.721758502896183,0.007355762645602226,5.932324409484863,0.001,3,128,3,1,cuda,1000,0.5,True,100,45
SIREN,18,outer/12-2_5-1/AuAu200_170kHz_10C_Iter2_3001.xml_TPCMLDataInterface_1.npy,276.81639709881193,22.721758502896183,0.006662976462393999,5.932277679443359,0.001,3,128,3,1,cuda,1000,0.5,True,100,45
SIREN,19,outer/12-2_6-1/AuAu200_170kHz_10C_Iter2_3001.xml_TPCMLDataInterface_1.npy,312.54340408509034,22.721758502896183,0.007627679966390133,5.929855823516846,0.001,3,128,3,1,cuda,1000,0.5,True,100,45
SIREN,20,outer/12-2_7-1/AuAu200_170kHz_10C_Iter2_3001.xml_TPCMLDataInterface_1.npy,317.778960895666,22.721758502896183,0.00771012669429183,5.932810068130493,0.001,3,128,3,1,cuda,1000,0.5,True,100,45
SIREN,1,outer/12-2_0-0/AuAu200_170kHz_10C_Iter2_3001.xml_TPCMLDataInterface_1.npy,296.86605013805223,22.721758502896183,0.00704146595671773,6.863010883331299,0.001,3,128,3,1,cuda,1000,0.6,True,100,45
SIREN,2,outer/12-2_1-0/AuAu200_170kHz_10C_Iter2_3001.xml_TPCMLDataInterface_1.npy,391.1608988035475,22.721758502896183,0.008381465449929237,6.880448579788208,0.001,3,128,3,1,cuda,1000,0.6,True,100,45
SIREN,3,outer/12-2_2-0/AuAu200_170kHz_10C_Iter2_3001.xml_TPCMLDataInterface_1.npy,298.4989646084337,22.721758502896183,0.007167590316385031,6.863577365875244,0.001,3,128,3,1,cuda,1000,0.6,True,100,45
SIREN,4,outer/12-2_3-0/AuAu200_170kHz_10C_Iter2_3001.xml_TPCMLDataInterface_1.npy,284.8139249707162,22.721758502896183,0.007028339430689812,6.86304497718811,0.001,3,128,3,1,cuda,1000,0.6,True,100,45
SIREN,5,outer/12-2_4-0/AuAu200_170kHz_10C_Iter2_3001.xml_TPCMLDataInterface_1.npy,277.9542309864458,22.721758502896183,0.007023529149591923,6.871132135391235,0.001,3,128,3,1,cuda,1000,0.6,True,100,45
SIREN,6,outer/12-2_5-0/AuAu200_170kHz_10C_Iter2_3001.xml_TPCMLDataInterface_1.npy,386.4820532128514,22.721758502896183,0.008999177254736423,6.862353563308716,0.001,3,128,3,1,cuda,1000,0.6,True,100,45
SIREN,7,outer/12-2_6-0/AuAu200_170kHz_10C_Iter2_3001.xml_TPCMLDataInterface_1.npy,305.8141001506024,22.721758502896183,0.007066154852509499,6.898065567016602,0.001,3,128,3,1,cuda,1000,0.6,True,100,45
SIREN,8,outer/12-2_7-0/AuAu200_170kHz_10C_Iter2_3001.xml_TPCMLDataInterface_1.npy,357.6928142256526,22.721758502896183,0.008873260580003262,6.8650312423706055,0.001,3,128,3,1,cuda,1000,0.6,True,100,45
SIREN,9,outer/12-2_8-0/AuAu200_170kHz_10C_Iter2_3001.xml_TPCMLDataInterface_1.npy,322.9672295954652,22.721758502896183,0.007408951874822378,6.863575458526611,0.001,3,128,3,1,cuda,1000,0.6,True,100,45
SIREN,10,outer/12-2_9-0/AuAu200_170kHz_10C_Iter2_3001.xml_TPCMLDataInterface_1.npy,406.4306941306894,22.721758502896183,0.009554442018270493,6.861443042755127,0.001,3,128,3,1,cuda,1000,0.6,True,100,45
SIREN,11,outer/12-2_10-0/AuAu200_170kHz_10C_Iter2_3001.xml_TPCMLDataInterface_1.npy,343.24716836094376,22.721758502896183,0.008357980288565159,6.867092132568359,0.001,3,128,3,1,cuda,1000,0.6,True,100,45
SIREN,12,outer/12-2_11-0/AuAu200_170kHz_10C_Iter2_3001.xml_TPCMLDataInterface_1.npy,308.0634844063755,22.721758502896183,0.006393641233444214,6.869906187057495,0.001,3,128,3,1,cuda,1000,0.6,True,100,45
SIREN,13,outer/12-2_0-1/AuAu200_170kHz_10C_Iter2_3001.xml_TPCMLDataInterface_1.npy,302.1463706388052,22.721758502896183,0.00777874980121851,6.864820718765259,0.001,3,128,3,1,cuda,1000,0.6,True,100,45
SIREN,14,outer/12-2_1-1/AuAu200_170kHz_10C_Iter2_3001.xml_TPCMLDataInterface_1.npy,347.19415683567604,22.721758502896183,0.007698141969740391,6.9060022830963135,0.001,3,128,3,1,cuda,1000,0.6,True,100,45
SIREN,15,outer/12-2_2-1/AuAu200_170kHz_10C_Iter2_3001.xml_TPCMLDataInterface_1.npy,290.0065182605422,22.721758502896183,0.007121664937585592,6.866345405578613,0.001,3,128,3,1,cuda,1000,0.6,True,100,45
SIREN,16,outer/12-2_3-1/AuAu200_170kHz_10C_Iter2_3001.xml_TPCMLDataInterface_1.npy,296.2850791185576,22.721758502896183,0.0067812539637088776,7.057199478149414,0.001,3,128,3,1,cuda,1000,0.6,True,100,45
SIREN,17,outer/12-2_4-1/AuAu200_170kHz_10C_Iter2_3001.xml_TPCMLDataInterface_1.npy,257.8656252614625,22.721758502896183,0.006218524184077978,7.167296648025513,0.001,3,128,3,1,cuda,1000,0.6,True,100,45
SIREN,18,outer/12-2_5-1/AuAu200_170kHz_10C_Iter2_3001.xml_TPCMLDataInterface_1.npy,297.39724915286143,22.721758502896183,0.006952302530407906,6.932116270065308,0.001,3,128,3,1,cuda,1000,0.6,True,100,45
SIREN,19,outer/12-2_6-1/AuAu200_170kHz_10C_Iter2_3001.xml_TPCMLDataInterface_1.npy,308.9198421289324,22.721758502896183,0.007618619129061699,6.897972106933594,0.001,3,128,3,1,cuda,1000,0.6,True,100,45
SIREN,20,outer/12-2_7-1/AuAu200_170kHz_10C_Iter2_3001.xml_TPCMLDataInterface_1.npy,313.1128707538487,22.721758502896183,0.007649271748960018,7.085226774215698,0.001,3,128,3,1,cuda,1000,0.6,True,100,45
SIREN,1,outer/12-2_0-0/AuAu200_170kHz_10C_Iter2_3001.xml_TPCMLDataInterface_1.npy,282.61555074464525,22.721758502896183,0.006729382090270519,7.7876670360565186,0.001,3,128,3,1,cuda,1000,0.7,True,100,45
SIREN,2,outer/12-2_1-0/AuAu200_170kHz_10C_Iter2_3001.xml_TPCMLDataInterface_1.npy,361.6005519473728,22.721758502896183,0.008243084885179996,7.787802696228027,0.001,3,128,3,1,cuda,1000,0.7,True,100,45
SIREN,3,outer/12-2_2-0/AuAu200_170kHz_10C_Iter2_3001.xml_TPCMLDataInterface_1.npy,285.57221333249663,22.721758502896183,0.0069902813993394375,7.7904016971588135,0.001,3,128,3,1,cuda,1000,0.7,True,100,45
SIREN,4,outer/12-2_3-0/AuAu200_170kHz_10C_Iter2_3001.xml_TPCMLDataInterface_1.npy,269.5669317896586,22.721758502896183,0.006753094028681517,7.786825656890869,0.001,3,128,3,1,cuda,1000,0.7,True,100,45
SIREN,5,outer/12-2_4-0/AuAu200_170kHz_10C_Iter2_3001.xml_TPCMLDataInterface_1.npy,280.0389905978079,22.721758502896183,0.006961324717849493,7.834321022033691,0.001,3,128,3,1,cuda,1000,0.7,True,100,45
SIREN,6,outer/12-2_5-0/AuAu200_170kHz_10C_Iter2_3001.xml_TPCMLDataInterface_1.npy,364.09486513763386,22.721758502896183,0.008593934588134289,7.787559747695923,0.001,3,128,3,1,cuda,1000,0.7,True,100,45
SIREN,7,outer/12-2_6-0/AuAu200_170kHz_10C_Iter2_3001.xml_TPCMLDataInterface_1.npy,367.07908979668673,22.721758502896183,0.008478684350848198,7.786025047302246,0.001,3,128,3,1,cuda,1000,0.7,True,100,45
SIREN,8,outer/12-2_7-0/AuAu200_170kHz_10C_Iter2_3001.xml_TPCMLDataInterface_1.npy,349.4070121632363,22.721758502896183,0.008527287282049656,7.788745880126953,0.001,3,128,3,1,cuda,1000,0.7,True,100,45
SIREN,9,outer/12-2_8-0/AuAu200_170kHz_10C_Iter2_3001.xml_TPCMLDataInterface_1.npy,301.37494901480926,22.721758502896183,0.006884603761136532,7.887611627578735,0.001,3,128,3,1,cuda,1000,0.7,True,100,45
SIREN,10,outer/12-2_9-0/AuAu200_170kHz_10C_Iter2_3001.xml_TPCMLDataInterface_1.npy,429.403624916332,22.721758502896183,0.009532922878861427,7.784038543701172,0.001,3,128,3,1,cuda,1000,0.7,True,100,45
SIREN,11,outer/12-2_10-0/AuAu200_170kHz_10C_Iter2_3001.xml_TPCMLDataInterface_1.npy,338.0353000543842,22.721758502896183,0.008181430399417877,7.784564971923828,0.001,3,128,3,1,cuda,1000,0.7,True,100,45
SIREN,12,outer/12-2_11-0/AuAu200_170kHz_10C_Iter2_3001.xml_TPCMLDataInterface_1.npy,287.4651731927711,22.721758502896183,0.005915781017392874,7.783953905105591,0.001,3,128,3,1,cuda,1000,0.7,True,100,45
SIREN,13,outer/12-2_0-1/AuAu200_170kHz_10C_Iter2_3001.xml_TPCMLDataInterface_1.npy,302.0878265666834,22.721758502896183,0.007667701691389084,7.792928457260132,0.001,3,128,3,1,cuda,1000,0.7,True,100,45
SIREN,14,outer/12-2_1-1/AuAu200_170kHz_10C_Iter2_3001.xml_TPCMLDataInterface_1.npy,354.99672910391564,22.721758502896183,0.007801024708896875,7.787053823471069,0.001,3,128,3,1,cuda,1000,0.7,True,100,45
SIREN,15,outer/12-2_2-1/AuAu200_170kHz_10C_Iter2_3001.xml_TPCMLDataInterface_1.npy,280.2177747448126,22.721758502896183,0.006995201110839844,7.7979350090026855,0.001,3,128,3,1,cuda,1000,0.7,True,100,45
SIREN,16,outer/12-2_3-1/AuAu200_170kHz_10C_Iter2_3001.xml_TPCMLDataInterface_1.npy,276.4759454484605,22.721758502896183,0.006428157910704613,7.8043601512908936,0.001,3,128,3,1,cuda,1000,0.7,True,100,45
SIREN,17,outer/12-2_4-1/AuAu200_170kHz_10C_Iter2_3001.xml_TPCMLDataInterface_1.npy,270.99622578857094,22.721758502896183,0.006462669000029564,7.78404974937439,0.001,3,128,3,1,cuda,1000,0.7,True,100,45
SIREN,18,outer/12-2_5-1/AuAu200_170kHz_10C_Iter2_3001.xml_TPCMLDataInterface_1.npy,286.7241387424699,22.721758502896183,0.006869402714073658,7.787992477416992,0.001,3,128,3,1,cuda,1000,0.7,True,100,45
SIREN,19,outer/12-2_6-1/AuAu200_170kHz_10C_Iter2_3001.xml_TPCMLDataInterface_1.npy,312.1058596364625,22.721758502896183,0.007753510028123856,7.784765720367432,0.001,3,128,3,1,cuda,1000,0.7,True,100,45
SIREN,20,outer/12-2_7-1/AuAu200_170kHz_10C_Iter2_3001.xml_TPCMLDataInterface_1.npy,290.35913314717203,22.721758502896183,0.0070452019572257996,7.838794708251953,0.001,3,128,3,1,cuda,1000,0.7,True,100,45
SIREN,1,outer/12-2_0-0/AuAu200_170kHz_10C_Iter2_3001.xml_TPCMLDataInterface_1.npy,276.1383241298527,22.721758502896183,0.006456886418163776,8.751028776168823,0.001,3,128,3,1,cuda,1000,0.8,True,100,45
SIREN,2,outer/12-2_1-0/AuAu200_170kHz_10C_Iter2_3001.xml_TPCMLDataInterface_1.npy,336.2764064068775,22.721758502896183,0.008024362847208977,8.725336790084839,0.001,3,128,3,1,cuda,1000,0.8,True,100,45
SIREN,3,outer/12-2_2-0/AuAu200_170kHz_10C_Iter2_3001.xml_TPCMLDataInterface_1.npy,269.1446489081325,22.721758502896183,0.0065432083792984486,8.716440677642822,0.001,3,128,3,1,cuda,1000,0.8,True,100,45
SIREN,4,outer/12-2_3-0/AuAu200_170kHz_10C_Iter2_3001.xml_TPCMLDataInterface_1.npy,265.625687646419,22.721758502896183,0.006735451985150576,8.72283411026001,0.001,3,128,3,1,cuda,1000,0.8,True,100,45
SIREN,5,outer/12-2_4-0/AuAu200_170kHz_10C_Iter2_3001.xml_TPCMLDataInterface_1.npy,267.3997252028949,22.721758502896183,0.00659592030569911,8.721659421920776,0.001,3,128,3,1,cuda,1000,0.8,True,100,45
SIREN,6,outer/12-2_5-0/AuAu200_170kHz_10C_Iter2_3001.xml_TPCMLDataInterface_1.npy,350.3871736947791,22.721758502896183,0.00829355139285326,8.789817810058594,0.001,3,128,3,1,cuda,1000,0.8,True,100,45
SIREN,7,outer/12-2_6-0/AuAu200_170kHz_10C_Iter2_3001.xml_TPCMLDataInterface_1.npy,318.6290997322624,22.721758502896183,0.007656380999833345,8.720740795135498,0.001,3,128,3,1,cuda,1000,0.8,True,100,45
SIREN,8,outer/12-2_7-0/AuAu200_170kHz_10C_Iter2_3001.xml_TPCMLDataInterface_1.npy,350.2477775686078,22.721758502896183,0.008510223589837551,8.92616081237793,0.001,3,128,3,1,cuda,1000,0.8,True,100,45
SIREN,9,outer/12-2_8-0/AuAu200_170kHz_10C_Iter2_3001.xml_TPCMLDataInterface_1.npy,326.4096280957162,22.721758502896183,0.007368311285972595,8.847417831420898,0.001,3,128,3,1,cuda,1000,0.8,True,100,45
SIREN,10,outer/12-2_9-0/AuAu200_170kHz_10C_Iter2_3001.xml_TPCMLDataInterface_1.npy,409.2728975799029,22.721758502896183,0.009482181631028652,8.715312719345093,0.001,3,128,3,1,cuda,1000,0.8,True,100,45
SIREN,11,outer/12-2_10-0/AuAu200_170kHz_10C_Iter2_3001.xml_TPCMLDataInterface_1.npy,347.8129471009036,22.721758502896183,0.008447633124887943,8.71561861038208,0.001,3,128,3,1,cuda,1000,0.8,True,100,45
SIREN,12,outer/12-2_11-0/AuAu200_170kHz_10C_Iter2_3001.xml_TPCMLDataInterface_1.npy,299.76229396753683,22.721758502896183,0.0064969491213560104,8.716676235198975,0.001,3,128,3,1,cuda,1000,0.8,True,100,45
SIREN,13,outer/12-2_0-1/AuAu200_170kHz_10C_Iter2_3001.xml_TPCMLDataInterface_1.npy,334.5200345653447,22.721758502896183,0.008301177993416786,8.71842360496521,0.001,3,128,3,1,cuda,1000,0.8,True,100,45
SIREN,14,outer/12-2_1-1/AuAu200_170kHz_10C_Iter2_3001.xml_TPCMLDataInterface_1.npy,343.8167513805221,22.721758502896183,0.007584553677588701,8.868715524673462,0.001,3,128,3,1,cuda,1000,0.8,True,100,45
SIREN,15,outer/12-2_2-1/AuAu200_170kHz_10C_Iter2_3001.xml_TPCMLDataInterface_1.npy,288.2893370356426,22.721758502896183,0.007099985145032406,8.755985021591187,0.001,3,128,3,1,cuda,1000,0.8,True,100,45
SIREN,16,outer/12-2_3-1/AuAu200_170kHz_10C_Iter2_3001.xml_TPCMLDataInterface_1.npy,298.0121292461513,22.721758502896183,0.006736673414707184,8.770378351211548,0.001,3,128,3,1,cuda,1000,0.8,True,100,45
SIREN,17,outer/12-2_4-1/AuAu200_170kHz_10C_Iter2_3001.xml_TPCMLDataInterface_1.npy,279.31010369603416,22.721758502896183,0.006489512510597706,8.77581524848938,0.001,3,128,3,1,cuda,1000,0.8,True,100,45
SIREN,18,outer/12-2_5-1/AuAu200_170kHz_10C_Iter2_3001.xml_TPCMLDataInterface_1.npy,284.0700052815428,22.721758502896183,0.006704910192638636,8.734504222869873,0.001,3,128,3,1,cuda,1000,0.8,True,100,45
SIREN,19,outer/12-2_6-1/AuAu200_170kHz_10C_Iter2_3001.xml_TPCMLDataInterface_1.npy,313.7003090486948,22.721758502896183,0.00778531190007925,8.75484037399292,0.001,3,128,3,1,cuda,1000,0.8,True,100,45
SIREN,20,outer/12-2_7-1/AuAu200_170kHz_10C_Iter2_3001.xml_TPCMLDataInterface_1.npy,305.8612470716198,22.721758502896183,0.007752299774438143,8.718960285186768,0.001,3,128,3,1,cuda,1000,0.8,True,100,45
SIREN,1,outer/12-2_0-0/AuAu200_170kHz_10C_Iter2_3001.xml_TPCMLDataInterface_1.npy,272.67791347682396,22.721758502896183,0.006341445725411177,9.643880128860474,0.001,3,128,3,1,cuda,1000,0.9,True,100,45
SIREN,2,outer/12-2_1-0/AuAu200_170kHz_10C_Iter2_3001.xml_TPCMLDataInterface_1.npy,325.6105698837015,22.721758502896183,0.00762045755982399,9.641764879226685,0.001,3,128,3,1,cuda,1000,0.9,True,100,45
SIREN,3,outer/12-2_2-0/AuAu200_170kHz_10C_Iter2_3001.xml_TPCMLDataInterface_1.npy,274.02985379016064,22.721758502896183,0.006447869818657637,9.686396360397339,0.001,3,128,3,1,cuda,1000,0.9,True,100,45
SIREN,4,outer/12-2_3-0/AuAu200_170kHz_10C_Iter2_3001.xml_TPCMLDataInterface_1.npy,249.5839922188755,22.721758502896183,0.00622568791732192,9.642995834350586,0.001,3,128,3,1,cuda,1000,0.9,True,100,45
SIREN,5,outer/12-2_4-0/AuAu200_170kHz_10C_Iter2_3001.xml_TPCMLDataInterface_1.npy,255.75134783927376,22.721758502896183,0.006537721026688814,9.642593622207642,0.001,3,128,3,1,cuda,1000,0.9,True,100,45
SIREN,6,outer/12-2_5-0/AuAu200_170kHz_10C_Iter2_3001.xml_TPCMLDataInterface_1.npy,399.5913719984103,22.721758502896183,0.009345785714685917,9.788735389709473,0.001,3,128,3,1,cuda,1000,0.9,True,100,45
SIREN,7,outer/12-2_6-0/AuAu200_170kHz_10C_Iter2_3001.xml_TPCMLDataInterface_1.npy,293.88047633241297,22.721758502896183,0.007285654079169035,9.64578628540039,0.001,3,128,3,1,cuda,1000,0.9,True,100,45
SIREN,8,outer/12-2_7-0/AuAu200_170kHz_10C_Iter2_3001.xml_TPCMLDataInterface_1.npy,348.8639205258534,22.721758502896183,0.008525715209543705,9.65567660331726,0.001,3,128,3,1,cuda,1000,0.9,True,100,45
SIREN,9,outer/12-2_8-0/AuAu200_170kHz_10C_Iter2_3001.xml_TPCMLDataInterface_1.npy,312.43302899096386,22.721758502896183,0.007130093406885862,10.000855922698975,0.001,3,128,3,1,cuda,1000,0.9,True,100,45
SIREN,10,outer/12-2_9-0/AuAu200_170kHz_10C_Iter2_3001.xml_TPCMLDataInterface_1.npy,418.47116460634203,22.721758502896183,0.009639844298362732,9.646607637405396,0.001,3,128,3,1,cuda,1000,0.9,True,100,45
SIREN,11,outer/12-2_10-0/AuAu200_170kHz_10C_Iter2_3001.xml_TPCMLDataInterface_1.npy,346.48329777443104,22.721758502896183,0.008307778276503086,9.71039342880249,0.001,3,128,3,1,cuda,1000,0.9,True,100,45
SIREN,12,outer/12-2_11-0/AuAu200_170kHz_10C_Iter2_3001.xml_TPCMLDataInterface_1.npy,348.7965900058568,22.721758502896183,0.007349394727498293,9.640935897827148,0.001,3,128,3,1,cuda,1000,0.9,True,100,45
SIREN,13,outer/12-2_0-1/AuAu200_170kHz_10C_Iter2_3001.xml_TPCMLDataInterface_1.npy,285.8595593310743,22.721758502896183,0.007239058148115873,9.689602136611938,0.001,3,128,3,1,cuda,1000,0.9,True,100,45
SIREN,14,outer/12-2_1-1/AuAu200_170kHz_10C_Iter2_3001.xml_TPCMLDataInterface_1.npy,341.84500894201807,22.721758502896183,0.007602892816066742,9.653925895690918,0.001,3,128,3,1,cuda,1000,0.9,True,100,45
SIREN,15,outer/12-2_2-1/AuAu200_170kHz_10C_Iter2_3001.xml_TPCMLDataInterface_1.npy,281.4465439884538,22.721758502896183,0.007129219826310873,9.646875619888306,0.001,3,128,3,1,cuda,1000,0.9,True,100,45
SIREN,16,outer/12-2_3-1/AuAu200_170kHz_10C_Iter2_3001.xml_TPCMLDataInterface_1.npy,277.01373201137886,22.721758502896183,0.006632791832089424,9.927361965179443,0.001,3,128,3,1,cuda,1000,0.9,True,100,45
SIREN,17,outer/12-2_4-1/AuAu200_170kHz_10C_Iter2_3001.xml_TPCMLDataInterface_1.npy,282.9451608517403,22.721758502896183,0.0067397356033325195,9.90899395942688,0.001,3,128,3,1,cuda,1000,0.9,True,100,45
SIREN,18,outer/12-2_5-1/AuAu200_170kHz_10C_Iter2_3001.xml_TPCMLDataInterface_1.npy,276.8378252593708,22.721758502896183,0.006656705867499113,9.664388418197632,0.001,3,128,3,1,cuda,1000,0.9,True,100,45
SIREN,19,outer/12-2_6-1/AuAu200_170kHz_10C_Iter2_3001.xml_TPCMLDataInterface_1.npy,304.3592678003681,22.721758502896183,0.007366526871919632,9.661316633224487,0.001,3,128,3,1,cuda,1000,0.9,True,100,45
SIREN,20,outer/12-2_7-1/AuAu200_170kHz_10C_Iter2_3001.xml_TPCMLDataInterface_1.npy,335.52186349564926,22.721758502896183,0.008118091151118279,9.696853876113892,0.001,3,128,3,1,cuda,1000,0.9,True,100,45
SIREN,1,outer/12-2_0-0/AuAu200_170kHz_10C_Iter2_3001.xml_TPCMLDataInterface_1.npy,276.5107278070616,22.721758502896183,0.006411493755877018,10.569256782531738,0.001,3,128,3,1,cuda,1000,1.0,True,100,45
SIREN,2,outer/12-2_1-0/AuAu200_170kHz_10C_Iter2_3001.xml_TPCMLDataInterface_1.npy,397.8342615252677,22.721758502896183,0.008475888520479202,10.602186918258667,0.001,3,128,3,1,cuda,1000,1.0,True,100,45
SIREN,3,outer/12-2_2-0/AuAu200_170kHz_10C_Iter2_3001.xml_TPCMLDataInterface_1.npy,279.28365676246653,22.721758502896183,0.006748348008841276,10.59643292427063,0.001,3,128,3,1,cuda,1000,1.0,True,100,45
SIREN,4,outer/12-2_3-0/AuAu200_170kHz_10C_Iter2_3001.xml_TPCMLDataInterface_1.npy,266.79642528447124,22.721758502896183,0.006601313129067421,10.5733962059021,0.001,3,128,3,1,cuda,1000,1.0,True,100,45
SIREN,5,outer/12-2_4-0/AuAu200_170kHz_10C_Iter2_3001.xml_TPCMLDataInterface_1.npy,259.0813540620817,22.721758502896183,0.006692006252706051,10.567334413528442,0.001,3,128,3,1,cuda,1000,1.0,True,100,45
SIREN,6,outer/12-2_5-0/AuAu200_170kHz_10C_Iter2_3001.xml_TPCMLDataInterface_1.npy,364.67701927501673,22.721758502896183,0.008583932183682919,10.568987369537354,0.001,3,128,3,1,cuda,1000,1.0,True,100,45
SIREN,7,outer/12-2_6-0/AuAu200_170kHz_10C_Iter2_3001.xml_TPCMLDataInterface_1.npy,305.27076927501673,22.721758502896183,0.007307969033718109,10.6248459815979,0.001,3,128,3,1,cuda,1000,1.0,True,100,45
SIREN,8,outer/12-2_7-0/AuAu200_170kHz_10C_Iter2_3001.xml_TPCMLDataInterface_1.npy,348.83646173234604,22.721758502896183,0.008444929495453835,10.579509019851685,0.001,3,128,3,1,cuda,1000,1.0,True,100,45
SIREN,9,outer/12-2_8-0/AuAu200_170kHz_10C_Iter2_3001.xml_TPCMLDataInterface_1.npy,327.547898625753,22.721758502896183,0.007648854050785303,10.571880102157593,0.001,3,128,3,1,cuda,1000,1.0,True,100,45
SIREN,10,outer/12-2_9-0/AuAu200_170kHz_10C_Iter2_3001.xml_TPCMLDataInterface_1.npy,416.4599465570616,22.721758502896183,0.00962328165769577,10.565595388412476,0.001,3,128,3,1,cuda,1000,1.0,True,100,45
SIREN,11,outer/12-2_10-0/AuAu200_170kHz_10C_Iter2_3001.xml_TPCMLDataInterface_1.npy,353.3612000083668,22.721758502896183,0.008619742467999458,10.619738817214966,0.001,3,128,3,1,cuda,1000,1.0,True,100,45
SIREN,12,outer/12-2_11-0/AuAu200_170kHz_10C_Iter2_3001.xml_TPCMLDataInterface_1.npy,280.7370484542336,22.721758502896183,0.0060773142613470554,10.577115535736084,0.001,3,128,3,1,cuda,1000,1.0,True,100,45
SIREN,13,outer/12-2_0-1/AuAu200_170kHz_10C_Iter2_3001.xml_TPCMLDataInterface_1.npy,292.0787917294177,22.721758502896183,0.007449381519109011,10.581536769866943,0.001,3,128,3,1,cuda,1000,1.0,True,100,45
SIREN,14,outer/12-2_1-1/AuAu200_170kHz_10C_Iter2_3001.xml_TPCMLDataInterface_1.npy,349.5294040746319,22.721758502896183,0.007805681321769953,10.568090438842773,0.001,3,128,3,1,cuda,1000,1.0,True,100,45
SIREN,15,outer/12-2_2-1/AuAu200_170kHz_10C_Iter2_3001.xml_TPCMLDataInterface_1.npy,278.91935450133866,22.721758502896183,0.0071041639894247055,10.631370782852173,0.001,3,128,3,1,cuda,1000,1.0,True,100,45
SIREN,16,outer/12-2_3-1/AuAu200_170kHz_10C_Iter2_3001.xml_TPCMLDataInterface_1.npy,299.94403002635545,22.721758502896183,0.006953434552997351,10.578559398651123,0.001,3,128,3,1,cuda,1000,1.0,True,100,45
SIREN,17,outer/12-2_4-1/AuAu200_170kHz_10C_Iter2_3001.xml_TPCMLDataInterface_1.npy,297.90110572498327,22.721758502896183,0.006781917531043291,10.620723247528076,0.001,3,128,3,1,cuda,1000,1.0,True,100,45
SIREN,18,outer/12-2_5-1/AuAu200_170kHz_10C_Iter2_3001.xml_TPCMLDataInterface_1.npy,286.73906040829985,22.721758502896183,0.006795526947826147,10.570530652999878,0.001,3,128,3,1,cuda,1000,1.0,True,100,45
SIREN,19,outer/12-2_6-1/AuAu200_170kHz_10C_Iter2_3001.xml_TPCMLDataInterface_1.npy,303.37157222640565,22.721758502896183,0.0076260012574493885,10.67365312576294,0.001,3,128,3,1,cuda,1000,1.0,True,100,45
SIREN,20,outer/12-2_7-1/AuAu200_170kHz_10C_Iter2_3001.xml_TPCMLDataInterface_1.npy,300.7741800535475,22.721758502896183,0.007496381178498268,10.567883253097534,0.001,3,128,3,1,cuda,1000,1.0,True,100,45
