model,data_sample,file_name,original_mse,compression_ratio,transformed_mse,training_time,lr,in_features,hidden_features,hidden_layers,out_features,device,max_iters,input_scale,weight_scale
FFNet2,1,outer/12-2_0-0/AuAu200_170kHz_10C_Iter2_3001.xml_TPCMLDataInterface_1.npy,1623.7927399702978,302.4626334519573,0.027704695239663124,0.39223742485046387,0.001,3,32,2,1,cuda,100,256.0,1.0
FFNet2,2,outer/12-2_1-0/AuAu200_170kHz_10C_Iter2_3001.xml_TPCMLDataInterface_1.npy,1907.0093773531626,302.4626334519573,0.029973996803164482,0.41467809677124023,0.001,3,32,2,1,cuda,100,256.0,1.0
FFNet2,3,outer/12-2_2-0/AuAu200_170kHz_10C_Iter2_3001.xml_TPCMLDataInterface_1.npy,1528.2334821055053,302.4626334519573,0.026850372552871704,0.3826611042022705,0.001,3,32,2,1,cuda,100,256.0,1.0
FFNet2,4,outer/12-2_3-0/AuAu200_170kHz_10C_Iter2_3001.xml_TPCMLDataInterface_1.npy,1431.7848281145416,302.4626334519573,0.026858951896429062,0.39099955558776855,0.001,3,32,2,1,cuda,100,256.0,1.0
FFNet2,5,outer/12-2_4-0/AuAu200_170kHz_10C_Iter2_3001.xml_TPCMLDataInterface_1.npy,1391.6914977618808,302.4626334519573,0.02726256288588047,0.3817484378814697,0.001,3,32,2,1,cuda,100,256.0,1.0
FFNet2,1,outer/12-2_0-0/AuAu200_170kHz_10C_Iter2_3001.xml_TPCMLDataInterface_1.npy,1532.8587226510208,302.4626334519573,0.025335662066936493,1.8989644050598145,0.001,3,32,2,1,cuda,500,256.0,1.0
FFNet2,2,outer/12-2_1-0/AuAu200_170kHz_10C_Iter2_3001.xml_TPCMLDataInterface_1.npy,1809.0280510061077,302.4626334519573,0.027827730402350426,1.8977329730987549,0.001,3,32,2,1,cuda,500,256.0,1.0
FFNet2,3,outer/12-2_2-0/AuAu200_170kHz_10C_Iter2_3001.xml_TPCMLDataInterface_1.npy,1453.181000041834,302.4626334519573,0.02474346198141575,1.8973791599273682,0.001,3,32,2,1,cuda,500,256.0,1.0
FFNet2,4,outer/12-2_3-0/AuAu200_170kHz_10C_Iter2_3001.xml_TPCMLDataInterface_1.npy,1335.2374497991968,302.4626334519573,0.0243715588003397,1.8987724781036377,0.001,3,32,2,1,cuda,500,256.0,1.0
FFNet2,5,outer/12-2_4-0/AuAu200_170kHz_10C_Iter2_3001.xml_TPCMLDataInterface_1.npy,1320.3484680911145,302.4626334519573,0.025200415402650833,1.8985037803649902,0.001,3,32,2,1,cuda,500,256.0,1.0
FFNet2,1,outer/12-2_0-0/AuAu200_170kHz_10C_Iter2_3001.xml_TPCMLDataInterface_1.npy,1477.7677872950135,302.4626334519573,0.02466496080160141,3.7973878383636475,0.001,3,32,2,1,cuda,1000,256.0,1.0
FFNet2,2,outer/12-2_1-0/AuAu200_170kHz_10C_Iter2_3001.xml_TPCMLDataInterface_1.npy,1751.5477875041834,302.4626334519573,0.027043325826525688,3.7952218055725098,0.001,3,32,2,1,cuda,1000,256.0,1.0
FFNet2,3,outer/12-2_2-0/AuAu200_170kHz_10C_Iter2_3001.xml_TPCMLDataInterface_1.npy,1403.9140546561246,302.4626334519573,0.02413557469844818,3.7935307025909424,0.001,3,32,2,1,cuda,1000,256.0,1.0
FFNet2,4,outer/12-2_3-0/AuAu200_170kHz_10C_Iter2_3001.xml_TPCMLDataInterface_1.npy,1292.885679436496,302.4626334519573,0.02392212674021721,3.796065092086792,0.001,3,32,2,1,cuda,1000,256.0,1.0
FFNet2,5,outer/12-2_4-0/AuAu200_170kHz_10C_Iter2_3001.xml_TPCMLDataInterface_1.npy,1264.7681324255354,302.4626334519573,0.024503502994775772,3.7948412895202637,0.001,3,32,2,1,cuda,1000,256.0,1.0
FFNet2,1,outer/12-2_0-0/AuAu200_170kHz_10C_Iter2_3001.xml_TPCMLDataInterface_1.npy,1444.0494177229752,302.4626334519573,0.024246055632829666,7.601684808731079,0.001,3,32,2,1,cuda,2000,256.0,1.0
FFNet2,2,outer/12-2_1-0/AuAu200_170kHz_10C_Iter2_3001.xml_TPCMLDataInterface_1.npy,1695.7341043862953,302.4626334519573,0.026423374190926552,7.588006258010864,0.001,3,32,2,1,cuda,2000,256.0,1.0
FFNet2,3,outer/12-2_2-0/AuAu200_170kHz_10C_Iter2_3001.xml_TPCMLDataInterface_1.npy,1384.3757621632362,302.4626334519573,0.023893557488918304,7.58846378326416,0.001,3,32,2,1,cuda,2000,256.0,1.0
FFNet2,4,outer/12-2_3-0/AuAu200_170kHz_10C_Iter2_3001.xml_TPCMLDataInterface_1.npy,1272.9909350945447,302.4626334519573,0.0237159114331007,7.58912205696106,0.001,3,32,2,1,cuda,2000,256.0,1.0
FFNet2,5,outer/12-2_4-0/AuAu200_170kHz_10C_Iter2_3001.xml_TPCMLDataInterface_1.npy,1242.0410548443774,302.4626334519573,0.024120822548866272,7.588704824447632,0.001,3,32,2,1,cuda,2000,256.0,1.0
FFNet2,1,outer/12-2_0-0/AuAu200_170kHz_10C_Iter2_3001.xml_TPCMLDataInterface_1.npy,1604.2877068168507,206.0134661998384,0.026789966970682144,0.5298459529876709,0.001,3,32,3,1,cuda,100,256.0,1.0
FFNet2,2,outer/12-2_1-0/AuAu200_170kHz_10C_Iter2_3001.xml_TPCMLDataInterface_1.npy,1898.5911889746485,206.0134661998384,0.0401635468006134,0.5295975208282471,0.001,3,32,3,1,cuda,100,256.0,1.0
FFNet2,3,outer/12-2_2-0/AuAu200_170kHz_10C_Iter2_3001.xml_TPCMLDataInterface_1.npy,1526.8734573711513,206.0134661998384,0.03782293200492859,0.5302879810333252,0.001,3,32,3,1,cuda,100,256.0,1.0
FFNet2,4,outer/12-2_3-0/AuAu200_170kHz_10C_Iter2_3001.xml_TPCMLDataInterface_1.npy,1418.6575207078313,206.0134661998384,0.025856181979179382,0.5300877094268799,0.001,3,32,3,1,cuda,100,256.0,1.0
FFNet2,5,outer/12-2_4-0/AuAu200_170kHz_10C_Iter2_3001.xml_TPCMLDataInterface_1.npy,1385.0778151669176,206.0134661998384,0.02786617912352085,0.5293984413146973,0.001,3,32,3,1,cuda,100,256.0,1.0
FFNet2,1,outer/12-2_0-0/AuAu200_170kHz_10C_Iter2_3001.xml_TPCMLDataInterface_1.npy,1393.9391681308568,206.0134661998384,0.023445134982466698,2.6413416862487793,0.001,3,32,3,1,cuda,500,256.0,1.0
FFNet2,2,outer/12-2_1-0/AuAu200_170kHz_10C_Iter2_3001.xml_TPCMLDataInterface_1.npy,1636.1749171163822,206.0134661998384,0.025530880317091942,2.665855884552002,0.001,3,32,3,1,cuda,500,256.0,1.0
FFNet2,3,outer/12-2_2-0/AuAu200_170kHz_10C_Iter2_3001.xml_TPCMLDataInterface_1.npy,1341.9625598749162,206.0134661998384,0.023293284699320793,2.639599084854126,0.001,3,32,3,1,cuda,500,256.0,1.0
FFNet2,4,outer/12-2_3-0/AuAu200_170kHz_10C_Iter2_3001.xml_TPCMLDataInterface_1.npy,1202.6129374267905,206.0134661998384,0.022641776129603386,2.640373468399048,0.001,3,32,3,1,cuda,500,256.0,1.0
FFNet2,5,outer/12-2_4-0/AuAu200_170kHz_10C_Iter2_3001.xml_TPCMLDataInterface_1.npy,1171.3554099209337,206.0134661998384,0.02314694970846176,2.6402032375335693,0.001,3,32,3,1,cuda,500,256.0,1.0
FFNet2,1,outer/12-2_0-0/AuAu200_170kHz_10C_Iter2_3001.xml_TPCMLDataInterface_1.npy,1307.509700259371,206.0134661998384,0.022356290370225906,5.280311822891235,0.001,3,32,3,1,cuda,1000,256.0,1.0
FFNet2,2,outer/12-2_1-0/AuAu200_170kHz_10C_Iter2_3001.xml_TPCMLDataInterface_1.npy,1554.6664914867804,206.0134661998384,0.02436758391559124,5.278540372848511,0.001,3,32,3,1,cuda,1000,256.0,1.0
FFNet2,3,outer/12-2_2-0/AuAu200_170kHz_10C_Iter2_3001.xml_TPCMLDataInterface_1.npy,1284.161748556727,206.0134661998384,0.02269607037305832,5.276690483093262,0.001,3,32,3,1,cuda,1000,256.0,1.0
FFNet2,4,outer/12-2_3-0/AuAu200_170kHz_10C_Iter2_3001.xml_TPCMLDataInterface_1.npy,1156.3721670536313,206.0134661998384,0.021955547854304314,5.277764558792114,0.001,3,32,3,1,cuda,1000,256.0,1.0
FFNet2,5,outer/12-2_4-0/AuAu200_170kHz_10C_Iter2_3001.xml_TPCMLDataInterface_1.npy,1137.7614690532964,206.0134661998384,0.02255985140800476,5.277566909790039,0.001,3,32,3,1,cuda,1000,256.0,1.0
FFNet2,1,outer/12-2_0-0/AuAu200_170kHz_10C_Iter2_3001.xml_TPCMLDataInterface_1.npy,1282.1798482994477,206.0134661998384,0.021884705871343613,10.557174921035767,0.001,3,32,3,1,cuda,2000,256.0,1.0
FFNet2,2,outer/12-2_1-0/AuAu200_170kHz_10C_Iter2_3001.xml_TPCMLDataInterface_1.npy,1508.1206244247824,206.0134661998384,0.0236893929541111,10.552407503128052,0.001,3,32,3,1,cuda,2000,256.0,1.0
FFNet2,3,outer/12-2_2-0/AuAu200_170kHz_10C_Iter2_3001.xml_TPCMLDataInterface_1.npy,1212.1414316118642,206.0134661998384,0.021532589569687843,10.552496671676636,0.001,3,32,3,1,cuda,2000,256.0,1.0
FFNet2,4,outer/12-2_3-0/AuAu200_170kHz_10C_Iter2_3001.xml_TPCMLDataInterface_1.npy,1127.8049215089525,206.0134661998384,0.021434757858514786,10.556188821792603,0.001,3,32,3,1,cuda,2000,256.0,1.0
FFNet2,5,outer/12-2_4-0/AuAu200_170kHz_10C_Iter2_3001.xml_TPCMLDataInterface_1.npy,1089.2683716637382,206.0134661998384,0.02171577885746956,10.552637338638306,0.001,3,32,3,1,cuda,2000,256.0,1.0
FFNet2,1,outer/12-2_0-0/AuAu200_170kHz_10C_Iter2_3001.xml_TPCMLDataInterface_1.npy,1569.1497631149598,156.20338983050848,0.02601802721619606,0.6803219318389893,0.001,3,32,4,1,cuda,100,256.0,1.0
FFNet2,2,outer/12-2_1-0/AuAu200_170kHz_10C_Iter2_3001.xml_TPCMLDataInterface_1.npy,1802.058631662065,156.20338983050848,0.027868272736668587,0.67661452293396,0.001,3,32,4,1,cuda,100,256.0,1.0
FFNet2,3,outer/12-2_2-0/AuAu200_170kHz_10C_Iter2_3001.xml_TPCMLDataInterface_1.npy,1494.875732095047,156.20338983050848,0.02562830038368702,0.676788330078125,0.001,3,32,4,1,cuda,100,256.0,1.0
FFNet2,4,outer/12-2_3-0/AuAu200_170kHz_10C_Iter2_3001.xml_TPCMLDataInterface_1.npy,1399.327921059237,156.20338983050848,0.030215086415410042,0.6763296127319336,0.001,3,32,4,1,cuda,100,256.0,1.0
FFNet2,5,outer/12-2_4-0/AuAu200_170kHz_10C_Iter2_3001.xml_TPCMLDataInterface_1.npy,1370.3447252551873,156.20338983050848,0.02901913784444332,0.6765215396881104,0.001,3,32,4,1,cuda,100,256.0,1.0
FFNet2,1,outer/12-2_0-0/AuAu200_170kHz_10C_Iter2_3001.xml_TPCMLDataInterface_1.npy,1242.2609801183903,156.20338983050848,0.02142801135778427,3.3735592365264893,0.001,3,32,4,1,cuda,500,256.0,1.0
FFNet2,2,outer/12-2_1-0/AuAu200_170kHz_10C_Iter2_3001.xml_TPCMLDataInterface_1.npy,1484.3025199757362,156.20338983050848,0.023395946249365807,3.3737399578094482,0.001,3,32,4,1,cuda,500,256.0,1.0
FFNet2,3,outer/12-2_2-0/AuAu200_170kHz_10C_Iter2_3001.xml_TPCMLDataInterface_1.npy,1212.368132686998,156.20338983050848,0.02150547131896019,3.3723273277282715,0.001,3,32,4,1,cuda,500,256.0,1.0
FFNet2,4,outer/12-2_3-0/AuAu200_170kHz_10C_Iter2_3001.xml_TPCMLDataInterface_1.npy,1111.5825881651606,156.20338983050848,0.02122337743639946,3.373188018798828,0.001,3,32,4,1,cuda,500,256.0,1.0
FFNet2,5,outer/12-2_4-0/AuAu200_170kHz_10C_Iter2_3001.xml_TPCMLDataInterface_1.npy,1046.3864481362953,156.20338983050848,0.021157950162887573,3.372964382171631,0.001,3,32,4,1,cuda,500,256.0,1.0
FFNet2,1,outer/12-2_0-0/AuAu200_170kHz_10C_Iter2_3001.xml_TPCMLDataInterface_1.npy,1184.6557492992804,156.20338983050848,0.020351948216557503,6.744457483291626,0.001,3,32,4,1,cuda,1000,256.0,1.0
FFNet2,2,outer/12-2_1-0/AuAu200_170kHz_10C_Iter2_3001.xml_TPCMLDataInterface_1.npy,1427.3263209086344,156.20338983050848,0.02245430089533329,6.745305776596069,0.001,3,32,4,1,cuda,1000,256.0,1.0
FFNet2,3,outer/12-2_2-0/AuAu200_170kHz_10C_Iter2_3001.xml_TPCMLDataInterface_1.npy,1118.579146011128,156.20338983050848,0.01997414231300354,6.7435033321380615,0.001,3,32,4,1,cuda,1000,256.0,1.0
FFNet2,4,outer/12-2_3-0/AuAu200_170kHz_10C_Iter2_3001.xml_TPCMLDataInterface_1.npy,1037.2597316348729,156.20338983050848,0.02000991627573967,6.742150545120239,0.001,3,32,4,1,cuda,1000,256.0,1.0
FFNet2,5,outer/12-2_4-0/AuAu200_170kHz_10C_Iter2_3001.xml_TPCMLDataInterface_1.npy,1025.2610180304553,156.20338983050848,0.020642898976802826,6.743788242340088,0.001,3,32,4,1,cuda,1000,256.0,1.0
FFNet2,1,outer/12-2_0-0/AuAu200_170kHz_10C_Iter2_3001.xml_TPCMLDataInterface_1.npy,1154.8247168360945,156.20338983050848,0.020094435662031174,13.48780369758606,0.001,3,32,4,1,cuda,2000,256.0,1.0
FFNet2,2,outer/12-2_1-0/AuAu200_170kHz_10C_Iter2_3001.xml_TPCMLDataInterface_1.npy,1368.2322506170515,156.20338983050848,0.021959643810987473,13.49949026107788,0.001,3,32,4,1,cuda,2000,256.0,1.0
FFNet2,3,outer/12-2_2-0/AuAu200_170kHz_10C_Iter2_3001.xml_TPCMLDataInterface_1.npy,1095.1707428673026,156.20338983050848,0.01973133720457554,13.484503507614136,0.001,3,32,4,1,cuda,2000,256.0,1.0
FFNet2,4,outer/12-2_3-0/AuAu200_170kHz_10C_Iter2_3001.xml_TPCMLDataInterface_1.npy,989.3561394013554,156.20338983050848,0.019147811457514763,13.484033346176147,0.001,3,32,4,1,cuda,2000,256.0,1.0
FFNet2,5,outer/12-2_4-0/AuAu200_170kHz_10C_Iter2_3001.xml_TPCMLDataInterface_1.npy,973.8788238893072,156.20338983050848,0.02010572887957096,13.48432207107544,0.001,3,32,4,1,cuda,2000,256.0,1.0
FFNet2,1,outer/12-2_0-0/AuAu200_170kHz_10C_Iter2_3001.xml_TPCMLDataInterface_1.npy,1387.7937335278614,83.57128810226155,0.023416858166456223,0.5979371070861816,0.001,3,64,2,1,cuda,100,256.0,1.0
FFNet2,2,outer/12-2_1-0/AuAu200_170kHz_10C_Iter2_3001.xml_TPCMLDataInterface_1.npy,1718.2310570406626,83.57128810226155,0.026598326861858368,0.5969884395599365,0.001,3,64,2,1,cuda,100,256.0,1.0
FFNet2,3,outer/12-2_2-0/AuAu200_170kHz_10C_Iter2_3001.xml_TPCMLDataInterface_1.npy,1389.8917937374497,83.57128810226155,0.02424457110464573,0.5976955890655518,0.001,3,64,2,1,cuda,100,256.0,1.0
FFNet2,4,outer/12-2_3-0/AuAu200_170kHz_10C_Iter2_3001.xml_TPCMLDataInterface_1.npy,1222.6347577811246,83.57128810226155,0.022841084748506546,0.5967066287994385,0.001,3,64,2,1,cuda,100,256.0,1.0
FFNet2,5,outer/12-2_4-0/AuAu200_170kHz_10C_Iter2_3001.xml_TPCMLDataInterface_1.npy,1275.426406145415,83.57128810226155,0.024378668516874313,0.5982513427734375,0.001,3,64,2,1,cuda,100,256.0,1.0
FFNet2,1,outer/12-2_0-0/AuAu200_170kHz_10C_Iter2_3001.xml_TPCMLDataInterface_1.npy,1108.1200609730588,83.57128810226155,0.019138095900416374,2.9728989601135254,0.001,3,64,2,1,cuda,500,256.0,1.0
FFNet2,2,outer/12-2_1-0/AuAu200_170kHz_10C_Iter2_3001.xml_TPCMLDataInterface_1.npy,1321.1134616591366,83.57128810226155,0.02070956490933895,2.973167657852173,0.001,3,64,2,1,cuda,500,256.0,1.0
FFNet2,3,outer/12-2_2-0/AuAu200_170kHz_10C_Iter2_3001.xml_TPCMLDataInterface_1.npy,1069.9482278070616,83.57128810226155,0.019266409799456596,2.9714207649230957,0.001,3,64,2,1,cuda,500,256.0,1.0
FFNet2,4,outer/12-2_3-0/AuAu200_170kHz_10C_Iter2_3001.xml_TPCMLDataInterface_1.npy,957.7682226301038,83.57128810226155,0.018629834055900574,2.9711899757385254,0.001,3,64,2,1,cuda,500,256.0,1.0
FFNet2,5,outer/12-2_4-0/AuAu200_170kHz_10C_Iter2_3001.xml_TPCMLDataInterface_1.npy,910.5483378827811,83.57128810226155,0.018608424812555313,2.9717917442321777,0.001,3,64,2,1,cuda,500,256.0,1.0
FFNet2,1,outer/12-2_0-0/AuAu200_170kHz_10C_Iter2_3001.xml_TPCMLDataInterface_1.npy,1054.0260795787317,83.57128810226155,0.01819157600402832,5.940150499343872,0.001,3,64,2,1,cuda,1000,256.0,1.0
FFNet2,2,outer/12-2_1-0/AuAu200_170kHz_10C_Iter2_3001.xml_TPCMLDataInterface_1.npy,1282.520319559488,83.57128810226155,0.019977230578660965,5.941587209701538,0.001,3,64,2,1,cuda,1000,256.0,1.0
FFNet2,3,outer/12-2_2-0/AuAu200_170kHz_10C_Iter2_3001.xml_TPCMLDataInterface_1.npy,998.1710997636379,83.57128810226155,0.017980525270104408,5.939904451370239,0.001,3,64,2,1,cuda,1000,256.0,1.0
FFNet2,4,outer/12-2_3-0/AuAu200_170kHz_10C_Iter2_3001.xml_TPCMLDataInterface_1.npy,921.6321954484605,83.57128810226155,0.018032805994153023,5.940467834472656,0.001,3,64,2,1,cuda,1000,256.0,1.0
FFNet2,5,outer/12-2_4-0/AuAu200_170kHz_10C_Iter2_3001.xml_TPCMLDataInterface_1.npy,886.2790863976741,83.57128810226155,0.01836300455033779,5.940438747406006,0.001,3,64,2,1,cuda,1000,256.0,1.0
FFNet2,1,outer/12-2_0-0/AuAu200_170kHz_10C_Iter2_3001.xml_TPCMLDataInterface_1.npy,1045.847577811245,83.57128810226155,0.018119676038622856,11.883171319961548,0.001,3,64,2,1,cuda,2000,256.0,1.0
FFNet2,2,outer/12-2_1-0/AuAu200_170kHz_10C_Iter2_3001.xml_TPCMLDataInterface_1.npy,1236.904695605338,83.57128810226155,0.019107138738036156,11.87789011001587,0.001,3,64,2,1,cuda,2000,256.0,1.0
FFNet2,3,outer/12-2_2-0/AuAu200_170kHz_10C_Iter2_3001.xml_TPCMLDataInterface_1.npy,957.7156660496152,83.57128810226155,0.017251329496502876,11.9181547164917,0.001,3,64,2,1,cuda,2000,256.0,1.0
FFNet2,4,outer/12-2_3-0/AuAu200_170kHz_10C_Iter2_3001.xml_TPCMLDataInterface_1.npy,895.9179243013722,83.57128810226155,0.017526958137750626,11.876547813415527,0.001,3,64,2,1,cuda,2000,256.0,1.0
FFNet2,5,outer/12-2_4-0/AuAu200_170kHz_10C_Iter2_3001.xml_TPCMLDataInterface_1.npy,852.54449176916,83.57128810226155,0.017847824841737747,11.87874722480774,0.001,3,64,2,1,cuda,2000,256.0,1.0
FFNet2,1,outer/12-2_0-0/AuAu200_170kHz_10C_Iter2_3001.xml_TPCMLDataInterface_1.npy,1305.7561156082663,56.373203625912005,0.02463725581765175,0.8297266960144043,0.001,3,64,3,1,cuda,100,256.0,1.0
FFNet2,2,outer/12-2_1-0/AuAu200_170kHz_10C_Iter2_3001.xml_TPCMLDataInterface_1.npy,1455.1988187123493,56.373203625912005,0.02277512103319168,0.8310506343841553,0.001,3,64,3,1,cuda,100,256.0,1.0
FFNet2,3,outer/12-2_2-0/AuAu200_170kHz_10C_Iter2_3001.xml_TPCMLDataInterface_1.npy,1106.9122767110107,56.373203625912005,0.019936950877308846,0.8295772075653076,0.001,3,64,3,1,cuda,100,256.0,1.0
FFNet2,4,outer/12-2_3-0/AuAu200_170kHz_10C_Iter2_3001.xml_TPCMLDataInterface_1.npy,1020.5882710529619,56.373203625912005,0.019670087844133377,0.828667163848877,0.001,3,64,3,1,cuda,100,256.0,1.0
FFNet2,5,outer/12-2_4-0/AuAu200_170kHz_10C_Iter2_3001.xml_TPCMLDataInterface_1.npy,989.9561461993809,56.373203625912005,0.020054683089256287,0.8368299007415771,0.001,3,64,3,1,cuda,100,256.0,1.0
FFNet2,1,outer/12-2_0-0/AuAu200_170kHz_10C_Iter2_3001.xml_TPCMLDataInterface_1.npy,839.0841608621988,56.373203625912005,0.014683598652482033,4.131119012832642,0.001,3,64,3,1,cuda,500,256.0,1.0
FFNet2,2,outer/12-2_1-0/AuAu200_170kHz_10C_Iter2_3001.xml_TPCMLDataInterface_1.npy,1053.9082933295683,56.373203625912005,0.016330191865563393,4.133071660995483,0.001,3,64,3,1,cuda,500,256.0,1.0
FFNet2,3,outer/12-2_2-0/AuAu200_170kHz_10C_Iter2_3001.xml_TPCMLDataInterface_1.npy,812.7762429928046,56.373203625912005,0.014631448313593864,4.131969451904297,0.001,3,64,3,1,cuda,500,256.0,1.0
FFNet2,4,outer/12-2_3-0/AuAu200_170kHz_10C_Iter2_3001.xml_TPCMLDataInterface_1.npy,732.4274912148594,56.373203625912005,0.014463131316006184,4.132383584976196,0.001,3,64,3,1,cuda,500,256.0,1.0
FFNet2,5,outer/12-2_4-0/AuAu200_170kHz_10C_Iter2_3001.xml_TPCMLDataInterface_1.npy,688.9498501819779,56.373203625912005,0.014762175269424915,4.131316184997559,0.001,3,64,3,1,cuda,500,256.0,1.0
FFNet2,1,outer/12-2_0-0/AuAu200_170kHz_10C_Iter2_3001.xml_TPCMLDataInterface_1.npy,820.983360525435,56.373203625912005,0.01390529703348875,8.259158611297607,0.001,3,64,3,1,cuda,1000,256.0,1.0
FFNet2,2,outer/12-2_1-0/AuAu200_170kHz_10C_Iter2_3001.xml_TPCMLDataInterface_1.npy,984.787561705154,56.373203625912005,0.015436903573572636,8.258830785751343,0.001,3,64,3,1,cuda,1000,256.0,1.0
FFNet2,3,outer/12-2_2-0/AuAu200_170kHz_10C_Iter2_3001.xml_TPCMLDataInterface_1.npy,767.8183018532463,56.373203625912005,0.01387732196599245,8.258944034576416,0.001,3,64,3,1,cuda,1000,256.0,1.0
FFNet2,4,outer/12-2_3-0/AuAu200_170kHz_10C_Iter2_3001.xml_TPCMLDataInterface_1.npy,703.560148144662,56.373203625912005,0.013828667812049389,8.30710768699646,0.001,3,64,3,1,cuda,1000,256.0,1.0
FFNet2,5,outer/12-2_4-0/AuAu200_170kHz_10C_Iter2_3001.xml_TPCMLDataInterface_1.npy,653.5477391336178,56.373203625912005,0.013925914652645588,8.261606216430664,0.001,3,64,3,1,cuda,1000,256.0,1.0
FFNet2,1,outer/12-2_0-0/AuAu200_170kHz_10C_Iter2_3001.xml_TPCMLDataInterface_1.npy,797.8487988411981,56.373203625912005,0.013670532032847404,16.513956308364868,0.001,3,64,3,1,cuda,2000,256.0,1.0
FFNet2,2,outer/12-2_1-0/AuAu200_170kHz_10C_Iter2_3001.xml_TPCMLDataInterface_1.npy,967.0358007551038,56.373203625912005,0.014986788854002953,16.51563334465027,0.001,3,64,3,1,cuda,2000,256.0,1.0
FFNet2,3,outer/12-2_2-0/AuAu200_170kHz_10C_Iter2_3001.xml_TPCMLDataInterface_1.npy,756.3931899472891,56.373203625912005,0.013632663525640965,16.516868114471436,0.001,3,64,3,1,cuda,2000,256.0,1.0
FFNet2,4,outer/12-2_3-0/AuAu200_170kHz_10C_Iter2_3001.xml_TPCMLDataInterface_1.npy,677.4810844942269,56.373203625912005,0.013266148045659065,16.517975330352783,0.001,3,64,3,1,cuda,2000,256.0,1.0
FFNet2,5,outer/12-2_4-0/AuAu200_170kHz_10C_Iter2_3001.xml_TPCMLDataInterface_1.npy,642.519000481091,56.373203625912005,0.013563229702413082,16.51766300201416,0.001,3,64,3,1,cuda,2000,256.0,1.0
FFNet2,1,outer/12-2_0-0/AuAu200_170kHz_10C_Iter2_3001.xml_TPCMLDataInterface_1.npy,1025.157766482597,42.53144286905755,0.017670640721917152,1.0615909099578857,0.001,3,64,4,1,cuda,100,256.0,1.0
FFNet2,2,outer/12-2_1-0/AuAu200_170kHz_10C_Iter2_3001.xml_TPCMLDataInterface_1.npy,1330.0235773824465,42.53144286905755,0.02150253765285015,1.0615172386169434,0.001,3,64,4,1,cuda,100,256.0,1.0
FFNet2,3,outer/12-2_2-0/AuAu200_170kHz_10C_Iter2_3001.xml_TPCMLDataInterface_1.npy,1048.7113767570281,42.53144286905755,0.018900398164987564,1.0611677169799805,0.001,3,64,4,1,cuda,100,256.0,1.0
FFNet2,4,outer/12-2_3-0/AuAu200_170kHz_10C_Iter2_3001.xml_TPCMLDataInterface_1.npy,893.7319473205321,42.53144286905755,0.017520951107144356,1.060314416885376,0.001,3,64,4,1,cuda,100,256.0,1.0
FFNet2,5,outer/12-2_4-0/AuAu200_170kHz_10C_Iter2_3001.xml_TPCMLDataInterface_1.npy,897.7864413382697,42.53144286905755,0.018365321680903435,1.060194969177246,0.001,3,64,4,1,cuda,100,256.0,1.0
FFNet2,1,outer/12-2_0-0/AuAu200_170kHz_10C_Iter2_3001.xml_TPCMLDataInterface_1.npy,679.593555210425,42.53144286905755,0.011675799265503883,5.290230989456177,0.001,3,64,4,1,cuda,500,256.0,1.0
FFNet2,2,outer/12-2_1-0/AuAu200_170kHz_10C_Iter2_3001.xml_TPCMLDataInterface_1.npy,821.6663594482095,42.53144286905755,0.01300031691789627,5.292244911193848,0.001,3,64,4,1,cuda,500,256.0,1.0
FFNet2,3,outer/12-2_2-0/AuAu200_170kHz_10C_Iter2_3001.xml_TPCMLDataInterface_1.npy,661.2376289010208,42.53144286905755,0.011933219619095325,5.294756889343262,0.001,3,64,4,1,cuda,500,256.0,1.0
FFNet2,4,outer/12-2_3-0/AuAu200_170kHz_10C_Iter2_3001.xml_TPCMLDataInterface_1.npy,583.297295954652,42.53144286905755,0.011883067898452282,5.291187524795532,0.001,3,64,4,1,cuda,500,256.0,1.0
FFNet2,5,outer/12-2_4-0/AuAu200_170kHz_10C_Iter2_3001.xml_TPCMLDataInterface_1.npy,556.0424458249665,42.53144286905755,0.012065976858139038,5.314958572387695,0.001,3,64,4,1,cuda,500,256.0,1.0
FFNet2,1,outer/12-2_0-0/AuAu200_170kHz_10C_Iter2_3001.xml_TPCMLDataInterface_1.npy,641.909141775435,42.53144286905755,0.011150053702294827,10.577975273132324,0.001,3,64,4,1,cuda,1000,256.0,1.0
FFNet2,2,outer/12-2_1-0/AuAu200_170kHz_10C_Iter2_3001.xml_TPCMLDataInterface_1.npy,762.7197527087517,42.53144286905755,0.012425745837390423,10.577635049819946,0.001,3,64,4,1,cuda,1000,256.0,1.0
FFNet2,3,outer/12-2_2-0/AuAu200_170kHz_10C_Iter2_3001.xml_TPCMLDataInterface_1.npy,630.1569729438588,42.53144286905755,0.011167763732373714,10.577175855636597,0.001,3,64,4,1,cuda,1000,256.0,1.0
FFNet2,4,outer/12-2_3-0/AuAu200_170kHz_10C_Iter2_3001.xml_TPCMLDataInterface_1.npy,561.3733789323962,42.53144286905755,0.01113555021584034,10.578587055206299,0.001,3,64,4,1,cuda,1000,256.0,1.0
FFNet2,5,outer/12-2_4-0/AuAu200_170kHz_10C_Iter2_3001.xml_TPCMLDataInterface_1.npy,540.4231705467704,42.53144286905755,0.011543636210262775,10.577507734298706,0.001,3,64,4,1,cuda,1000,256.0,1.0
FFNet2,1,outer/12-2_0-0/AuAu200_170kHz_10C_Iter2_3001.xml_TPCMLDataInterface_1.npy,618.522749853581,42.53144286905755,0.010734652169048786,21.15202784538269,0.001,3,64,4,1,cuda,2000,256.0,1.0
FFNet2,2,outer/12-2_1-0/AuAu200_170kHz_10C_Iter2_3001.xml_TPCMLDataInterface_1.npy,740.3898915976406,42.53144286905755,0.012157728895545006,21.15181279182434,0.001,3,64,4,1,cuda,2000,256.0,1.0
FFNet2,3,outer/12-2_2-0/AuAu200_170kHz_10C_Iter2_3001.xml_TPCMLDataInterface_1.npy,611.6345982889893,42.53144286905755,0.010944892652332783,21.169269800186157,0.001,3,64,4,1,cuda,2000,256.0,1.0
FFNet2,4,outer/12-2_3-0/AuAu200_170kHz_10C_Iter2_3001.xml_TPCMLDataInterface_1.npy,531.0354556245817,42.53144286905755,0.0107988640666008,21.15299916267395,0.001,3,64,4,1,cuda,2000,256.0,1.0
FFNet2,5,outer/12-2_4-0/AuAu200_170kHz_10C_Iter2_3001.xml_TPCMLDataInterface_1.npy,513.6659567959338,42.53144286905755,0.010868871584534645,21.160140991210938,0.001,3,64,4,1,cuda,2000,256.0,1.0
FFNet2,1,outer/12-2_0-0/AuAu200_170kHz_10C_Iter2_3001.xml_TPCMLDataInterface_1.npy,761.8274948753347,22.0510248205483,0.012761540710926056,1.252478837966919,0.001,3,128,2,1,cuda,100,256.0,1.0
FFNet2,2,outer/12-2_1-0/AuAu200_170kHz_10C_Iter2_3001.xml_TPCMLDataInterface_1.npy,956.6582593394411,22.0510248205483,0.014525593258440495,1.2521920204162598,0.001,3,128,2,1,cuda,100,256.0,1.0
FFNet2,3,outer/12-2_2-0/AuAu200_170kHz_10C_Iter2_3001.xml_TPCMLDataInterface_1.npy,759.8054052146084,22.0510248205483,0.013378511182963848,1.2586545944213867,0.001,3,128,2,1,cuda,100,256.0,1.0
FFNet2,4,outer/12-2_3-0/AuAu200_170kHz_10C_Iter2_3001.xml_TPCMLDataInterface_1.npy,677.2697286542001,22.0510248205483,0.013176335953176022,1.2615392208099365,0.001,3,128,2,1,cuda,100,256.0,1.0
FFNet2,5,outer/12-2_4-0/AuAu200_170kHz_10C_Iter2_3001.xml_TPCMLDataInterface_1.npy,644.4461596385543,22.0510248205483,0.013096245937049389,1.2523014545440674,0.001,3,128,2,1,cuda,100,256.0,1.0
FFNet2,1,outer/12-2_0-0/AuAu200_170kHz_10C_Iter2_3001.xml_TPCMLDataInterface_1.npy,519.8011499121486,22.0510248205483,0.008234450593590736,6.245192527770996,0.001,3,128,2,1,cuda,500,256.0,1.0
FFNet2,2,outer/12-2_1-0/AuAu200_170kHz_10C_Iter2_3001.xml_TPCMLDataInterface_1.npy,613.3551902924197,22.0510248205483,0.009290194138884544,6.247364044189453,0.001,3,128,2,1,cuda,500,256.0,1.0
FFNet2,3,outer/12-2_2-0/AuAu200_170kHz_10C_Iter2_3001.xml_TPCMLDataInterface_1.npy,504.114914083417,22.0510248205483,0.008484270423650742,6.245455265045166,0.001,3,128,2,1,cuda,500,256.0,1.0
FFNet2,4,outer/12-2_3-0/AuAu200_170kHz_10C_Iter2_3001.xml_TPCMLDataInterface_1.npy,442.5311545661814,22.0510248205483,0.0082192812114954,6.244850397109985,0.001,3,128,2,1,cuda,500,256.0,1.0
FFNet2,5,outer/12-2_4-0/AuAu200_170kHz_10C_Iter2_3001.xml_TPCMLDataInterface_1.npy,422.7924392884036,22.0510248205483,0.00822873879224062,6.247786283493042,0.001,3,128,2,1,cuda,500,256.0,1.0
FFNet2,1,outer/12-2_0-0/AuAu200_170kHz_10C_Iter2_3001.xml_TPCMLDataInterface_1.npy,473.8441814131526,22.0510248205483,0.007486406713724136,12.489485263824463,0.001,3,128,2,1,cuda,1000,256.0,1.0
FFNet2,2,outer/12-2_1-0/AuAu200_170kHz_10C_Iter2_3001.xml_TPCMLDataInterface_1.npy,583.1152683651271,22.0510248205483,0.008721178397536278,12.492470026016235,0.001,3,128,2,1,cuda,1000,256.0,1.0
FFNet2,3,outer/12-2_2-0/AuAu200_170kHz_10C_Iter2_3001.xml_TPCMLDataInterface_1.npy,471.36737052376174,22.0510248205483,0.007738306187093258,12.487399101257324,0.001,3,128,2,1,cuda,1000,256.0,1.0
FFNet2,4,outer/12-2_3-0/AuAu200_170kHz_10C_Iter2_3001.xml_TPCMLDataInterface_1.npy,423.6264720339692,22.0510248205483,0.007755735423415899,12.487918376922607,0.001,3,128,2,1,cuda,1000,256.0,1.0
FFNet2,5,outer/12-2_4-0/AuAu200_170kHz_10C_Iter2_3001.xml_TPCMLDataInterface_1.npy,399.1768454024431,22.0510248205483,0.007713848724961281,12.488527297973633,0.001,3,128,2,1,cuda,1000,256.0,1.0
FFNet2,1,outer/12-2_0-0/AuAu200_170kHz_10C_Iter2_3001.xml_TPCMLDataInterface_1.npy,467.21240038278114,22.0510248205483,0.007436563726514578,24.971415519714355,0.001,3,128,2,1,cuda,2000,256.0,1.0
FFNet2,2,outer/12-2_1-0/AuAu200_170kHz_10C_Iter2_3001.xml_TPCMLDataInterface_1.npy,525.0536860985609,22.0510248205483,0.008136101067066193,24.97733449935913,0.001,3,128,2,1,cuda,2000,256.0,1.0
FFNet2,3,outer/12-2_2-0/AuAu200_170kHz_10C_Iter2_3001.xml_TPCMLDataInterface_1.npy,453.7485763365964,22.0510248205483,0.007497063372284174,24.97351360321045,0.001,3,128,2,1,cuda,2000,256.0,1.0
FFNet2,4,outer/12-2_3-0/AuAu200_170kHz_10C_Iter2_3001.xml_TPCMLDataInterface_1.npy,390.8219780162316,22.0510248205483,0.00733984773978591,24.973769426345825,0.001,3,128,2,1,cuda,2000,256.0,1.0
FFNet2,5,outer/12-2_4-0/AuAu200_170kHz_10C_Iter2_3001.xml_TPCMLDataInterface_1.npy,383.70513956869144,22.0510248205483,0.0074552204459905624,24.973907947540283,0.001,3,128,2,1,cuda,2000,256.0,1.0
FFNet2,1,outer/12-2_0-0/AuAu200_170kHz_10C_Iter2_3001.xml_TPCMLDataInterface_1.npy,611.1700722159471,14.79179316612844,0.010110026225447655,1.774336338043213,0.001,3,128,3,1,cuda,100,256.0,1.0
FFNet2,2,outer/12-2_1-0/AuAu200_170kHz_10C_Iter2_3001.xml_TPCMLDataInterface_1.npy,662.7411677961848,14.79179316612844,0.010241257026791573,1.7601993083953857,0.001,3,128,3,1,cuda,100,256.0,1.0
FFNet2,3,outer/12-2_2-0/AuAu200_170kHz_10C_Iter2_3001.xml_TPCMLDataInterface_1.npy,570.1062609814257,14.79179316612844,0.009427862241864204,1.7595336437225342,0.001,3,128,3,1,cuda,100,256.0,1.0
FFNet2,4,outer/12-2_3-0/AuAu200_170kHz_10C_Iter2_3001.xml_TPCMLDataInterface_1.npy,483.4894094607597,14.79179316612844,0.009272550232708454,1.7595164775848389,0.001,3,128,3,1,cuda,100,256.0,1.0
FFNet2,5,outer/12-2_4-0/AuAu200_170kHz_10C_Iter2_3001.xml_TPCMLDataInterface_1.npy,508.5343169553213,14.79179316612844,0.010555911809206009,1.7598903179168701,0.001,3,128,3,1,cuda,100,256.0,1.0
FFNet2,1,outer/12-2_0-0/AuAu200_170kHz_10C_Iter2_3001.xml_TPCMLDataInterface_1.npy,322.1797999288822,14.79179316612844,0.005482478067278862,8.784954071044922,0.001,3,128,3,1,cuda,500,256.0,1.0
FFNet2,2,outer/12-2_1-0/AuAu200_170kHz_10C_Iter2_3001.xml_TPCMLDataInterface_1.npy,386.1392235609103,14.79179316612844,0.006226778496056795,8.785337924957275,0.001,3,128,3,1,cuda,500,256.0,1.0
FFNet2,3,outer/12-2_2-0/AuAu200_170kHz_10C_Iter2_3001.xml_TPCMLDataInterface_1.npy,331.04082867930055,14.79179316612844,0.0057525928132236,8.786574363708496,0.001,3,128,3,1,cuda,500,256.0,1.0
FFNet2,4,outer/12-2_3-0/AuAu200_170kHz_10C_Iter2_3001.xml_TPCMLDataInterface_1.npy,290.28608182730926,14.79179316612844,0.005511287599802017,8.784653902053833,0.001,3,128,3,1,cuda,500,256.0,1.0
FFNet2,5,outer/12-2_4-0/AuAu200_170kHz_10C_Iter2_3001.xml_TPCMLDataInterface_1.npy,310.44892852660644,14.79179316612844,0.005641602911055088,8.785959959030151,0.001,3,128,3,1,cuda,500,256.0,1.0
FFNet2,1,outer/12-2_0-0/AuAu200_170kHz_10C_Iter2_3001.xml_TPCMLDataInterface_1.npy,289.77749409094713,14.79179316612844,0.005088569596409798,17.57099747657776,0.001,3,128,3,1,cuda,1000,256.0,1.0
FFNet2,2,outer/12-2_1-0/AuAu200_170kHz_10C_Iter2_3001.xml_TPCMLDataInterface_1.npy,349.59933745398257,14.79179316612844,0.005655637010931969,17.565968990325928,0.001,3,128,3,1,cuda,1000,256.0,1.0
FFNet2,3,outer/12-2_2-0/AuAu200_170kHz_10C_Iter2_3001.xml_TPCMLDataInterface_1.npy,293.3444389537316,14.79179316612844,0.005197356920689344,17.56766176223755,0.001,3,128,3,1,cuda,1000,256.0,1.0
FFNet2,4,outer/12-2_3-0/AuAu200_170kHz_10C_Iter2_3001.xml_TPCMLDataInterface_1.npy,262.959062813755,14.79179316612844,0.005080529022961855,17.569142818450928,0.001,3,128,3,1,cuda,1000,256.0,1.0
FFNet2,5,outer/12-2_4-0/AuAu200_170kHz_10C_Iter2_3001.xml_TPCMLDataInterface_1.npy,264.894609688755,14.79179316612844,0.005233184900134802,17.568976640701294,0.001,3,128,3,1,cuda,1000,256.0,1.0
FFNet2,1,outer/12-2_0-0/AuAu200_170kHz_10C_Iter2_3001.xml_TPCMLDataInterface_1.npy,271.310835791081,14.79179316612844,0.004819828551262617,35.129266023635864,0.001,3,128,3,1,cuda,2000,256.0,1.0
FFNet2,2,outer/12-2_1-0/AuAu200_170kHz_10C_Iter2_3001.xml_TPCMLDataInterface_1.npy,326.7718530371486,14.79179316612844,0.005444567650556564,35.13051724433899,0.001,3,128,3,1,cuda,2000,256.0,1.0
FFNet2,3,outer/12-2_2-0/AuAu200_170kHz_10C_Iter2_3001.xml_TPCMLDataInterface_1.npy,273.9688637361948,14.79179316612844,0.00493847718462348,35.136690616607666,0.001,3,128,3,1,cuda,2000,256.0,1.0
FFNet2,4,outer/12-2_3-0/AuAu200_170kHz_10C_Iter2_3001.xml_TPCMLDataInterface_1.npy,258.788249351573,14.79179316612844,0.004918036051094532,35.13046622276306,0.001,3,128,3,1,cuda,2000,256.0,1.0
FFNet2,5,outer/12-2_4-0/AuAu200_170kHz_10C_Iter2_3001.xml_TPCMLDataInterface_1.npy,266.2209070657631,14.79179316612844,0.005005724728107452,35.135592222213745,0.001,3,128,3,1,cuda,2000,256.0,1.0
FFNet2,1,outer/12-2_0-0/AuAu200_170kHz_10C_Iter2_3001.xml_TPCMLDataInterface_1.npy,490.9985528049699,11.128329720528972,0.008252879604697227,2.2693123817443848,0.001,3,128,4,1,cuda,100,256.0,1.0
FFNet2,2,outer/12-2_1-0/AuAu200_170kHz_10C_Iter2_3001.xml_TPCMLDataInterface_1.npy,561.733523939508,11.128329720528972,0.008951769210398197,2.2680041790008545,0.001,3,128,4,1,cuda,100,256.0,1.0
FFNet2,3,outer/12-2_2-0/AuAu200_170kHz_10C_Iter2_3001.xml_TPCMLDataInterface_1.npy,464.5629719398427,11.128329720528972,0.007979822345077991,2.267791748046875,0.001,3,128,4,1,cuda,100,256.0,1.0
FFNet2,4,outer/12-2_3-0/AuAu200_170kHz_10C_Iter2_3001.xml_TPCMLDataInterface_1.npy,412.02675676664995,11.128329720528972,0.007865116000175476,2.2686591148376465,0.001,3,128,4,1,cuda,100,256.0,1.0
FFNet2,5,outer/12-2_4-0/AuAu200_170kHz_10C_Iter2_3001.xml_TPCMLDataInterface_1.npy,411.76405361027446,11.128329720528972,0.008199579082429409,2.2678415775299072,0.001,3,128,4,1,cuda,100,256.0,1.0
FFNet2,1,outer/12-2_0-0/AuAu200_170kHz_10C_Iter2_3001.xml_TPCMLDataInterface_1.npy,256.750813148427,11.128329720528972,0.00453545106574893,11.324641466140747,0.001,3,128,4,1,cuda,500,256.0,1.0
FFNet2,2,outer/12-2_1-0/AuAu200_170kHz_10C_Iter2_3001.xml_TPCMLDataInterface_1.npy,297.45994132781124,11.128329720528972,0.004900701809674501,11.322784423828125,0.001,3,128,4,1,cuda,500,256.0,1.0
FFNet2,3,outer/12-2_2-0/AuAu200_170kHz_10C_Iter2_3001.xml_TPCMLDataInterface_1.npy,241.5684561161312,11.128329720528972,0.004528571851551533,11.331387996673584,0.001,3,128,4,1,cuda,500,256.0,1.0
FFNet2,4,outer/12-2_3-0/AuAu200_170kHz_10C_Iter2_3001.xml_TPCMLDataInterface_1.npy,215.9243497427209,11.128329720528972,0.004398528952151537,11.321643590927124,0.001,3,128,4,1,cuda,500,256.0,1.0
FFNet2,5,outer/12-2_4-0/AuAu200_170kHz_10C_Iter2_3001.xml_TPCMLDataInterface_1.npy,235.97503032965193,11.128329720528972,0.004515904001891613,11.323883771896362,0.001,3,128,4,1,cuda,500,256.0,1.0
FFNet2,1,outer/12-2_0-0/AuAu200_170kHz_10C_Iter2_3001.xml_TPCMLDataInterface_1.npy,215.2456688734103,11.128329720528972,0.003954622428864241,22.641759157180786,0.001,3,128,4,1,cuda,1000,256.0,1.0
FFNet2,2,outer/12-2_1-0/AuAu200_170kHz_10C_Iter2_3001.xml_TPCMLDataInterface_1.npy,262.996593143407,11.128329720528972,0.004544343799352646,22.64242935180664,0.001,3,128,4,1,cuda,1000,256.0,1.0
FFNet2,3,outer/12-2_2-0/AuAu200_170kHz_10C_Iter2_3001.xml_TPCMLDataInterface_1.npy,216.2970527945114,11.128329720528972,0.004145871382206678,22.641620635986328,0.001,3,128,4,1,cuda,1000,256.0,1.0
FFNet2,4,outer/12-2_3-0/AuAu200_170kHz_10C_Iter2_3001.xml_TPCMLDataInterface_1.npy,196.63532907672356,11.128329720528972,0.003974443301558495,22.647813320159912,0.001,3,128,4,1,cuda,1000,256.0,1.0
FFNet2,5,outer/12-2_4-0/AuAu200_170kHz_10C_Iter2_3001.xml_TPCMLDataInterface_1.npy,207.80129763847054,11.128329720528972,0.004110539332032204,22.643876314163208,0.001,3,128,4,1,cuda,1000,256.0,1.0
FFNet2,1,outer/12-2_0-0/AuAu200_170kHz_10C_Iter2_3001.xml_TPCMLDataInterface_1.npy,210.61574161228248,11.128329720528972,0.0037399602588266134,45.282413959503174,0.001,3,128,4,1,cuda,2000,256.0,1.0
FFNet2,2,outer/12-2_1-0/AuAu200_170kHz_10C_Iter2_3001.xml_TPCMLDataInterface_1.npy,261.17474455112114,11.128329720528972,0.0042591216042637825,45.288140058517456,0.001,3,128,4,1,cuda,2000,256.0,1.0
FFNet2,3,outer/12-2_2-0/AuAu200_170kHz_10C_Iter2_3001.xml_TPCMLDataInterface_1.npy,197.23483255940428,11.128329720528972,0.0038686844054609537,45.27934646606445,0.001,3,128,4,1,cuda,2000,256.0,1.0
FFNet2,4,outer/12-2_3-0/AuAu200_170kHz_10C_Iter2_3001.xml_TPCMLDataInterface_1.npy,192.06535909262047,11.128329720528972,0.0038434797897934914,45.28284788131714,0.001,3,128,4,1,cuda,2000,256.0,1.0
FFNet2,5,outer/12-2_4-0/AuAu200_170kHz_10C_Iter2_3001.xml_TPCMLDataInterface_1.npy,190.01706696577978,11.128329720528972,0.0038891169242560863,45.28909492492676,0.001,3,128,4,1,cuda,2000,256.0,1.0
FFNet2,1,outer/12-2_0-0/AuAu200_170kHz_10C_Iter2_3001.xml_TPCMLDataInterface_1.npy,350.0136065093708,5.669787196193102,0.0054729836992919445,2.8197951316833496,0.001,3,256,2,1,cuda,100,256.0,1.0
FFNet2,2,outer/12-2_1-0/AuAu200_170kHz_10C_Iter2_3001.xml_TPCMLDataInterface_1.npy,407.6506860776439,5.669787196193102,0.006178969983011484,2.818892240524292,0.001,3,256,2,1,cuda,100,256.0,1.0
FFNet2,3,outer/12-2_2-0/AuAu200_170kHz_10C_Iter2_3001.xml_TPCMLDataInterface_1.npy,338.8281498389391,5.669787196193102,0.005495226010680199,2.820371627807617,0.001,3,256,2,1,cuda,100,256.0,1.0
FFNet2,4,outer/12-2_3-0/AuAu200_170kHz_10C_Iter2_3001.xml_TPCMLDataInterface_1.npy,314.4656647423025,5.669787196193102,0.005500160623341799,2.8193624019622803,0.001,3,256,2,1,cuda,100,256.0,1.0
FFNet2,5,outer/12-2_4-0/AuAu200_170kHz_10C_Iter2_3001.xml_TPCMLDataInterface_1.npy,315.5635484646921,5.669787196193102,0.005425541196018457,2.840589761734009,0.001,3,256,2,1,cuda,100,256.0,1.0
FFNet2,1,outer/12-2_0-0/AuAu200_170kHz_10C_Iter2_3001.xml_TPCMLDataInterface_1.npy,211.70376296854084,5.669787196193102,0.0037756431847810745,14.090429544448853,0.001,3,256,2,1,cuda,500,256.0,1.0
FFNet2,2,outer/12-2_1-0/AuAu200_170kHz_10C_Iter2_3001.xml_TPCMLDataInterface_1.npy,267.0514453647925,5.669787196193102,0.004391515627503395,14.090946674346924,0.001,3,256,2,1,cuda,500,256.0,1.0
FFNet2,3,outer/12-2_2-0/AuAu200_170kHz_10C_Iter2_3001.xml_TPCMLDataInterface_1.npy,204.42423339190094,5.669787196193102,0.0038535860367119312,14.134336709976196,0.001,3,256,2,1,cuda,500,256.0,1.0
FFNet2,4,outer/12-2_3-0/AuAu200_170kHz_10C_Iter2_3001.xml_TPCMLDataInterface_1.npy,203.75852106342035,5.669787196193102,0.003863587509840727,14.085432529449463,0.001,3,256,2,1,cuda,500,256.0,1.0
FFNet2,5,outer/12-2_4-0/AuAu200_170kHz_10C_Iter2_3001.xml_TPCMLDataInterface_1.npy,211.91657384747322,5.669787196193102,0.004013790283352137,14.08597183227539,0.001,3,256,2,1,cuda,500,256.0,1.0
FFNet2,1,outer/12-2_0-0/AuAu200_170kHz_10C_Iter2_3001.xml_TPCMLDataInterface_1.npy,204.65073837014725,5.669787196193102,0.0036316297482699156,28.18485975265503,0.001,3,256,2,1,cuda,1000,256.0,1.0
FFNet2,2,outer/12-2_1-0/AuAu200_170kHz_10C_Iter2_3001.xml_TPCMLDataInterface_1.npy,246.4647953794344,5.669787196193102,0.004103962332010269,28.18667197227478,0.001,3,256,2,1,cuda,1000,256.0,1.0
FFNet2,3,outer/12-2_2-0/AuAu200_170kHz_10C_Iter2_3001.xml_TPCMLDataInterface_1.npy,200.21849115210844,5.669787196193102,0.003792719915509224,28.168352842330933,0.001,3,256,2,1,cuda,1000,256.0,1.0
FFNet2,4,outer/12-2_3-0/AuAu200_170kHz_10C_Iter2_3001.xml_TPCMLDataInterface_1.npy,183.07223163487282,5.669787196193102,0.003637708956375718,28.17329978942871,0.001,3,256,2,1,cuda,1000,256.0,1.0
FFNet2,5,outer/12-2_4-0/AuAu200_170kHz_10C_Iter2_3001.xml_TPCMLDataInterface_1.npy,197.53045384663653,5.669787196193102,0.003796725533902645,28.169742584228516,0.001,3,256,2,1,cuda,1000,256.0,1.0
FFNet2,1,outer/12-2_0-0/AuAu200_170kHz_10C_Iter2_3001.xml_TPCMLDataInterface_1.npy,201.94437254225235,5.669787196193102,0.0035768141970038414,56.337313413619995,0.001,3,256,2,1,cuda,2000,256.0,1.0
FFNet2,2,outer/12-2_1-0/AuAu200_170kHz_10C_Iter2_3001.xml_TPCMLDataInterface_1.npy,235.68160271293507,5.669787196193102,0.003917076159268618,56.33464527130127,0.001,3,256,2,1,cuda,2000,256.0,1.0
FFNet2,3,outer/12-2_2-0/AuAu200_170kHz_10C_Iter2_3001.xml_TPCMLDataInterface_1.npy,186.23192117428044,5.669787196193102,0.0035885723773390055,56.34548473358154,0.001,3,256,2,1,cuda,2000,256.0,1.0
FFNet2,4,outer/12-2_3-0/AuAu200_170kHz_10C_Iter2_3001.xml_TPCMLDataInterface_1.npy,180.4285671331158,5.669787196193102,0.0035190563648939133,56.34210920333862,0.001,3,256,2,1,cuda,2000,256.0,1.0
FFNet2,5,outer/12-2_4-0/AuAu200_170kHz_10C_Iter2_3001.xml_TPCMLDataInterface_1.npy,192.84301921226572,5.669787196193102,0.003636794863268733,56.34068059921265,0.001,3,256,2,1,cuda,2000,256.0,1.0
FFNet2,1,outer/12-2_0-0/AuAu200_170kHz_10C_Iter2_3001.xml_TPCMLDataInterface_1.npy,266.8489178066432,3.7918593756970984,0.004407514818012714,4.034367084503174,0.001,3,256,3,1,cuda,100,256.0,1.0
FFNet2,2,outer/12-2_1-0/AuAu200_170kHz_10C_Iter2_3001.xml_TPCMLDataInterface_1.npy,319.3035985086178,3.7918593756970984,0.005039918702095747,4.0273237228393555,0.001,3,256,3,1,cuda,100,256.0,1.0
FFNet2,3,outer/12-2_2-0/AuAu200_170kHz_10C_Iter2_3001.xml_TPCMLDataInterface_1.npy,275.85840366675035,3.7918593756970984,0.004735996946692467,4.026134252548218,0.001,3,256,3,1,cuda,100,256.0,1.0
FFNet2,4,outer/12-2_3-0/AuAu200_170kHz_10C_Iter2_3001.xml_TPCMLDataInterface_1.npy,256.32888062667337,3.7918593756970984,0.004608595743775368,4.0299293994903564,0.001,3,256,3,1,cuda,100,256.0,1.0
FFNet2,5,outer/12-2_4-0/AuAu200_170kHz_10C_Iter2_3001.xml_TPCMLDataInterface_1.npy,268.5677305576473,3.7918593756970984,0.004659254103899002,4.049816846847534,0.001,3,256,3,1,cuda,100,256.0,1.0
FFNet2,1,outer/12-2_0-0/AuAu200_170kHz_10C_Iter2_3001.xml_TPCMLDataInterface_1.npy,193.165070438002,3.7918593756970984,0.0030753142200410366,20.140040397644043,0.001,3,256,3,1,cuda,500,256.0,1.0
FFNet2,2,outer/12-2_1-0/AuAu200_170kHz_10C_Iter2_3001.xml_TPCMLDataInterface_1.npy,222.1061956157965,3.7918593756970984,0.0035104556009173393,20.128971576690674,0.001,3,256,3,1,cuda,500,256.0,1.0
FFNet2,3,outer/12-2_2-0/AuAu200_170kHz_10C_Iter2_3001.xml_TPCMLDataInterface_1.npy,172.25273228329988,3.7918593756970984,0.003059340175241232,20.12296772003174,0.001,3,256,3,1,cuda,500,256.0,1.0
FFNet2,4,outer/12-2_3-0/AuAu200_170kHz_10C_Iter2_3001.xml_TPCMLDataInterface_1.npy,152.17471971218205,3.7918593756970984,0.003047690261155367,20.129234790802002,0.001,3,256,3,1,cuda,500,256.0,1.0
FFNet2,5,outer/12-2_4-0/AuAu200_170kHz_10C_Iter2_3001.xml_TPCMLDataInterface_1.npy,160.15278954359104,3.7918593756970984,0.003146305214613676,20.122132778167725,0.001,3,256,3,1,cuda,500,256.0,1.0
FFNet2,1,outer/12-2_0-0/AuAu200_170kHz_10C_Iter2_3001.xml_TPCMLDataInterface_1.npy,187.65793381860777,3.7918593756970984,0.002876607934013009,40.2405641078949,0.001,3,256,3,1,cuda,1000,256.0,1.0
FFNet2,2,outer/12-2_1-0/AuAu200_170kHz_10C_Iter2_3001.xml_TPCMLDataInterface_1.npy,221.20326357513386,3.7918593756970984,0.003220392158254981,40.234312295913696,0.001,3,256,3,1,cuda,1000,256.0,1.0
FFNet2,3,outer/12-2_2-0/AuAu200_170kHz_10C_Iter2_3001.xml_TPCMLDataInterface_1.npy,171.88934906291834,3.7918593756970984,0.002919690916314721,40.244057416915894,0.001,3,256,3,1,cuda,1000,256.0,1.0
FFNet2,4,outer/12-2_3-0/AuAu200_170kHz_10C_Iter2_3001.xml_TPCMLDataInterface_1.npy,146.70719858601072,3.7918593756970984,0.0029032633174210787,40.245035886764526,0.001,3,256,3,1,cuda,1000,256.0,1.0
FFNet2,5,outer/12-2_4-0/AuAu200_170kHz_10C_Iter2_3001.xml_TPCMLDataInterface_1.npy,153.3656984709672,3.7918593756970984,0.0029802892822772264,40.233208417892456,0.001,3,256,3,1,cuda,1000,256.0,1.0
FFNet2,1,outer/12-2_0-0/AuAu200_170kHz_10C_Iter2_3001.xml_TPCMLDataInterface_1.npy,185.07935910307899,3.7918593756970984,0.0028131369035691023,80.4822461605072,0.001,3,256,3,1,cuda,2000,256.0,1.0
FFNet2,2,outer/12-2_1-0/AuAu200_170kHz_10C_Iter2_3001.xml_TPCMLDataInterface_1.npy,225.78841145833334,3.7918593756970984,0.0031281164847314358,80.4864342212677,0.001,3,256,3,1,cuda,2000,256.0,1.0
FFNet2,3,outer/12-2_2-0/AuAu200_170kHz_10C_Iter2_3001.xml_TPCMLDataInterface_1.npy,174.03837354626842,3.7918593756970984,0.0028261863626539707,80.45622134208679,0.001,3,256,3,1,cuda,2000,256.0,1.0
FFNet2,4,outer/12-2_3-0/AuAu200_170kHz_10C_Iter2_3001.xml_TPCMLDataInterface_1.npy,142.25099486487616,3.7918593756970984,0.002797171473503113,80.48501944541931,0.001,3,256,3,1,cuda,2000,256.0,1.0
FFNet2,5,outer/12-2_4-0/AuAu200_170kHz_10C_Iter2_3001.xml_TPCMLDataInterface_1.npy,154.8387246904284,3.7918593756970984,0.0029017378110438585,80.4614028930664,0.001,3,256,3,1,cuda,2000,256.0,1.0
FFNet2,1,outer/12-2_0-0/AuAu200_170kHz_10C_Iter2_3001.xml_TPCMLDataInterface_1.npy,241.16733731802208,2.848416466513992,0.004129868000745773,5.237449884414673,0.001,3,256,4,1,cuda,100,256.0,1.0
FFNet2,2,outer/12-2_1-0/AuAu200_170kHz_10C_Iter2_3001.xml_TPCMLDataInterface_1.npy,284.0060763888889,2.848416466513992,0.004596278071403503,5.2358386516571045,0.001,3,256,4,1,cuda,100,256.0,1.0
FFNet2,3,outer/12-2_2-0/AuAu200_170kHz_10C_Iter2_3001.xml_TPCMLDataInterface_1.npy,229.9151763303213,2.848416466513992,0.004166554659605026,5.233736515045166,0.001,3,256,4,1,cuda,100,256.0,1.0
FFNet2,4,outer/12-2_3-0/AuAu200_170kHz_10C_Iter2_3001.xml_TPCMLDataInterface_1.npy,218.39588824046186,2.848416466513992,0.004034474492073059,5.233720541000366,0.001,3,256,4,1,cuda,100,256.0,1.0
FFNet2,5,outer/12-2_4-0/AuAu200_170kHz_10C_Iter2_3001.xml_TPCMLDataInterface_1.npy,230.91158383534136,2.848416466513992,0.004222544841468334,5.235314130783081,0.001,3,256,4,1,cuda,100,256.0,1.0
FFNet2,1,outer/12-2_0-0/AuAu200_170kHz_10C_Iter2_3001.xml_TPCMLDataInterface_1.npy,204.17302151313586,2.848416466513992,0.002751074731349945,26.17904496192932,0.001,3,256,4,1,cuda,500,256.0,1.0
FFNet2,2,outer/12-2_1-0/AuAu200_170kHz_10C_Iter2_3001.xml_TPCMLDataInterface_1.npy,246.2126762257363,2.848416466513992,0.003105801995843649,26.17225742340088,0.001,3,256,4,1,cuda,500,256.0,1.0
FFNet2,3,outer/12-2_2-0/AuAu200_170kHz_10C_Iter2_3001.xml_TPCMLDataInterface_1.npy,181.88940658467203,2.848416466513992,0.0027318368665874004,26.207642316818237,0.001,3,256,4,1,cuda,500,256.0,1.0
FFNet2,4,outer/12-2_3-0/AuAu200_170kHz_10C_Iter2_3001.xml_TPCMLDataInterface_1.npy,140.18880339064592,2.848416466513992,0.0027049886994063854,26.172791242599487,0.001,3,256,4,1,cuda,500,256.0,1.0
FFNet2,5,outer/12-2_4-0/AuAu200_170kHz_10C_Iter2_3001.xml_TPCMLDataInterface_1.npy,157.06119007279116,2.848416466513992,0.0028851190581917763,26.170161485671997,0.001,3,256,4,1,cuda,500,256.0,1.0
FFNet2,1,outer/12-2_0-0/AuAu200_170kHz_10C_Iter2_3001.xml_TPCMLDataInterface_1.npy,196.7368157525937,2.848416466513992,0.002575739985331893,52.319987058639526,0.001,3,256,4,1,cuda,1000,256.0,1.0
FFNet2,2,outer/12-2_1-0/AuAu200_170kHz_10C_Iter2_3001.xml_TPCMLDataInterface_1.npy,258.9014717725067,2.848416466513992,0.0029113267082720995,52.337127923965454,0.001,3,256,4,1,cuda,1000,256.0,1.0
FFNet2,3,outer/12-2_2-0/AuAu200_170kHz_10C_Iter2_3001.xml_TPCMLDataInterface_1.npy,179.10580603664658,2.848416466513992,0.0025694260839372873,52.346747159957886,0.001,3,256,4,1,cuda,1000,256.0,1.0
FFNet2,4,outer/12-2_3-0/AuAu200_170kHz_10C_Iter2_3001.xml_TPCMLDataInterface_1.npy,134.37792838018743,2.848416466513992,0.002585585927590728,52.34761595726013,0.001,3,256,4,1,cuda,1000,256.0,1.0
FFNet2,5,outer/12-2_4-0/AuAu200_170kHz_10C_Iter2_3001.xml_TPCMLDataInterface_1.npy,151.24024744812584,2.848416466513992,0.0026541738770902157,52.339959144592285,0.001,3,256,4,1,cuda,1000,256.0,1.0
FFNet2,1,outer/12-2_0-0/AuAu200_170kHz_10C_Iter2_3001.xml_TPCMLDataInterface_1.npy,205.68504486696787,2.848416466513992,0.0025207262951880693,104.6306312084198,0.001,3,256,4,1,cuda,2000,256.0,1.0
FFNet2,2,outer/12-2_1-0/AuAu200_170kHz_10C_Iter2_3001.xml_TPCMLDataInterface_1.npy,269.81805084923025,2.848416466513992,0.002797342836856842,104.69592595100403,0.001,3,256,4,1,cuda,2000,256.0,1.0
FFNet2,3,outer/12-2_2-0/AuAu200_170kHz_10C_Iter2_3001.xml_TPCMLDataInterface_1.npy,181.17343462391233,2.848416466513992,0.0025027303490787745,104.70101594924927,0.001,3,256,4,1,cuda,2000,256.0,1.0
FFNet2,4,outer/12-2_3-0/AuAu200_170kHz_10C_Iter2_3001.xml_TPCMLDataInterface_1.npy,133.98954803589356,2.848416466513992,0.002490639453753829,104.64153361320496,0.001,3,256,4,1,cuda,2000,256.0,1.0
FFNet2,5,outer/12-2_4-0/AuAu200_170kHz_10C_Iter2_3001.xml_TPCMLDataInterface_1.npy,148.6416996109438,2.848416466513992,0.002607142785564065,104.71700024604797,0.001,3,256,4,1,cuda,2000,256.0,1.0
FFNet2,1,outer/12-2_0-0/AuAu200_170kHz_10C_Iter2_3001.xml_TPCMLDataInterface_1.npy,1808.5377682605422,302.4626334519573,0.03340236470103264,0.4107334613800049,0.0001,3,32,2,1,cuda,100,256.0,1.0
FFNet2,2,outer/12-2_1-0/AuAu200_170kHz_10C_Iter2_3001.xml_TPCMLDataInterface_1.npy,1907.0041219565762,302.4626334519573,0.07122307270765305,0.3817603588104248,0.0001,3,32,2,1,cuda,100,256.0,1.0
FFNet2,3,outer/12-2_2-0/AuAu200_170kHz_10C_Iter2_3001.xml_TPCMLDataInterface_1.npy,1603.0916844461178,302.4626334519573,0.03053816221654415,0.38123440742492676,0.0001,3,32,2,1,cuda,100,256.0,1.0
FFNet2,4,outer/12-2_3-0/AuAu200_170kHz_10C_Iter2_3001.xml_TPCMLDataInterface_1.npy,2000.6907486717705,302.4626334519573,0.03601977601647377,0.3814394474029541,0.0001,3,32,2,1,cuda,100,256.0,1.0
FFNet2,5,outer/12-2_4-0/AuAu200_170kHz_10C_Iter2_3001.xml_TPCMLDataInterface_1.npy,2090.249173778447,302.4626334519573,0.037859946489334106,0.3811047077178955,0.0001,3,32,2,1,cuda,100,256.0,1.0
FFNet2,1,outer/12-2_0-0/AuAu200_170kHz_10C_Iter2_3001.xml_TPCMLDataInterface_1.npy,1653.4724823774263,302.4626334519573,0.03050594963133335,1.9007079601287842,0.0001,3,32,2,1,cuda,500,256.0,1.0
FFNet2,2,outer/12-2_1-0/AuAu200_170kHz_10C_Iter2_3001.xml_TPCMLDataInterface_1.npy,1907.2339056747824,302.4626334519573,0.03108641877770424,1.8979840278625488,0.0001,3,32,2,1,cuda,500,256.0,1.0
FFNet2,3,outer/12-2_2-0/AuAu200_170kHz_10C_Iter2_3001.xml_TPCMLDataInterface_1.npy,1529.07667780497,302.4626334519573,0.027837231755256653,1.8979785442352295,0.0001,3,32,2,1,cuda,500,256.0,1.0
FFNet2,4,outer/12-2_3-0/AuAu200_170kHz_10C_Iter2_3001.xml_TPCMLDataInterface_1.npy,1431.963248828648,302.4626334519573,0.03901957347989082,1.904808759689331,0.0001,3,32,2,1,cuda,500,256.0,1.0
FFNet2,5,outer/12-2_4-0/AuAu200_170kHz_10C_Iter2_3001.xml_TPCMLDataInterface_1.npy,1391.718125104585,302.4626334519573,0.03268369287252426,1.8977599143981934,0.0001,3,32,2,1,cuda,500,256.0,1.0
FFNet2,1,outer/12-2_0-0/AuAu200_170kHz_10C_Iter2_3001.xml_TPCMLDataInterface_1.npy,1623.7785503995146,302.4626334519573,0.028611980378627777,3.7986981868743896,0.0001,3,32,2,1,cuda,1000,256.0,1.0
FFNet2,2,outer/12-2_1-0/AuAu200_170kHz_10C_Iter2_3001.xml_TPCMLDataInterface_1.npy,1906.9975527108434,302.4626334519573,0.03986196219921112,3.794281005859375,0.0001,3,32,2,1,cuda,1000,256.0,1.0
FFNet2,3,outer/12-2_2-0/AuAu200_170kHz_10C_Iter2_3001.xml_TPCMLDataInterface_1.npy,1528.6088076263386,302.4626334519573,0.027084121480584145,3.7943825721740723,0.0001,3,32,2,1,cuda,1000,256.0,1.0
FFNet2,4,outer/12-2_3-0/AuAu200_170kHz_10C_Iter2_3001.xml_TPCMLDataInterface_1.npy,1431.6528941285978,302.4626334519573,0.02696695178747177,3.796205520629883,0.0001,3,32,2,1,cuda,1000,256.0,1.0
FFNet2,5,outer/12-2_4-0/AuAu200_170kHz_10C_Iter2_3001.xml_TPCMLDataInterface_1.npy,1390.7476285349733,302.4626334519573,0.027599725872278214,3.796290397644043,0.0001,3,32,2,1,cuda,1000,256.0,1.0
FFNet2,1,outer/12-2_0-0/AuAu200_170kHz_10C_Iter2_3001.xml_TPCMLDataInterface_1.npy,1610.972156856593,302.4626334519573,0.02656034752726555,7.599504232406616,0.0001,3,32,2,1,cuda,2000,256.0,1.0
FFNet2,2,outer/12-2_1-0/AuAu200_170kHz_10C_Iter2_3001.xml_TPCMLDataInterface_1.npy,1857.739829108099,302.4626334519573,0.02846098132431507,7.5893778800964355,0.0001,3,32,2,1,cuda,2000,256.0,1.0
FFNet2,3,outer/12-2_2-0/AuAu200_170kHz_10C_Iter2_3001.xml_TPCMLDataInterface_1.npy,1518.5471142382028,302.4626334519573,0.025864658877253532,7.586680889129639,0.0001,3,32,2,1,cuda,2000,256.0,1.0
FFNet2,4,outer/12-2_3-0/AuAu200_170kHz_10C_Iter2_3001.xml_TPCMLDataInterface_1.npy,1408.205872971051,302.4626334519573,0.025754831731319427,7.600856781005859,0.0001,3,32,2,1,cuda,2000,256.0,1.0
FFNet2,5,outer/12-2_4-0/AuAu200_170kHz_10C_Iter2_3001.xml_TPCMLDataInterface_1.npy,1376.1070832810408,302.4626334519573,0.026208780705928802,7.5943520069122314,0.0001,3,32,2,1,cuda,2000,256.0,1.0
FFNet2,1,outer/12-2_0-0/AuAu200_170kHz_10C_Iter2_3001.xml_TPCMLDataInterface_1.npy,1623.8669286521085,206.0134661998384,0.033028971403837204,0.5302882194519043,0.0001,3,32,3,1,cuda,100,256.0,1.0
FFNet2,2,outer/12-2_1-0/AuAu200_170kHz_10C_Iter2_3001.xml_TPCMLDataInterface_1.npy,1922.8779388386881,206.0134661998384,0.03226470574736595,0.5302512645721436,0.0001,3,32,3,1,cuda,100,256.0,1.0
FFNet2,3,outer/12-2_2-0/AuAu200_170kHz_10C_Iter2_3001.xml_TPCMLDataInterface_1.npy,1528.389654974063,206.0134661998384,0.05874580517411232,0.529552698135376,0.0001,3,32,3,1,cuda,100,256.0,1.0
FFNet2,4,outer/12-2_3-0/AuAu200_170kHz_10C_Iter2_3001.xml_TPCMLDataInterface_1.npy,1553.659195375251,206.0134661998384,0.031516287475824356,0.5297801494598389,0.0001,3,32,3,1,cuda,100,256.0,1.0
FFNet2,5,outer/12-2_4-0/AuAu200_170kHz_10C_Iter2_3001.xml_TPCMLDataInterface_1.npy,1392.2186140394913,206.0134661998384,0.03451376035809517,0.5314407348632812,0.0001,3,32,3,1,cuda,100,256.0,1.0
FFNet2,1,outer/12-2_0-0/AuAu200_170kHz_10C_Iter2_3001.xml_TPCMLDataInterface_1.npy,1623.8610601259204,206.0134661998384,0.029795899987220764,2.6669201850891113,0.0001,3,32,3,1,cuda,500,256.0,1.0
FFNet2,2,outer/12-2_1-0/AuAu200_170kHz_10C_Iter2_3001.xml_TPCMLDataInterface_1.npy,1907.0226910245146,206.0134661998384,0.038939353078603745,2.6418771743774414,0.0001,3,32,3,1,cuda,500,256.0,1.0
FFNet2,3,outer/12-2_2-0/AuAu200_170kHz_10C_Iter2_3001.xml_TPCMLDataInterface_1.npy,1528.389654974063,206.0134661998384,0.03612733259797096,2.6390252113342285,0.0001,3,32,3,1,cuda,500,256.0,1.0
FFNet2,4,outer/12-2_3-0/AuAu200_170kHz_10C_Iter2_3001.xml_TPCMLDataInterface_1.npy,1431.963248828648,206.0134661998384,0.050500523298978806,2.639202356338501,0.0001,3,32,3,1,cuda,500,256.0,1.0
FFNet2,5,outer/12-2_4-0/AuAu200_170kHz_10C_Iter2_3001.xml_TPCMLDataInterface_1.npy,1392.5651224690428,206.0134661998384,0.028673436492681503,2.6392579078674316,0.0001,3,32,3,1,cuda,500,256.0,1.0
FFNet2,1,outer/12-2_0-0/AuAu200_170kHz_10C_Iter2_3001.xml_TPCMLDataInterface_1.npy,1590.3393940344713,206.0134661998384,0.02631409280002117,5.280277490615845,0.0001,3,32,3,1,cuda,1000,256.0,1.0
FFNet2,2,outer/12-2_1-0/AuAu200_170kHz_10C_Iter2_3001.xml_TPCMLDataInterface_1.npy,1879.1104339231927,206.0134661998384,0.031144097447395325,5.277548313140869,0.0001,3,32,3,1,cuda,1000,256.0,1.0
FFNet2,3,outer/12-2_2-0/AuAu200_170kHz_10C_Iter2_3001.xml_TPCMLDataInterface_1.npy,1521.8878038194443,206.0134661998384,0.029064659029245377,5.276777982711792,0.0001,3,32,3,1,cuda,1000,256.0,1.0
FFNet2,4,outer/12-2_3-0/AuAu200_170kHz_10C_Iter2_3001.xml_TPCMLDataInterface_1.npy,1415.1090978497323,206.0134661998384,0.025797825306653976,5.277965545654297,0.0001,3,32,3,1,cuda,1000,256.0,1.0
FFNet2,5,outer/12-2_4-0/AuAu200_170kHz_10C_Iter2_3001.xml_TPCMLDataInterface_1.npy,1376.256920912818,206.0134661998384,0.03436824306845665,5.281358480453491,0.0001,3,32,3,1,cuda,1000,256.0,1.0
FFNet2,1,outer/12-2_0-0/AuAu200_170kHz_10C_Iter2_3001.xml_TPCMLDataInterface_1.npy,1465.8045855296184,206.0134661998384,0.024557769298553467,10.601970672607422,0.0001,3,32,3,1,cuda,2000,256.0,1.0
FFNet2,2,outer/12-2_1-0/AuAu200_170kHz_10C_Iter2_3001.xml_TPCMLDataInterface_1.npy,1718.9933562374497,206.0134661998384,0.02672399953007698,10.553961277008057,0.0001,3,32,3,1,cuda,2000,256.0,1.0
FFNet2,3,outer/12-2_2-0/AuAu200_170kHz_10C_Iter2_3001.xml_TPCMLDataInterface_1.npy,1426.9184093143408,206.0134661998384,0.024962592869997025,10.556212186813354,0.0001,3,32,3,1,cuda,2000,256.0,1.0
FFNet2,4,outer/12-2_3-0/AuAu200_170kHz_10C_Iter2_3001.xml_TPCMLDataInterface_1.npy,1362.6568539784137,206.0134661998384,0.02622860111296177,10.570882320404053,0.0001,3,32,3,1,cuda,2000,256.0,1.0
FFNet2,5,outer/12-2_4-0/AuAu200_170kHz_10C_Iter2_3001.xml_TPCMLDataInterface_1.npy,1260.3509206095214,206.0134661998384,0.024431461468338966,10.551535606384277,0.0001,3,32,3,1,cuda,2000,256.0,1.0
FFNet2,1,outer/12-2_0-0/AuAu200_170kHz_10C_Iter2_3001.xml_TPCMLDataInterface_1.npy,1953.4193022088352,156.20338983050848,0.03649422153830528,0.6789169311523438,0.0001,3,32,4,1,cuda,100,256.0,1.0
FFNet2,2,outer/12-2_1-0/AuAu200_170kHz_10C_Iter2_3001.xml_TPCMLDataInterface_1.npy,1907.0226910245146,156.20338983050848,0.04552137479186058,0.6785502433776855,0.0001,3,32,4,1,cuda,100,256.0,1.0
FFNet2,3,outer/12-2_2-0/AuAu200_170kHz_10C_Iter2_3001.xml_TPCMLDataInterface_1.npy,1528.389654974063,156.20338983050848,0.03996836394071579,0.6780836582183838,0.0001,3,32,4,1,cuda,100,256.0,1.0
FFNet2,4,outer/12-2_3-0/AuAu200_170kHz_10C_Iter2_3001.xml_TPCMLDataInterface_1.npy,1431.963248828648,156.20338983050848,0.06831839680671692,0.678382158279419,0.0001,3,32,4,1,cuda,100,256.0,1.0
FFNet2,5,outer/12-2_4-0/AuAu200_170kHz_10C_Iter2_3001.xml_TPCMLDataInterface_1.npy,1391.6711768950804,156.20338983050848,0.034962911158800125,0.6778669357299805,0.0001,3,32,4,1,cuda,100,256.0,1.0
FFNet2,1,outer/12-2_0-0/AuAu200_170kHz_10C_Iter2_3001.xml_TPCMLDataInterface_1.npy,1623.84581947582,156.20338983050848,0.03253154829144478,3.3789894580841064,0.0001,3,32,4,1,cuda,500,256.0,1.0
FFNet2,2,outer/12-2_1-0/AuAu200_170kHz_10C_Iter2_3001.xml_TPCMLDataInterface_1.npy,1907.0226910245146,156.20338983050848,0.05041469261050224,3.384434700012207,0.0001,3,32,4,1,cuda,500,256.0,1.0
FFNet2,3,outer/12-2_2-0/AuAu200_170kHz_10C_Iter2_3001.xml_TPCMLDataInterface_1.npy,1526.1936352179553,156.20338983050848,0.026700662449002266,3.3724710941314697,0.0001,3,32,4,1,cuda,500,256.0,1.0
FFNet2,4,outer/12-2_3-0/AuAu200_170kHz_10C_Iter2_3001.xml_TPCMLDataInterface_1.npy,1431.963248828648,156.20338983050848,0.050054918974637985,3.3722143173217773,0.0001,3,32,4,1,cuda,500,256.0,1.0
FFNet2,5,outer/12-2_4-0/AuAu200_170kHz_10C_Iter2_3001.xml_TPCMLDataInterface_1.npy,1391.645950991466,156.20338983050848,0.0348161943256855,3.371943950653076,0.0001,3,32,4,1,cuda,500,256.0,1.0
FFNet2,1,outer/12-2_0-0/AuAu200_170kHz_10C_Iter2_3001.xml_TPCMLDataInterface_1.npy,1522.26597928171,156.20338983050848,0.026056814938783646,6.746091604232788,0.0001,3,32,4,1,cuda,1000,256.0,1.0
FFNet2,2,outer/12-2_1-0/AuAu200_170kHz_10C_Iter2_3001.xml_TPCMLDataInterface_1.npy,1795.1231867574465,156.20338983050848,0.028184818103909492,6.759878635406494,0.0001,3,32,4,1,cuda,1000,256.0,1.0
FFNet2,3,outer/12-2_2-0/AuAu200_170kHz_10C_Iter2_3001.xml_TPCMLDataInterface_1.npy,1442.7471317561915,156.20338983050848,0.02535138465464115,6.74389386177063,0.0001,3,32,4,1,cuda,1000,256.0,1.0
FFNet2,4,outer/12-2_3-0/AuAu200_170kHz_10C_Iter2_3001.xml_TPCMLDataInterface_1.npy,1317.9455452016398,156.20338983050848,0.024113602936267853,6.745381593704224,0.0001,3,32,4,1,cuda,1000,256.0,1.0
FFNet2,5,outer/12-2_4-0/AuAu200_170kHz_10C_Iter2_3001.xml_TPCMLDataInterface_1.npy,1292.9927326493473,156.20338983050848,0.02487204037606716,6.750510931015015,0.0001,3,32,4,1,cuda,1000,256.0,1.0
FFNet2,1,outer/12-2_0-0/AuAu200_170kHz_10C_Iter2_3001.xml_TPCMLDataInterface_1.npy,1361.9591216428212,156.20338983050848,0.023255249485373497,13.490608930587769,0.0001,3,32,4,1,cuda,2000,256.0,1.0
FFNet2,2,outer/12-2_1-0/AuAu200_170kHz_10C_Iter2_3001.xml_TPCMLDataInterface_1.npy,1580.864732366968,156.20338983050848,0.02483011968433857,13.491241216659546,0.0001,3,32,4,1,cuda,2000,256.0,1.0
FFNet2,3,outer/12-2_2-0/AuAu200_170kHz_10C_Iter2_3001.xml_TPCMLDataInterface_1.npy,1302.2726374246988,156.20338983050848,0.022777413949370384,13.484280586242676,0.0001,3,32,4,1,cuda,2000,256.0,1.0
FFNet2,4,outer/12-2_3-0/AuAu200_170kHz_10C_Iter2_3001.xml_TPCMLDataInterface_1.npy,1177.4161515855087,156.20338983050848,0.022239841520786285,13.48656964302063,0.0001,3,32,4,1,cuda,2000,256.0,1.0
FFNet2,5,outer/12-2_4-0/AuAu200_170kHz_10C_Iter2_3001.xml_TPCMLDataInterface_1.npy,1160.8587108852075,156.20338983050848,0.02285160683095455,13.487056016921997,0.0001,3,32,4,1,cuda,2000,256.0,1.0
FFNet2,1,outer/12-2_0-0/AuAu200_170kHz_10C_Iter2_3001.xml_TPCMLDataInterface_1.npy,1632.0209706011547,83.57128810226155,0.03150790184736252,0.5973145961761475,0.0001,3,64,2,1,cuda,100,256.0,1.0
FFNet2,2,outer/12-2_1-0/AuAu200_170kHz_10C_Iter2_3001.xml_TPCMLDataInterface_1.npy,1907.040296603079,83.57128810226155,0.055604662746191025,0.5977330207824707,0.0001,3,64,2,1,cuda,100,256.0,1.0
FFNet2,3,outer/12-2_2-0/AuAu200_170kHz_10C_Iter2_3001.xml_TPCMLDataInterface_1.npy,1530.2250381735275,83.57128810226155,0.03174912929534912,0.5970559120178223,0.0001,3,64,2,1,cuda,100,256.0,1.0
FFNet2,4,outer/12-2_3-0/AuAu200_170kHz_10C_Iter2_3001.xml_TPCMLDataInterface_1.npy,1521.0372479501339,83.57128810226155,0.030240746214985847,0.5997481346130371,0.0001,3,64,2,1,cuda,100,256.0,1.0
FFNet2,5,outer/12-2_4-0/AuAu200_170kHz_10C_Iter2_3001.xml_TPCMLDataInterface_1.npy,1393.3296833165998,83.57128810226155,0.03329447656869888,0.5978379249572754,0.0001,3,64,2,1,cuda,100,256.0,1.0
FFNet2,1,outer/12-2_0-0/AuAu200_170kHz_10C_Iter2_3001.xml_TPCMLDataInterface_1.npy,1621.7597773908133,83.57128810226155,0.032623689621686935,2.9728357791900635,0.0001,3,64,2,1,cuda,500,256.0,1.0
FFNet2,2,outer/12-2_1-0/AuAu200_170kHz_10C_Iter2_3001.xml_TPCMLDataInterface_1.npy,1856.5233839001842,83.57128810226155,0.028521588072180748,2.9731719493865967,0.0001,3,64,2,1,cuda,500,256.0,1.0
FFNet2,3,outer/12-2_2-0/AuAu200_170kHz_10C_Iter2_3001.xml_TPCMLDataInterface_1.npy,1486.3039658634539,83.57128810226155,0.026282899081707,2.973145008087158,0.0001,3,64,2,1,cuda,500,256.0,1.0
FFNet2,4,outer/12-2_3-0/AuAu200_170kHz_10C_Iter2_3001.xml_TPCMLDataInterface_1.npy,1431.4329479375838,83.57128810226155,0.03548859432339668,2.972248077392578,0.0001,3,64,2,1,cuda,500,256.0,1.0
FFNet2,5,outer/12-2_4-0/AuAu200_170kHz_10C_Iter2_3001.xml_TPCMLDataInterface_1.npy,1391.2447890520416,83.57128810226155,0.03567462041974068,3.0251264572143555,0.0001,3,64,2,1,cuda,500,256.0,1.0
FFNet2,1,outer/12-2_0-0/AuAu200_170kHz_10C_Iter2_3001.xml_TPCMLDataInterface_1.npy,1406.7083359479584,83.57128810226155,0.023440144956111908,5.9419920444488525,0.0001,3,64,2,1,cuda,1000,256.0,1.0
FFNet2,2,outer/12-2_1-0/AuAu200_170kHz_10C_Iter2_3001.xml_TPCMLDataInterface_1.npy,1607.013656187249,83.57128810226155,0.024974260479211807,5.9432008266448975,0.0001,3,64,2,1,cuda,1000,256.0,1.0
FFNet2,3,outer/12-2_2-0/AuAu200_170kHz_10C_Iter2_3001.xml_TPCMLDataInterface_1.npy,1333.491392653949,83.57128810226155,0.023079972714185715,5.941288471221924,0.0001,3,64,2,1,cuda,1000,256.0,1.0
FFNet2,4,outer/12-2_3-0/AuAu200_170kHz_10C_Iter2_3001.xml_TPCMLDataInterface_1.npy,1211.7193474418507,83.57128810226155,0.022563019767403603,5.9426188468933105,0.0001,3,64,2,1,cuda,1000,256.0,1.0
FFNet2,5,outer/12-2_4-0/AuAu200_170kHz_10C_Iter2_3001.xml_TPCMLDataInterface_1.npy,1216.9315347326808,83.57128810226155,0.024306830018758774,5.949091911315918,0.0001,3,64,2,1,cuda,1000,256.0,1.0
FFNet2,1,outer/12-2_0-0/AuAu200_170kHz_10C_Iter2_3001.xml_TPCMLDataInterface_1.npy,1190.526297899933,83.57128810226155,0.020461108535528183,11.879714965820312,0.0001,3,64,2,1,cuda,2000,256.0,1.0
FFNet2,2,outer/12-2_1-0/AuAu200_170kHz_10C_Iter2_3001.xml_TPCMLDataInterface_1.npy,1414.340594147423,83.57128810226155,0.022054729983210564,11.883670091629028,0.0001,3,64,2,1,cuda,2000,256.0,1.0
FFNet2,3,outer/12-2_2-0/AuAu200_170kHz_10C_Iter2_3001.xml_TPCMLDataInterface_1.npy,1107.5901130563923,83.57128810226155,0.01999123953282833,11.886229276657104,0.0001,3,64,2,1,cuda,2000,256.0,1.0
FFNet2,4,outer/12-2_3-0/AuAu200_170kHz_10C_Iter2_3001.xml_TPCMLDataInterface_1.npy,1017.481335498243,83.57128810226155,0.019703848287463188,11.881405591964722,0.0001,3,64,2,1,cuda,2000,256.0,1.0
FFNet2,5,outer/12-2_4-0/AuAu200_170kHz_10C_Iter2_3001.xml_TPCMLDataInterface_1.npy,996.6220742344377,83.57128810226155,0.020412901416420937,11.883115291595459,0.0001,3,64,2,1,cuda,2000,256.0,1.0
FFNet2,1,outer/12-2_0-0/AuAu200_170kHz_10C_Iter2_3001.xml_TPCMLDataInterface_1.npy,1623.8610601259204,56.373203625912005,0.0517989918589592,0.830350399017334,0.0001,3,64,3,1,cuda,100,256.0,1.0
FFNet2,2,outer/12-2_1-0/AuAu200_170kHz_10C_Iter2_3001.xml_TPCMLDataInterface_1.npy,1907.3859265185743,56.373203625912005,0.030573580414056778,0.830120325088501,0.0001,3,64,3,1,cuda,100,256.0,1.0
FFNet2,3,outer/12-2_2-0/AuAu200_170kHz_10C_Iter2_3001.xml_TPCMLDataInterface_1.npy,1526.6245881965363,56.373203625912005,0.02770034223794937,0.8286857604980469,0.0001,3,64,3,1,cuda,100,256.0,1.0
FFNet2,4,outer/12-2_3-0/AuAu200_170kHz_10C_Iter2_3001.xml_TPCMLDataInterface_1.npy,1431.963248828648,56.373203625912005,0.039836280047893524,0.830087423324585,0.0001,3,64,3,1,cuda,100,256.0,1.0
FFNet2,5,outer/12-2_4-0/AuAu200_170kHz_10C_Iter2_3001.xml_TPCMLDataInterface_1.npy,1468.0698301016566,56.373203625912005,0.03141028434038162,0.8298840522766113,0.0001,3,64,3,1,cuda,100,256.0,1.0
FFNet2,1,outer/12-2_0-0/AuAu200_170kHz_10C_Iter2_3001.xml_TPCMLDataInterface_1.npy,1547.0609756735275,56.373203625912005,0.029546739533543587,4.1340858936309814,0.0001,3,64,3,1,cuda,500,256.0,1.0
FFNet2,2,outer/12-2_1-0/AuAu200_170kHz_10C_Iter2_3001.xml_TPCMLDataInterface_1.npy,1791.5591415139725,56.373203625912005,0.029050175100564957,4.1450581550598145,0.0001,3,64,3,1,cuda,500,256.0,1.0
FFNet2,3,outer/12-2_2-0/AuAu200_170kHz_10C_Iter2_3001.xml_TPCMLDataInterface_1.npy,1479.5684613453816,56.373203625912005,0.03375370800495148,4.135149240493774,0.0001,3,64,3,1,cuda,500,256.0,1.0
FFNet2,4,outer/12-2_3-0/AuAu200_170kHz_10C_Iter2_3001.xml_TPCMLDataInterface_1.npy,1293.8621582684907,56.373203625912005,0.023368526250123978,4.133901834487915,0.0001,3,64,3,1,cuda,500,256.0,1.0
FFNet2,5,outer/12-2_4-0/AuAu200_170kHz_10C_Iter2_3001.xml_TPCMLDataInterface_1.npy,1283.1552302961848,56.373203625912005,0.02429843135178089,4.133795261383057,0.0001,3,64,3,1,cuda,500,256.0,1.0
FFNet2,1,outer/12-2_0-0/AuAu200_170kHz_10C_Iter2_3001.xml_TPCMLDataInterface_1.npy,1112.449686767905,56.373203625912005,0.019156765192747116,8.261794090270996,0.0001,3,64,3,1,cuda,1000,256.0,1.0
FFNet2,2,outer/12-2_1-0/AuAu200_170kHz_10C_Iter2_3001.xml_TPCMLDataInterface_1.npy,1507.257021575887,56.373203625912005,0.026374926790595055,8.2619149684906,0.0001,3,64,3,1,cuda,1000,256.0,1.0
FFNet2,3,outer/12-2_2-0/AuAu200_170kHz_10C_Iter2_3001.xml_TPCMLDataInterface_1.npy,1034.7857157797857,56.373203625912005,0.018643945455551147,8.261492729187012,0.0001,3,64,3,1,cuda,1000,256.0,1.0
FFNet2,4,outer/12-2_3-0/AuAu200_170kHz_10C_Iter2_3001.xml_TPCMLDataInterface_1.npy,954.7918261588019,56.373203625912005,0.018571259453892708,8.263944625854492,0.0001,3,64,3,1,cuda,1000,256.0,1.0
FFNet2,5,outer/12-2_4-0/AuAu200_170kHz_10C_Iter2_3001.xml_TPCMLDataInterface_1.npy,1068.1698355923695,56.373203625912005,0.02299920842051506,8.263334512710571,0.0001,3,64,3,1,cuda,1000,256.0,1.0
FFNet2,1,outer/12-2_0-0/AuAu200_170kHz_10C_Iter2_3001.xml_TPCMLDataInterface_1.npy,940.819078396921,56.373203625912005,0.01613798923790455,16.521358728408813,0.0001,3,64,3,1,cuda,2000,256.0,1.0
FFNet2,2,outer/12-2_1-0/AuAu200_170kHz_10C_Iter2_3001.xml_TPCMLDataInterface_1.npy,1116.765251108601,56.373203625912005,0.01777680404484272,16.519084215164185,0.0001,3,64,3,1,cuda,2000,256.0,1.0
FFNet2,3,outer/12-2_2-0/AuAu200_170kHz_10C_Iter2_3001.xml_TPCMLDataInterface_1.npy,892.9676780036814,56.373203625912005,0.016118187457323074,16.51837396621704,0.0001,3,64,3,1,cuda,2000,256.0,1.0
FFNet2,4,outer/12-2_3-0/AuAu200_170kHz_10C_Iter2_3001.xml_TPCMLDataInterface_1.npy,863.2853941808902,56.373203625912005,0.016985179856419563,16.52314019203186,0.0001,3,64,3,1,cuda,2000,256.0,1.0
FFNet2,5,outer/12-2_4-0/AuAu200_170kHz_10C_Iter2_3001.xml_TPCMLDataInterface_1.npy,820.6316751380522,56.373203625912005,0.017139092087745667,16.52229380607605,0.0001,3,64,3,1,cuda,2000,256.0,1.0
FFNet2,1,outer/12-2_0-0/AuAu200_170kHz_10C_Iter2_3001.xml_TPCMLDataInterface_1.npy,1623.8610601259204,42.53144286905755,0.03579161316156387,1.0609307289123535,0.0001,3,64,4,1,cuda,100,256.0,1.0
FFNet2,2,outer/12-2_1-0/AuAu200_170kHz_10C_Iter2_3001.xml_TPCMLDataInterface_1.npy,1907.0226910245146,42.53144286905755,0.030896367505192757,1.0608854293823242,0.0001,3,64,4,1,cuda,100,256.0,1.0
FFNet2,3,outer/12-2_2-0/AuAu200_170kHz_10C_Iter2_3001.xml_TPCMLDataInterface_1.npy,1528.389654974063,42.53144286905755,0.04660120978951454,1.0609548091888428,0.0001,3,64,4,1,cuda,100,256.0,1.0
FFNet2,4,outer/12-2_3-0/AuAu200_170kHz_10C_Iter2_3001.xml_TPCMLDataInterface_1.npy,1431.963248828648,42.53144286905755,0.03938873112201691,1.0606205463409424,0.0001,3,64,4,1,cuda,100,256.0,1.0
FFNet2,5,outer/12-2_4-0/AuAu200_170kHz_10C_Iter2_3001.xml_TPCMLDataInterface_1.npy,1391.6711768950804,42.53144286905755,0.04148249328136444,1.0612413883209229,0.0001,3,64,4,1,cuda,100,256.0,1.0
FFNet2,1,outer/12-2_0-0/AuAu200_170kHz_10C_Iter2_3001.xml_TPCMLDataInterface_1.npy,1486.8735279660307,42.53144286905755,0.02963227406144142,5.2929253578186035,0.0001,3,64,4,1,cuda,500,256.0,1.0
FFNet2,2,outer/12-2_1-0/AuAu200_170kHz_10C_Iter2_3001.xml_TPCMLDataInterface_1.npy,1563.9880982262382,42.53144286905755,0.023886417970061302,5.292545795440674,0.0001,3,64,4,1,cuda,500,256.0,1.0
FFNet2,3,outer/12-2_2-0/AuAu200_170kHz_10C_Iter2_3001.xml_TPCMLDataInterface_1.npy,1250.7970776334505,42.53144286905755,0.02153223380446434,5.292720079421997,0.0001,3,64,4,1,cuda,500,256.0,1.0
FFNet2,4,outer/12-2_3-0/AuAu200_170kHz_10C_Iter2_3001.xml_TPCMLDataInterface_1.npy,1301.1475877468206,42.53144286905755,0.028116194531321526,5.293226957321167,0.0001,3,64,4,1,cuda,500,256.0,1.0
FFNet2,5,outer/12-2_4-0/AuAu200_170kHz_10C_Iter2_3001.xml_TPCMLDataInterface_1.npy,1112.5661055681057,42.53144286905755,0.02160968817770481,5.292677879333496,0.0001,3,64,4,1,cuda,500,256.0,1.0
FFNet2,1,outer/12-2_0-0/AuAu200_170kHz_10C_Iter2_3001.xml_TPCMLDataInterface_1.npy,947.3184796477577,42.53144286905755,0.016306713223457336,10.582586765289307,0.0001,3,64,4,1,cuda,1000,256.0,1.0
FFNet2,2,outer/12-2_1-0/AuAu200_170kHz_10C_Iter2_3001.xml_TPCMLDataInterface_1.npy,1230.5131816327812,42.53144286905755,0.019838176667690277,10.58212924003601,0.0001,3,64,4,1,cuda,1000,256.0,1.0
FFNet2,3,outer/12-2_2-0/AuAu200_170kHz_10C_Iter2_3001.xml_TPCMLDataInterface_1.npy,932.9594092515897,42.53144286905755,0.016771918162703514,10.580063581466675,0.0001,3,64,4,1,cuda,1000,256.0,1.0
FFNet2,4,outer/12-2_3-0/AuAu200_170kHz_10C_Iter2_3001.xml_TPCMLDataInterface_1.npy,817.2733812855589,42.53144286905755,0.01596987433731556,10.58162784576416,0.0001,3,64,4,1,cuda,1000,256.0,1.0
FFNet2,5,outer/12-2_4-0/AuAu200_170kHz_10C_Iter2_3001.xml_TPCMLDataInterface_1.npy,784.4855711910141,42.53144286905755,0.01625078171491623,10.580818891525269,0.0001,3,64,4,1,cuda,1000,256.0,1.0
FFNet2,1,outer/12-2_0-0/AuAu200_170kHz_10C_Iter2_3001.xml_TPCMLDataInterface_1.npy,788.2023393051372,42.53144286905755,0.013559100218117237,21.159040689468384,0.0001,3,64,4,1,cuda,2000,256.0,1.0
FFNet2,2,outer/12-2_1-0/AuAu200_170kHz_10C_Iter2_3001.xml_TPCMLDataInterface_1.npy,916.0689319779117,42.53144286905755,0.014568452723324299,21.158881187438965,0.0001,3,64,4,1,cuda,2000,256.0,1.0
FFNet2,3,outer/12-2_2-0/AuAu200_170kHz_10C_Iter2_3001.xml_TPCMLDataInterface_1.npy,795.1098626275937,42.53144286905755,0.014638181775808334,21.15706729888916,0.0001,3,64,4,1,cuda,2000,256.0,1.0
FFNet2,4,outer/12-2_3-0/AuAu200_170kHz_10C_Iter2_3001.xml_TPCMLDataInterface_1.npy,667.0899993201974,42.53144286905755,0.01307173166424036,21.17639660835266,0.0001,3,64,4,1,cuda,2000,256.0,1.0
FFNet2,5,outer/12-2_4-0/AuAu200_170kHz_10C_Iter2_3001.xml_TPCMLDataInterface_1.npy,629.1261452058233,42.53144286905755,0.013487582094967365,21.16451072692871,0.0001,3,64,4,1,cuda,2000,256.0,1.0
FFNet2,1,outer/12-2_0-0/AuAu200_170kHz_10C_Iter2_3001.xml_TPCMLDataInterface_1.npy,1615.958111090194,22.0510248205483,0.02839300036430359,1.2591578960418701,0.0001,3,128,2,1,cuda,100,256.0,1.0
FFNet2,2,outer/12-2_1-0/AuAu200_170kHz_10C_Iter2_3001.xml_TPCMLDataInterface_1.npy,1906.8830308212014,22.0510248205483,0.038891199976205826,1.2581610679626465,0.0001,3,128,2,1,cuda,100,256.0,1.0
FFNet2,3,outer/12-2_2-0/AuAu200_170kHz_10C_Iter2_3001.xml_TPCMLDataInterface_1.npy,1527.3910420327143,22.0510248205483,0.03576720133423805,1.2530913352966309,0.0001,3,128,2,1,cuda,100,256.0,1.0
FFNet2,4,outer/12-2_3-0/AuAu200_170kHz_10C_Iter2_3001.xml_TPCMLDataInterface_1.npy,1431.8453527652275,22.0510248205483,0.03401165083050728,1.2533059120178223,0.0001,3,128,2,1,cuda,100,256.0,1.0
FFNet2,5,outer/12-2_4-0/AuAu200_170kHz_10C_Iter2_3001.xml_TPCMLDataInterface_1.npy,1391.6730005961344,22.0510248205483,0.028812091797590256,1.2603960037231445,0.0001,3,128,2,1,cuda,100,256.0,1.0
FFNet2,1,outer/12-2_0-0/AuAu200_170kHz_10C_Iter2_3001.xml_TPCMLDataInterface_1.npy,1010.3544176706828,22.0510248205483,0.01712428778409958,6.248992919921875,0.0001,3,128,2,1,cuda,500,256.0,1.0
FFNet2,2,outer/12-2_1-0/AuAu200_170kHz_10C_Iter2_3001.xml_TPCMLDataInterface_1.npy,1213.4063467411313,22.0510248205483,0.018444841727614403,6.249075174331665,0.0001,3,128,2,1,cuda,500,256.0,1.0
FFNet2,3,outer/12-2_2-0/AuAu200_170kHz_10C_Iter2_3001.xml_TPCMLDataInterface_1.npy,1011.0929773782631,22.0510248205483,0.018101593479514122,6.2484400272369385,0.0001,3,128,2,1,cuda,500,256.0,1.0
FFNet2,4,outer/12-2_3-0/AuAu200_170kHz_10C_Iter2_3001.xml_TPCMLDataInterface_1.npy,863.7789909638554,22.0510248205483,0.016756383702158928,6.249119281768799,0.0001,3,128,2,1,cuda,500,256.0,1.0
FFNet2,5,outer/12-2_4-0/AuAu200_170kHz_10C_Iter2_3001.xml_TPCMLDataInterface_1.npy,822.6188791624833,22.0510248205483,0.016925418749451637,6.247896194458008,0.0001,3,128,2,1,cuda,500,256.0,1.0
FFNet2,1,outer/12-2_0-0/AuAu200_170kHz_10C_Iter2_3001.xml_TPCMLDataInterface_1.npy,742.6268237010543,22.0510248205483,0.01192422118037939,12.49464464187622,0.0001,3,128,2,1,cuda,1000,256.0,1.0
FFNet2,2,outer/12-2_1-0/AuAu200_170kHz_10C_Iter2_3001.xml_TPCMLDataInterface_1.npy,901.8247730505354,22.0510248205483,0.013224058784544468,12.496654510498047,0.0001,3,128,2,1,cuda,1000,256.0,1.0
FFNet2,3,outer/12-2_2-0/AuAu200_170kHz_10C_Iter2_3001.xml_TPCMLDataInterface_1.npy,694.0049285684404,22.0510248205483,0.011971301399171352,12.494668960571289,0.0001,3,128,2,1,cuda,1000,256.0,1.0
FFNet2,4,outer/12-2_3-0/AuAu200_170kHz_10C_Iter2_3001.xml_TPCMLDataInterface_1.npy,612.9833814424364,22.0510248205483,0.011686149053275585,12.4947829246521,0.0001,3,128,2,1,cuda,1000,256.0,1.0
FFNet2,5,outer/12-2_4-0/AuAu200_170kHz_10C_Iter2_3001.xml_TPCMLDataInterface_1.npy,583.1483577539324,22.0510248205483,0.011776001192629337,12.49268388748169,0.0001,3,128,2,1,cuda,1000,256.0,1.0
FFNet2,1,outer/12-2_0-0/AuAu200_170kHz_10C_Iter2_3001.xml_TPCMLDataInterface_1.npy,579.1169155789826,22.0510248205483,0.009026349522173405,24.98505711555481,0.0001,3,128,2,1,cuda,2000,256.0,1.0
FFNet2,2,outer/12-2_1-0/AuAu200_170kHz_10C_Iter2_3001.xml_TPCMLDataInterface_1.npy,717.7478769243642,22.0510248205483,0.010651365853846073,24.98639965057373,0.0001,3,128,2,1,cuda,2000,256.0,1.0
FFNet2,3,outer/12-2_2-0/AuAu200_170kHz_10C_Iter2_3001.xml_TPCMLDataInterface_1.npy,559.0083811809739,22.0510248205483,0.009330044500529766,24.98817491531372,0.0001,3,128,2,1,cuda,2000,256.0,1.0
FFNet2,4,outer/12-2_3-0/AuAu200_170kHz_10C_Iter2_3001.xml_TPCMLDataInterface_1.npy,501.24365430471886,22.0510248205483,0.009353137575089931,24.984673500061035,0.0001,3,128,2,1,cuda,2000,256.0,1.0
FFNet2,5,outer/12-2_4-0/AuAu200_170kHz_10C_Iter2_3001.xml_TPCMLDataInterface_1.npy,468.1406550681894,22.0510248205483,0.009356346912682056,24.98285722732544,0.0001,3,128,2,1,cuda,2000,256.0,1.0
FFNet2,1,outer/12-2_0-0/AuAu200_170kHz_10C_Iter2_3001.xml_TPCMLDataInterface_1.npy,1622.4051034868642,14.79179316612844,0.02659335546195507,1.763885498046875,0.0001,3,128,3,1,cuda,100,256.0,1.0
FFNet2,2,outer/12-2_1-0/AuAu200_170kHz_10C_Iter2_3001.xml_TPCMLDataInterface_1.npy,1907.0476541582998,14.79179316612844,0.029783345758914948,1.7610321044921875,0.0001,3,128,3,1,cuda,100,256.0,1.0
FFNet2,3,outer/12-2_2-0/AuAu200_170kHz_10C_Iter2_3001.xml_TPCMLDataInterface_1.npy,1528.389654974063,14.79179316612844,0.04167155176401138,1.7602207660675049,0.0001,3,128,3,1,cuda,100,256.0,1.0
FFNet2,4,outer/12-2_3-0/AuAu200_170kHz_10C_Iter2_3001.xml_TPCMLDataInterface_1.npy,1431.963248828648,14.79179316612844,0.04144160822033882,1.7596733570098877,0.0001,3,128,3,1,cuda,100,256.0,1.0
FFNet2,5,outer/12-2_4-0/AuAu200_170kHz_10C_Iter2_3001.xml_TPCMLDataInterface_1.npy,1391.520171833166,14.79179316612844,0.02779759094119072,1.7606072425842285,0.0001,3,128,3,1,cuda,100,256.0,1.0
FFNet2,1,outer/12-2_0-0/AuAu200_170kHz_10C_Iter2_3001.xml_TPCMLDataInterface_1.npy,824.2932393637049,14.79179316612844,0.014027303084731102,8.788431167602539,0.0001,3,128,3,1,cuda,500,256.0,1.0
FFNet2,2,outer/12-2_1-0/AuAu200_170kHz_10C_Iter2_3001.xml_TPCMLDataInterface_1.npy,891.9581123975067,14.79179316612844,0.01357221882790327,8.789198637008667,0.0001,3,128,3,1,cuda,500,256.0,1.0
FFNet2,3,outer/12-2_2-0/AuAu200_170kHz_10C_Iter2_3001.xml_TPCMLDataInterface_1.npy,766.8705956639056,14.79179316612844,0.013586440123617649,8.789697408676147,0.0001,3,128,3,1,cuda,500,256.0,1.0
FFNet2,4,outer/12-2_3-0/AuAu200_170kHz_10C_Iter2_3001.xml_TPCMLDataInterface_1.npy,656.7782314152444,14.79179316612844,0.012565058656036854,8.787385702133179,0.0001,3,128,3,1,cuda,500,256.0,1.0
FFNet2,5,outer/12-2_4-0/AuAu200_170kHz_10C_Iter2_3001.xml_TPCMLDataInterface_1.npy,600.6934783404452,14.79179316612844,0.012472019530832767,8.789060115814209,0.0001,3,128,3,1,cuda,500,256.0,1.0
FFNet2,1,outer/12-2_0-0/AuAu200_170kHz_10C_Iter2_3001.xml_TPCMLDataInterface_1.npy,515.6263582977745,14.79179316612844,0.008201834745705128,17.57276964187622,0.0001,3,128,3,1,cuda,1000,256.0,1.0
FFNet2,2,outer/12-2_1-0/AuAu200_170kHz_10C_Iter2_3001.xml_TPCMLDataInterface_1.npy,638.15570354334,14.79179316612844,0.009970692917704582,17.574853897094727,0.0001,3,128,3,1,cuda,1000,256.0,1.0
FFNet2,3,outer/12-2_2-0/AuAu200_170kHz_10C_Iter2_3001.xml_TPCMLDataInterface_1.npy,515.1658064549866,14.79179316612844,0.008468123152852058,17.573718547821045,0.0001,3,128,3,1,cuda,1000,256.0,1.0
FFNet2,4,outer/12-2_3-0/AuAu200_170kHz_10C_Iter2_3001.xml_TPCMLDataInterface_1.npy,464.56350793800203,14.79179316612844,0.008702299557626247,17.571815013885498,0.0001,3,128,3,1,cuda,1000,256.0,1.0
FFNet2,5,outer/12-2_4-0/AuAu200_170kHz_10C_Iter2_3001.xml_TPCMLDataInterface_1.npy,432.9930712433066,14.79179316612844,0.008499848656356335,17.575834274291992,0.0001,3,128,3,1,cuda,1000,256.0,1.0
FFNet2,1,outer/12-2_0-0/AuAu200_170kHz_10C_Iter2_3001.xml_TPCMLDataInterface_1.npy,386.7103688190261,14.79179316612844,0.0062797642312943935,35.14330720901489,0.0001,3,128,3,1,cuda,2000,256.0,1.0
FFNet2,2,outer/12-2_1-0/AuAu200_170kHz_10C_Iter2_3001.xml_TPCMLDataInterface_1.npy,446.77221777735946,14.79179316612844,0.0071172937750816345,35.14678764343262,0.0001,3,128,3,1,cuda,2000,256.0,1.0
FFNet2,3,outer/12-2_2-0/AuAu200_170kHz_10C_Iter2_3001.xml_TPCMLDataInterface_1.npy,373.0736082350234,14.79179316612844,0.006323831155896187,35.14522361755371,0.0001,3,128,3,1,cuda,2000,256.0,1.0
FFNet2,4,outer/12-2_3-0/AuAu200_170kHz_10C_Iter2_3001.xml_TPCMLDataInterface_1.npy,352.0977922105087,14.79179316612844,0.006611278746277094,35.13994765281677,0.0001,3,128,3,1,cuda,2000,256.0,1.0
FFNet2,5,outer/12-2_4-0/AuAu200_170kHz_10C_Iter2_3001.xml_TPCMLDataInterface_1.npy,336.1785985086178,14.79179316612844,0.006340405438095331,35.14619278907776,0.0001,3,128,3,1,cuda,2000,256.0,1.0
FFNet2,1,outer/12-2_0-0/AuAu200_170kHz_10C_Iter2_3001.xml_TPCMLDataInterface_1.npy,1623.8610601259204,11.128329720528972,0.027119450271129608,2.26826810836792,0.0001,3,128,4,1,cuda,100,256.0,1.0
FFNet2,2,outer/12-2_1-0/AuAu200_170kHz_10C_Iter2_3001.xml_TPCMLDataInterface_1.npy,1907.0226910245146,11.128329720528972,0.03377076983451843,2.269218683242798,0.0001,3,128,4,1,cuda,100,256.0,1.0
FFNet2,3,outer/12-2_2-0/AuAu200_170kHz_10C_Iter2_3001.xml_TPCMLDataInterface_1.npy,1528.389654974063,11.128329720528972,0.026193268597126007,2.2681379318237305,0.0001,3,128,4,1,cuda,100,256.0,1.0
FFNet2,4,outer/12-2_3-0/AuAu200_170kHz_10C_Iter2_3001.xml_TPCMLDataInterface_1.npy,1431.963248828648,11.128329720528972,0.02601400949060917,2.2691502571105957,0.0001,3,128,4,1,cuda,100,256.0,1.0
FFNet2,5,outer/12-2_4-0/AuAu200_170kHz_10C_Iter2_3001.xml_TPCMLDataInterface_1.npy,1391.6711768950804,11.128329720528972,0.02782031148672104,2.2681994438171387,0.0001,3,128,4,1,cuda,100,256.0,1.0
FFNet2,1,outer/12-2_0-0/AuAu200_170kHz_10C_Iter2_3001.xml_TPCMLDataInterface_1.npy,655.9120387801205,11.128329720528972,0.01093461737036705,11.326585531234741,0.0001,3,128,4,1,cuda,500,256.0,1.0
FFNet2,2,outer/12-2_1-0/AuAu200_170kHz_10C_Iter2_3001.xml_TPCMLDataInterface_1.npy,867.9458798736613,11.128329720528972,0.014153576456010342,11.326957702636719,0.0001,3,128,4,1,cuda,500,256.0,1.0
FFNet2,3,outer/12-2_2-0/AuAu200_170kHz_10C_Iter2_3001.xml_TPCMLDataInterface_1.npy,671.8109795954651,11.128329720528972,0.011789817363023758,11.325835943222046,0.0001,3,128,4,1,cuda,500,256.0,1.0
FFNet2,4,outer/12-2_3-0/AuAu200_170kHz_10C_Iter2_3001.xml_TPCMLDataInterface_1.npy,594.7338546895917,11.128329720528972,0.01158412266522646,11.327104806900024,0.0001,3,128,4,1,cuda,500,256.0,1.0
FFNet2,5,outer/12-2_4-0/AuAu200_170kHz_10C_Iter2_3001.xml_TPCMLDataInterface_1.npy,516.3927702999498,11.128329720528972,0.01057847123593092,11.362213611602783,0.0001,3,128,4,1,cuda,500,256.0,1.0
FFNet2,1,outer/12-2_0-0/AuAu200_170kHz_10C_Iter2_3001.xml_TPCMLDataInterface_1.npy,419.70341653070614,11.128329720528972,0.006787353660911322,22.647860050201416,0.0001,3,128,4,1,cuda,1000,256.0,1.0
FFNet2,2,outer/12-2_1-0/AuAu200_170kHz_10C_Iter2_3001.xml_TPCMLDataInterface_1.npy,476.5733977576975,11.128329720528972,0.007665660232305527,22.64921283721924,0.0001,3,128,4,1,cuda,1000,256.0,1.0
FFNet2,3,outer/12-2_2-0/AuAu200_170kHz_10C_Iter2_3001.xml_TPCMLDataInterface_1.npy,400.2948447435576,11.128329720528972,0.0068020750768482685,22.65057373046875,0.0001,3,128,4,1,cuda,1000,256.0,1.0
FFNet2,4,outer/12-2_3-0/AuAu200_170kHz_10C_Iter2_3001.xml_TPCMLDataInterface_1.npy,361.5705046749498,11.128329720528972,0.006779615301638842,22.64931321144104,0.0001,3,128,4,1,cuda,1000,256.0,1.0
FFNet2,5,outer/12-2_4-0/AuAu200_170kHz_10C_Iter2_3001.xml_TPCMLDataInterface_1.npy,374.2150123933233,11.128329720528972,0.007331385742872953,22.648860454559326,0.0001,3,128,4,1,cuda,1000,256.0,1.0
FFNet2,1,outer/12-2_0-0/AuAu200_170kHz_10C_Iter2_3001.xml_TPCMLDataInterface_1.npy,289.92579040118807,11.128329720528972,0.005088684614747763,45.29195547103882,0.0001,3,128,4,1,cuda,2000,256.0,1.0
FFNet2,2,outer/12-2_1-0/AuAu200_170kHz_10C_Iter2_3001.xml_TPCMLDataInterface_1.npy,348.60444904618475,11.128329720528972,0.005595458671450615,45.29172658920288,0.0001,3,128,4,1,cuda,2000,256.0,1.0
FFNet2,3,outer/12-2_2-0/AuAu200_170kHz_10C_Iter2_3001.xml_TPCMLDataInterface_1.npy,286.91700526062584,11.128329720528972,0.005154806189239025,45.29463815689087,0.0001,3,128,4,1,cuda,2000,256.0,1.0
FFNet2,4,outer/12-2_3-0/AuAu200_170kHz_10C_Iter2_3001.xml_TPCMLDataInterface_1.npy,265.952101374247,11.128329720528972,0.005000704433768988,45.29513192176819,0.0001,3,128,4,1,cuda,2000,256.0,1.0
FFNet2,5,outer/12-2_4-0/AuAu200_170kHz_10C_Iter2_3001.xml_TPCMLDataInterface_1.npy,286.99255877677376,11.128329720528972,0.005264857783913612,45.29806351661682,0.0001,3,128,4,1,cuda,2000,256.0,1.0
FFNet2,1,outer/12-2_0-0/AuAu200_170kHz_10C_Iter2_3001.xml_TPCMLDataInterface_1.npy,1530.048617647674,5.669787196193102,0.02661413699388504,2.820852279663086,0.0001,3,256,2,1,cuda,100,256.0,1.0
FFNet2,2,outer/12-2_1-0/AuAu200_170kHz_10C_Iter2_3001.xml_TPCMLDataInterface_1.npy,1832.7552253283968,5.669787196193102,0.03205960988998413,2.82735276222229,0.0001,3,256,2,1,cuda,100,256.0,1.0
FFNet2,3,outer/12-2_2-0/AuAu200_170kHz_10C_Iter2_3001.xml_TPCMLDataInterface_1.npy,1483.4201689570782,5.669787196193102,0.029342569410800934,2.820279836654663,0.0001,3,256,2,1,cuda,100,256.0,1.0
FFNet2,4,outer/12-2_3-0/AuAu200_170kHz_10C_Iter2_3001.xml_TPCMLDataInterface_1.npy,1333.21570396168,5.669787196193102,0.02487948164343834,2.819504976272583,0.0001,3,256,2,1,cuda,100,256.0,1.0
FFNet2,5,outer/12-2_4-0/AuAu200_170kHz_10C_Iter2_3001.xml_TPCMLDataInterface_1.npy,1301.1193210341366,5.669787196193102,0.02578178234398365,2.8201704025268555,0.0001,3,256,2,1,cuda,100,256.0,1.0
FFNet2,1,outer/12-2_0-0/AuAu200_170kHz_10C_Iter2_3001.xml_TPCMLDataInterface_1.npy,437.65701347054886,5.669787196193102,0.006661256775259972,14.088400602340698,0.0001,3,256,2,1,cuda,500,256.0,1.0
FFNet2,2,outer/12-2_1-0/AuAu200_170kHz_10C_Iter2_3001.xml_TPCMLDataInterface_1.npy,509.26147558985946,5.669787196193102,0.007454353850334883,14.087611436843872,0.0001,3,256,2,1,cuda,500,256.0,1.0
FFNet2,3,outer/12-2_2-0/AuAu200_170kHz_10C_Iter2_3001.xml_TPCMLDataInterface_1.npy,431.4693735881024,5.669787196193102,0.0067429752089083195,14.088293075561523,0.0001,3,256,2,1,cuda,500,256.0,1.0
FFNet2,4,outer/12-2_3-0/AuAu200_170kHz_10C_Iter2_3001.xml_TPCMLDataInterface_1.npy,386.2706607680723,5.669787196193102,0.0067262183874845505,14.088913679122925,0.0001,3,256,2,1,cuda,500,256.0,1.0
FFNet2,5,outer/12-2_4-0/AuAu200_170kHz_10C_Iter2_3001.xml_TPCMLDataInterface_1.npy,384.83301042712515,5.669787196193102,0.006901998072862625,14.088149070739746,0.0001,3,256,2,1,cuda,500,256.0,1.0
FFNet2,1,outer/12-2_0-0/AuAu200_170kHz_10C_Iter2_3001.xml_TPCMLDataInterface_1.npy,297.92885212725906,5.669787196193102,0.004845393355935812,28.172466278076172,0.0001,3,256,2,1,cuda,1000,256.0,1.0
FFNet2,2,outer/12-2_1-0/AuAu200_170kHz_10C_Iter2_3001.xml_TPCMLDataInterface_1.npy,348.1627277338521,5.669787196193102,0.005349977873265743,28.171533584594727,0.0001,3,256,2,1,cuda,1000,256.0,1.0
FFNet2,3,outer/12-2_2-0/AuAu200_170kHz_10C_Iter2_3001.xml_TPCMLDataInterface_1.npy,301.9950609730589,5.669787196193102,0.004990167450159788,28.174247980117798,0.0001,3,256,2,1,cuda,1000,256.0,1.0
FFNet2,4,outer/12-2_3-0/AuAu200_170kHz_10C_Iter2_3001.xml_TPCMLDataInterface_1.npy,276.60162394369144,5.669787196193102,0.004975670948624611,28.172386169433594,0.0001,3,256,2,1,cuda,1000,256.0,1.0
FFNet2,5,outer/12-2_4-0/AuAu200_170kHz_10C_Iter2_3001.xml_TPCMLDataInterface_1.npy,292.1183013303213,5.669787196193102,0.005022526253014803,28.174872159957886,0.0001,3,256,2,1,cuda,1000,256.0,1.0
FFNet2,1,outer/12-2_0-0/AuAu200_170kHz_10C_Iter2_3001.xml_TPCMLDataInterface_1.npy,246.1221827413822,5.669787196193102,0.004132584203034639,56.35317897796631,0.0001,3,256,2,1,cuda,2000,256.0,1.0
FFNet2,2,outer/12-2_1-0/AuAu200_170kHz_10C_Iter2_3001.xml_TPCMLDataInterface_1.npy,288.73196823753347,5.669787196193102,0.004669624846428633,56.34372854232788,0.0001,3,256,2,1,cuda,2000,256.0,1.0
FFNet2,3,outer/12-2_2-0/AuAu200_170kHz_10C_Iter2_3001.xml_TPCMLDataInterface_1.npy,235.55196044595047,5.669787196193102,0.0042354934848845005,56.34423899650574,0.0001,3,256,2,1,cuda,2000,256.0,1.0
FFNet2,4,outer/12-2_3-0/AuAu200_170kHz_10C_Iter2_3001.xml_TPCMLDataInterface_1.npy,225.96283702518406,5.669787196193102,0.0041793412528932095,56.34806561470032,0.0001,3,256,2,1,cuda,2000,256.0,1.0
FFNet2,5,outer/12-2_4-0/AuAu200_170kHz_10C_Iter2_3001.xml_TPCMLDataInterface_1.npy,225.88556962223896,5.669787196193102,0.004169845953583717,56.34573817253113,0.0001,3,256,2,1,cuda,2000,256.0,1.0
FFNet2,1,outer/12-2_0-0/AuAu200_170kHz_10C_Iter2_3001.xml_TPCMLDataInterface_1.npy,1459.6767721929384,3.7918593756970984,0.02183285355567932,4.027640104293823,0.0001,3,256,3,1,cuda,100,256.0,1.0
FFNet2,2,outer/12-2_1-0/AuAu200_170kHz_10C_Iter2_3001.xml_TPCMLDataInterface_1.npy,1615.9870066202309,3.7918593756970984,0.02285723201930523,4.028609752655029,0.0001,3,256,3,1,cuda,100,256.0,1.0
FFNet2,3,outer/12-2_2-0/AuAu200_170kHz_10C_Iter2_3001.xml_TPCMLDataInterface_1.npy,1481.7226863181895,3.7918593756970984,0.026364263147115707,4.026476860046387,0.0001,3,256,3,1,cuda,100,256.0,1.0
FFNet2,4,outer/12-2_3-0/AuAu200_170kHz_10C_Iter2_3001.xml_TPCMLDataInterface_1.npy,1372.8896026815596,3.7918593756970984,0.024632811546325684,4.024184226989746,0.0001,3,256,3,1,cuda,100,256.0,1.0
FFNet2,5,outer/12-2_4-0/AuAu200_170kHz_10C_Iter2_3001.xml_TPCMLDataInterface_1.npy,1346.1261883471386,3.7918593756970984,0.026744775474071503,4.023641347885132,0.0001,3,256,3,1,cuda,100,256.0,1.0
FFNet2,1,outer/12-2_0-0/AuAu200_170kHz_10C_Iter2_3001.xml_TPCMLDataInterface_1.npy,338.85799709253683,3.7918593756970984,0.00528370589017868,20.126367330551147,0.0001,3,256,3,1,cuda,500,256.0,1.0
FFNet2,2,outer/12-2_1-0/AuAu200_170kHz_10C_Iter2_3001.xml_TPCMLDataInterface_1.npy,431.92513543758366,3.7918593756970984,0.006423951592296362,20.118769645690918,0.0001,3,256,3,1,cuda,500,256.0,1.0
FFNet2,3,outer/12-2_2-0/AuAu200_170kHz_10C_Iter2_3001.xml_TPCMLDataInterface_1.npy,334.1461183274766,3.7918593756970984,0.005385365802794695,20.121118545532227,0.0001,3,256,3,1,cuda,500,256.0,1.0
FFNet2,4,outer/12-2_3-0/AuAu200_170kHz_10C_Iter2_3001.xml_TPCMLDataInterface_1.npy,304.23339582287485,3.7918593756970984,0.005381894297897816,20.12222385406494,0.0001,3,256,3,1,cuda,500,256.0,1.0
FFNet2,5,outer/12-2_4-0/AuAu200_170kHz_10C_Iter2_3001.xml_TPCMLDataInterface_1.npy,315.883710623745,3.7918593756970984,0.00557273393496871,20.12525463104248,0.0001,3,256,3,1,cuda,500,256.0,1.0
FFNet2,1,outer/12-2_0-0/AuAu200_170kHz_10C_Iter2_3001.xml_TPCMLDataInterface_1.npy,235.90754162483267,3.7918593756970984,0.004059974569827318,40.25035262107849,0.0001,3,256,3,1,cuda,1000,256.0,1.0
FFNet2,2,outer/12-2_1-0/AuAu200_170kHz_10C_Iter2_3001.xml_TPCMLDataInterface_1.npy,294.8710597598728,3.7918593756970984,0.004661310464143753,40.23566675186157,0.0001,3,256,3,1,cuda,1000,256.0,1.0
FFNet2,3,outer/12-2_2-0/AuAu200_170kHz_10C_Iter2_3001.xml_TPCMLDataInterface_1.npy,215.70373028572624,3.7918593756970984,0.004009172320365906,40.23747968673706,0.0001,3,256,3,1,cuda,1000,256.0,1.0
FFNet2,4,outer/12-2_3-0/AuAu200_170kHz_10C_Iter2_3001.xml_TPCMLDataInterface_1.npy,210.60463860650938,3.7918593756970984,0.003967260476201773,40.277411460876465,0.0001,3,256,3,1,cuda,1000,256.0,1.0
FFNet2,5,outer/12-2_4-0/AuAu200_170kHz_10C_Iter2_3001.xml_TPCMLDataInterface_1.npy,219.05568236487616,3.7918593756970984,0.004104969557374716,40.24946856498718,0.0001,3,256,3,1,cuda,1000,256.0,1.0
FFNet2,1,outer/12-2_0-0/AuAu200_170kHz_10C_Iter2_3001.xml_TPCMLDataInterface_1.npy,194.2483501715194,3.7918593756970984,0.0032674414105713367,80.50030446052551,0.0001,3,256,3,1,cuda,2000,256.0,1.0
FFNet2,2,outer/12-2_1-0/AuAu200_170kHz_10C_Iter2_3001.xml_TPCMLDataInterface_1.npy,226.3191764453648,3.7918593756970984,0.0038038301281630993,80.48014426231384,0.0001,3,256,3,1,cuda,2000,256.0,1.0
FFNet2,3,outer/12-2_2-0/AuAu200_170kHz_10C_Iter2_3001.xml_TPCMLDataInterface_1.npy,179.21858527861446,3.7918593756970984,0.0034252507612109184,80.47107028961182,0.0001,3,256,3,1,cuda,2000,256.0,1.0
FFNet2,4,outer/12-2_3-0/AuAu200_170kHz_10C_Iter2_3001.xml_TPCMLDataInterface_1.npy,168.61049667419678,3.7918593756970984,0.003375066677108407,80.55063152313232,0.0001,3,256,3,1,cuda,2000,256.0,1.0
FFNet2,5,outer/12-2_4-0/AuAu200_170kHz_10C_Iter2_3001.xml_TPCMLDataInterface_1.npy,165.58899791875837,3.7918593756970984,0.003471042262390256,80.5287914276123,0.0001,3,256,3,1,cuda,2000,256.0,1.0
FFNet2,1,outer/12-2_0-0/AuAu200_170kHz_10C_Iter2_3001.xml_TPCMLDataInterface_1.npy,1599.1994501443273,2.848416466513992,0.027798203751444817,5.247580051422119,0.0001,3,256,4,1,cuda,100,256.0,1.0
FFNet2,2,outer/12-2_1-0/AuAu200_170kHz_10C_Iter2_3001.xml_TPCMLDataInterface_1.npy,1808.6722201305222,2.848416466513992,0.025790341198444366,5.244591236114502,0.0001,3,256,4,1,cuda,100,256.0,1.0
FFNet2,3,outer/12-2_2-0/AuAu200_170kHz_10C_Iter2_3001.xml_TPCMLDataInterface_1.npy,1405.7316440240127,2.848416466513992,0.021525070071220398,5.24512505531311,0.0001,3,256,4,1,cuda,100,256.0,1.0
FFNet2,4,outer/12-2_3-0/AuAu200_170kHz_10C_Iter2_3001.xml_TPCMLDataInterface_1.npy,1330.0488398908133,2.848416466513992,0.02170349471271038,5.248917579650879,0.0001,3,256,4,1,cuda,100,256.0,1.0
FFNet2,5,outer/12-2_4-0/AuAu200_170kHz_10C_Iter2_3001.xml_TPCMLDataInterface_1.npy,1384.4472538591867,2.848416466513992,0.02923555299639702,5.244569778442383,0.0001,3,256,4,1,cuda,100,256.0,1.0
FFNet2,1,outer/12-2_0-0/AuAu200_170kHz_10C_Iter2_3001.xml_TPCMLDataInterface_1.npy,314.686843729083,2.848416466513992,0.00500317569822073,26.22026562690735,0.0001,3,256,4,1,cuda,500,256.0,1.0
FFNet2,2,outer/12-2_1-0/AuAu200_170kHz_10C_Iter2_3001.xml_TPCMLDataInterface_1.npy,369.64748969837683,2.848416466513992,0.005649759899824858,26.222508668899536,0.0001,3,256,4,1,cuda,500,256.0,1.0
FFNet2,3,outer/12-2_2-0/AuAu200_170kHz_10C_Iter2_3001.xml_TPCMLDataInterface_1.npy,302.7145313022925,2.848416466513992,0.004986939020454884,26.25861167907715,0.0001,3,256,4,1,cuda,500,256.0,1.0
FFNet2,4,outer/12-2_3-0/AuAu200_170kHz_10C_Iter2_3001.xml_TPCMLDataInterface_1.npy,291.72933530998995,2.848416466513992,0.005228535737842321,26.208547353744507,0.0001,3,256,4,1,cuda,500,256.0,1.0
FFNet2,5,outer/12-2_4-0/AuAu200_170kHz_10C_Iter2_3001.xml_TPCMLDataInterface_1.npy,293.8186247594545,2.848416466513992,0.004926795605570078,26.228976011276245,0.0001,3,256,4,1,cuda,500,256.0,1.0
FFNet2,1,outer/12-2_0-0/AuAu200_170kHz_10C_Iter2_3001.xml_TPCMLDataInterface_1.npy,213.39928986780455,2.848416466513992,0.0036513437516987324,52.41960859298706,0.0001,3,256,4,1,cuda,1000,256.0,1.0
FFNet2,2,outer/12-2_1-0/AuAu200_170kHz_10C_Iter2_3001.xml_TPCMLDataInterface_1.npy,244.15298825510374,2.848416466513992,0.0039592585526406765,52.41079878807068,0.0001,3,256,4,1,cuda,1000,256.0,1.0
FFNet2,3,outer/12-2_2-0/AuAu200_170kHz_10C_Iter2_3001.xml_TPCMLDataInterface_1.npy,201.01620413947455,2.848416466513992,0.003766297595575452,52.40230965614319,0.0001,3,256,4,1,cuda,1000,256.0,1.0
FFNet2,4,outer/12-2_3-0/AuAu200_170kHz_10C_Iter2_3001.xml_TPCMLDataInterface_1.npy,183.43600704902946,2.848416466513992,0.0035102935507893562,52.42623710632324,0.0001,3,256,4,1,cuda,1000,256.0,1.0
FFNet2,5,outer/12-2_4-0/AuAu200_170kHz_10C_Iter2_3001.xml_TPCMLDataInterface_1.npy,186.11775879559906,2.848416466513992,0.0036506811156868935,52.40715980529785,0.0001,3,256,4,1,cuda,1000,256.0,1.0
FFNet2,1,outer/12-2_0-0/AuAu200_170kHz_10C_Iter2_3001.xml_TPCMLDataInterface_1.npy,202.5446891733601,2.848416466513992,0.0029838739428669214,104.80972075462341,0.0001,3,256,4,1,cuda,2000,256.0,1.0
FFNet2,2,outer/12-2_1-0/AuAu200_170kHz_10C_Iter2_3001.xml_TPCMLDataInterface_1.npy,233.11471798652946,2.848416466513992,0.0033079672139137983,104.8819637298584,0.0001,3,256,4,1,cuda,2000,256.0,1.0
FFNet2,3,outer/12-2_2-0/AuAu200_170kHz_10C_Iter2_3001.xml_TPCMLDataInterface_1.npy,173.7260278091533,2.848416466513992,0.002932401606813073,104.86809492111206,0.0001,3,256,4,1,cuda,2000,256.0,1.0
FFNet2,4,outer/12-2_3-0/AuAu200_170kHz_10C_Iter2_3001.xml_TPCMLDataInterface_1.npy,159.90815344712183,2.848416466513992,0.0030161666218191385,104.82114315032959,0.0001,3,256,4,1,cuda,2000,256.0,1.0
FFNet2,5,outer/12-2_4-0/AuAu200_170kHz_10C_Iter2_3001.xml_TPCMLDataInterface_1.npy,153.92276658718205,2.848416466513992,0.003066378179937601,104.87970232963562,0.0001,3,256,4,1,cuda,2000,256.0,1.0
