model,data_sample,file_name,original_mse,compression_ratio,transformed_mse,training_time,lr,hidden_features,hidden_layers,max_iters,fraction,refresh_interval,outermost_linear,first_omega_zero,hidden_omega_zero,original_psnr
SIREN,1,outer/12-2_0-0/AuAu200_170kHz_10C_Iter2_3001.xml_TPCMLDataInterface_1.npy,611.2013012989457,22.721758502896183,0.0089308936148881,2.2669999599456787,0.001,128,3,1000,0.1,1,True,100,45,32.33567278549015
SIREN,1,outer/12-2_0-0/AuAu200_170kHz_10C_Iter2_3001.xml_TPCMLDataInterface_1.npy,558.4893375585676,22.721758502896183,0.006145779043436,1.8026819229125977,0.001,128,3,1000,0.1,1,True,100,45,32.72736662602267
SIREN,1,outer/12-2_0-0/AuAu200_170kHz_10C_Iter2_3001.xml_TPCMLDataInterface_1.npy,627.3799586366299,22.721758502896183,0.0095563940703868,1.778862714767456,0.001,128,3,1000,0.1,1,True,100,45,32.22220907520665
SIREN,1,outer/12-2_0-0/AuAu200_170kHz_10C_Iter2_3001.xml_TPCMLDataInterface_1.npy,567.4961643448795,22.721758502896183,0.0063089625909924,1.785790205001831,0.001,128,3,1000,0.1,1,True,100,45,32.65788618249036
SIREN,1,outer/12-2_0-0/AuAu200_170kHz_10C_Iter2_3001.xml_TPCMLDataInterface_1.npy,618.227303746235,22.721758502896183,0.0091422516852617,1.779088020324707,0.001,128,3,1000,0.1,1,True,100,45,32.28603367184947
SIREN,1,outer/12-2_0-0/AuAu200_170kHz_10C_Iter2_3001.xml_TPCMLDataInterface_1.npy,583.538265039324,22.721758502896183,0.0063170953653752,1.7872083187103271,0.001,128,3,1000,0.1,1,True,100,45,32.53682208950309
SIREN,1,outer/12-2_0-0/AuAu200_170kHz_10C_Iter2_3001.xml_TPCMLDataInterface_1.npy,528.8024389223561,22.721758502896183,0.0061480025760829,1.790917158126831,0.001,128,3,1000,0.1,1,True,100,45,32.96458099248511
SIREN,1,outer/12-2_0-0/AuAu200_170kHz_10C_Iter2_3001.xml_TPCMLDataInterface_1.npy,613.6332386839023,22.721758502896183,0.0067998031154274,1.7982563972473145,0.001,128,3,1000,0.1,1,True,100,45,32.31842672751138
SIREN,1,outer/12-2_0-0/AuAu200_170kHz_10C_Iter2_3001.xml_TPCMLDataInterface_1.npy,566.8964817603749,22.721758502896183,0.0062311445362865,1.8066620826721191,0.001,128,3,1000,0.1,1,True,100,45,32.66247787060644
SIREN,1,outer/12-2_0-0/AuAu200_170kHz_10C_Iter2_3001.xml_TPCMLDataInterface_1.npy,662.512459996235,22.721758502896183,0.0085404478013515,1.882063150405884,0.001,128,3,1000,0.1,1,True,100,45,31.98557498223568
SIREN,1,outer/12-2_0-0/AuAu200_170kHz_10C_Iter2_3001.xml_TPCMLDataInterface_1.npy,493.5364857868976,22.721758502896183,0.0060667335055768,1.8461699485778809,0.001,128,3,1000,0.1,1,True,100,45,33.26432284385156
SIREN,1,outer/12-2_0-0/AuAu200_170kHz_10C_Iter2_3001.xml_TPCMLDataInterface_1.npy,596.573421289324,22.721758502896183,0.0063427947461605,1.8440959453582764,0.001,128,3,1000,0.1,1,True,100,45,32.44087648122729
SIREN,1,outer/12-2_0-0/AuAu200_170kHz_10C_Iter2_3001.xml_TPCMLDataInterface_1.npy,552.5439793026271,22.721758502896183,0.0061268331483006,1.877173900604248,0.001,128,3,1000,0.1,1,True,100,45,32.773846977071265
SIREN,1,outer/12-2_0-0/AuAu200_170kHz_10C_Iter2_3001.xml_TPCMLDataInterface_1.npy,553.803890039324,22.721758502896183,0.006377674639225,1.842451810836792,0.001,128,3,1000,0.1,1,True,100,45,32.76395546767647
SIREN,1,outer/12-2_0-0/AuAu200_170kHz_10C_Iter2_3001.xml_TPCMLDataInterface_1.npy,586.4402466637383,22.721758502896183,0.0062458007596433,1.805513858795166,0.001,128,3,1000,0.1,1,True,100,45,32.515277810218336
SIREN,1,outer/12-2_0-0/AuAu200_170kHz_10C_Iter2_3001.xml_TPCMLDataInterface_1.npy,720.5853727409639,22.721758502896183,0.0088066831231117,1.84016227722168,0.001,128,3,1000,0.1,1,True,100,45,31.620661066929465
SIREN,1,outer/12-2_0-0/AuAu200_170kHz_10C_Iter2_3001.xml_TPCMLDataInterface_1.npy,613.1074820113788,22.721758502896183,0.0067097321152687,1.8129291534423828,0.001,128,3,1000,0.1,1,True,100,45,32.32214932727234
SIREN,1,outer/12-2_0-0/AuAu200_170kHz_10C_Iter2_3001.xml_TPCMLDataInterface_1.npy,573.9760931747825,22.721758502896183,0.0060955150984227,1.843828201293945,0.001,128,3,1000,0.1,1,True,100,45,32.60857744903076
SIREN,1,outer/12-2_0-0/AuAu200_170kHz_10C_Iter2_3001.xml_TPCMLDataInterface_1.npy,609.8543797586178,22.721758502896183,0.0093639036640524,1.8530070781707764,0.001,128,3,1000,0.1,1,True,100,45,32.345254016532316
SIREN,1,outer/12-2_0-0/AuAu200_170kHz_10C_Iter2_3001.xml_TPCMLDataInterface_1.npy,661.0398521168005,22.721758502896183,0.0078225573524832,1.8974473476409912,0.001,128,3,1000,0.1,1,True,100,45,31.995239061760067
SIREN,1,outer/12-2_0-0/AuAu200_170kHz_10C_Iter2_3001.xml_TPCMLDataInterface_1.npy,528.6157769097222,22.721758502896183,0.008370897732675,3.042249917984009,0.001,128,3,1000,0.2,1,True,100,45,32.966114279536455
SIREN,1,outer/12-2_0-0/AuAu200_170kHz_10C_Iter2_3001.xml_TPCMLDataInterface_1.npy,541.4374333270582,22.721758502896183,0.0086380010470747,3.054619073867798,0.001,128,3,1000,0.2,1,True,100,45,32.86203270503299
SIREN,1,outer/12-2_0-0/AuAu200_170kHz_10C_Iter2_3001.xml_TPCMLDataInterface_1.npy,448.1020409764057,22.721758502896183,0.0050642350688576,3.047045946121216,0.001,128,3,1000,0.2,1,True,100,45,33.68374626762611
SIREN,1,outer/12-2_0-0/AuAu200_170kHz_10C_Iter2_3001.xml_TPCMLDataInterface_1.npy,453.3048469921352,22.721758502896183,0.0062312949448823,3.040426015853882,0.001,128,3,1000,0.2,1,True,100,45,33.63361185961029
SIREN,1,outer/12-2_0-0/AuAu200_170kHz_10C_Iter2_3001.xml_TPCMLDataInterface_1.npy,416.52103988872153,22.721758502896183,0.0050553167238831,3.0749504566192627,0.001,128,3,1000,0.2,1,True,100,45,34.001146047847044
SIREN,1,outer/12-2_0-0/AuAu200_170kHz_10C_Iter2_3001.xml_TPCMLDataInterface_1.npy,430.2645673841198,22.721758502896183,0.0052075148560106,3.0507924556732178,0.001,128,3,1000,0.2,1,True,100,45,33.86015965694419
SIREN,1,outer/12-2_0-0/AuAu200_170kHz_10C_Iter2_3001.xml_TPCMLDataInterface_1.npy,412.1926821870817,22.721758502896183,0.0051479060202836,3.0496904850006104,0.001,128,3,1000,0.2,1,True,100,45,34.04651271450001
SIREN,1,outer/12-2_0-0/AuAu200_170kHz_10C_Iter2_3001.xml_TPCMLDataInterface_1.npy,388.7602284136546,22.721758502896183,0.0049538179300725,3.042072057723999,0.001,128,3,1000,0.2,1,True,100,45,34.30069720146547
SIREN,1,outer/12-2_0-0/AuAu200_170kHz_10C_Iter2_3001.xml_TPCMLDataInterface_1.npy,492.4059114060408,22.721758502896183,0.0052525252103805,3.0592172145843506,0.001,128,3,1000,0.2,1,True,100,45,33.27428290706809
SIREN,1,outer/12-2_0-0/AuAu200_170kHz_10C_Iter2_3001.xml_TPCMLDataInterface_1.npy,551.2095138365963,22.721758502896183,0.0063577750697731,3.0507936477661133,0.001,128,3,1000,0.2,1,True,100,45,32.78434843911283
SIREN,1,outer/12-2_0-0/AuAu200_170kHz_10C_Iter2_3001.xml_TPCMLDataInterface_1.npy,471.62327042545184,22.721758502896183,0.0064586694352328,3.05195689201355,0.001,128,3,1000,0.2,1,True,100,45,33.46156323234549
SIREN,1,outer/12-2_0-0/AuAu200_170kHz_10C_Iter2_3001.xml_TPCMLDataInterface_1.npy,590.4354762801205,22.721758502896183,0.0088273212313652,3.0704922676086426,0.001,128,3,1000,0.2,1,True,100,45,32.48579104610275
SIREN,1,outer/12-2_0-0/AuAu200_170kHz_10C_Iter2_3001.xml_TPCMLDataInterface_1.npy,388.1152735943775,22.721758502896183,0.0049943164922297,3.0829625129699707,0.001,128,3,1000,0.2,1,True,100,45,34.30790814794827
SIREN,1,outer/12-2_0-0/AuAu200_170kHz_10C_Iter2_3001.xml_TPCMLDataInterface_1.npy,502.15261697833,22.721758502896183,0.0080611677840352,3.077498435974121,0.001,128,3,1000,0.2,1,True,100,45,33.18915818398337
SIREN,1,outer/12-2_0-0/AuAu200_170kHz_10C_Iter2_3001.xml_TPCMLDataInterface_1.npy,417.5020864708835,22.721758502896183,0.0051048770546913,3.055428504943848,0.001,128,3,1000,0.2,1,True,100,45,33.99092898550997
SIREN,1,outer/12-2_0-0/AuAu200_170kHz_10C_Iter2_3001.xml_TPCMLDataInterface_1.npy,527.4345402443106,22.721758502896183,0.0085870688781142,3.067718267440796,0.001,128,3,1000,0.2,1,True,100,45,32.97582981621541
SIREN,1,outer/12-2_0-0/AuAu200_170kHz_10C_Iter2_3001.xml_TPCMLDataInterface_1.npy,456.0148249246988,22.721758502896183,0.0053155971691012,3.034783840179444,0.001,128,3,1000,0.2,1,True,100,45,33.60772587071218
SIREN,1,outer/12-2_0-0/AuAu200_170kHz_10C_Iter2_3001.xml_TPCMLDataInterface_1.npy,508.5368949757363,22.721758502896183,0.0059403260238468,3.05617356300354,0.001,128,3,1000,0.2,1,True,100,45,33.1342908176771
SIREN,1,outer/12-2_0-0/AuAu200_170kHz_10C_Iter2_3001.xml_TPCMLDataInterface_1.npy,477.1745889809237,22.721758502896183,0.0051714261062443,3.058959722518921,0.001,128,3,1000,0.2,1,True,100,45,33.410742406740795
SIREN,1,outer/12-2_0-0/AuAu200_170kHz_10C_Iter2_3001.xml_TPCMLDataInterface_1.npy,383.2682147862282,22.721758502896183,0.0049377414397895,3.064009189605713,0.001,128,3,1000,0.2,1,True,100,45,34.362487449453866
SIREN,1,outer/12-2_0-0/AuAu200_170kHz_10C_Iter2_3001.xml_TPCMLDataInterface_1.npy,521.8237755710342,22.721758502896183,0.0082523431628942,4.102997303009033,0.001,128,3,1000,0.3,1,True,100,45,33.02227686030349
SIREN,1,outer/12-2_0-0/AuAu200_170kHz_10C_Iter2_3001.xml_TPCMLDataInterface_1.npy,324.7545546770415,22.721758502896183,0.0045035253278911,4.093974590301514,0.001,128,3,1000,0.3,1,True,100,45,35.08196298006675
SIREN,1,outer/12-2_0-0/AuAu200_170kHz_10C_Iter2_3001.xml_TPCMLDataInterface_1.npy,449.3228892131024,22.721758502896183,0.0045871711336076,4.099544525146484,0.001,128,3,1000,0.3,1,True,100,45,33.67193005968089
SIREN,1,outer/12-2_0-0/AuAu200_170kHz_10C_Iter2_3001.xml_TPCMLDataInterface_1.npy,436.4326720946285,22.721758502896183,0.0048572928644716,4.07524299621582,0.001,128,3,1000,0.3,1,True,100,45,33.7983429360771
SIREN,1,outer/12-2_0-0/AuAu200_170kHz_10C_Iter2_3001.xml_TPCMLDataInterface_1.npy,426.5809383366801,22.721758502896183,0.00484269997105,4.087521314620972,0.001,128,3,1000,0.3,1,True,100,45,33.89750103561208
SIREN,1,outer/12-2_0-0/AuAu200_170kHz_10C_Iter2_3001.xml_TPCMLDataInterface_1.npy,346.6576004538989,22.721758502896183,0.0047277570702135,4.067314386367798,0.001,128,3,1000,0.3,1,True,100,45,34.798508222389266
SIREN,1,outer/12-2_0-0/AuAu200_170kHz_10C_Iter2_3001.xml_TPCMLDataInterface_1.npy,517.6110535893574,22.721758502896183,0.0081737535074353,4.075934171676636,0.001,128,3,1000,0.3,1,True,100,45,33.05748006644303
SIREN,1,outer/12-2_0-0/AuAu200_170kHz_10C_Iter2_3001.xml_TPCMLDataInterface_1.npy,391.0165937186245,22.721758502896183,0.0047800038009881,4.080649614334106,0.001,128,3,1000,0.3,1,True,100,45,34.27556360661461
SIREN,1,outer/12-2_0-0/AuAu200_170kHz_10C_Iter2_3001.xml_TPCMLDataInterface_1.npy,509.4783090696118,22.721758502896183,0.0079227508977055,4.069844484329224,0.001,128,3,1000,0.3,1,True,100,45,33.12625850026028
SIREN,1,outer/12-2_0-0/AuAu200_170kHz_10C_Iter2_3001.xml_TPCMLDataInterface_1.npy,359.5159204526439,22.721758502896183,0.0045814430341124,4.08701491355896,0.001,128,3,1000,0.3,1,True,100,45,34.64033421748772
SIREN,1,outer/12-2_0-0/AuAu200_170kHz_10C_Iter2_3001.xml_TPCMLDataInterface_1.npy,332.3625007843876,22.721758502896183,0.0044135199859738,4.113054990768433,0.001,128,3,1000,0.3,1,True,100,45,34.98139530710098
SIREN,1,outer/12-2_0-0/AuAu200_170kHz_10C_Iter2_3001.xml_TPCMLDataInterface_1.npy,446.6411453104083,22.721758502896183,0.0067606978118419,4.095933675765991,0.001,128,3,1000,0.3,1,True,100,45,33.69792820273112
SIREN,1,outer/12-2_0-0/AuAu200_170kHz_10C_Iter2_3001.xml_TPCMLDataInterface_1.npy,408.9732458479753,22.721758502896183,0.0048120389692485,4.07961893081665,0.001,128,3,1000,0.3,1,True,100,45,34.08056650443452
SIREN,1,outer/12-2_0-0/AuAu200_170kHz_10C_Iter2_3001.xml_TPCMLDataInterface_1.npy,409.2291418277276,22.721758502896183,0.0050900494679808,4.078998565673828,0.001,128,3,1000,0.3,1,True,100,45,34.07784995857142
SIREN,1,outer/12-2_0-0/AuAu200_170kHz_10C_Iter2_3001.xml_TPCMLDataInterface_1.npy,463.5142836972892,22.721758502896183,0.0079541150480508,4.0706658363342285,0.001,128,3,1000,0.3,1,True,100,45,33.53688426823075
SIREN,1,outer/12-2_0-0/AuAu200_170kHz_10C_Iter2_3001.xml_TPCMLDataInterface_1.npy,398.2062442478247,22.721758502896183,0.0051126647740602,4.072393894195557,0.001,128,3,1000,0.3,1,True,100,45,34.19643482877026
SIREN,1,outer/12-2_0-0/AuAu200_170kHz_10C_Iter2_3001.xml_TPCMLDataInterface_1.npy,496.3833158153447,22.721758502896183,0.0077145025134086,4.079054355621338,0.001,128,3,1000,0.3,1,True,100,45,33.239343729812944
SIREN,1,outer/12-2_0-0/AuAu200_170kHz_10C_Iter2_3001.xml_TPCMLDataInterface_1.npy,365.1945032735107,22.721758502896183,0.0046258349902927,4.073853015899658,0.001,128,3,1000,0.3,1,True,100,45,34.572273166407214
SIREN,1,outer/12-2_0-0/AuAu200_170kHz_10C_Iter2_3001.xml_TPCMLDataInterface_1.npy,347.27519583542505,22.721758502896183,0.0045596063137054,4.07935357093811,0.001,128,3,1000,0.3,1,True,100,45,34.79077783874124
SIREN,1,outer/12-2_0-0/AuAu200_170kHz_10C_Iter2_3001.xml_TPCMLDataInterface_1.npy,409.9736511148762,22.721758502896183,0.0046727014705538,4.0683753490448,0.001,128,3,1000,0.3,1,True,100,45,34.0699560312816
SIREN,1,outer/12-2_0-0/AuAu200_170kHz_10C_Iter2_3001.xml_TPCMLDataInterface_1.npy,401.44340905287817,22.721758502896183,0.0043688681907951,5.046824216842651,0.001,128,3,1000,0.4,1,True,100,45,34.161272167570786
SIREN,1,outer/12-2_0-0/AuAu200_170kHz_10C_Iter2_3001.xml_TPCMLDataInterface_1.npy,501.019594001004,22.721758502896183,0.0077082240022718,5.064764976501465,0.001,128,3,1000,0.4,1,True,100,45,33.19896838069275
SIREN,1,outer/12-2_0-0/AuAu200_170kHz_10C_Iter2_3001.xml_TPCMLDataInterface_1.npy,444.2871224481258,22.721758502896183,0.0073562623001635,5.079611539840698,0.001,128,3,1000,0.4,1,True,100,45,33.72087823261464
SIREN,1,outer/12-2_0-0/AuAu200_170kHz_10C_Iter2_3001.xml_TPCMLDataInterface_1.npy,405.29331518783465,22.721758502896183,0.005769935902208,5.069471120834351,0.001,128,3,1000,0.4,1,True,100,45,34.119821081168794
SIREN,1,outer/12-2_0-0/AuAu200_170kHz_10C_Iter2_3001.xml_TPCMLDataInterface_1.npy,461.9942948878849,22.721758502896183,0.007140913978219,5.067935943603516,0.001,128,3,1000,0.4,1,True,100,45,33.551149362282985
SIREN,1,outer/12-2_0-0/AuAu200_170kHz_10C_Iter2_3001.xml_TPCMLDataInterface_1.npy,334.23168847264054,22.721758502896183,0.0044519752264022,5.064241409301758,0.001,128,3,1000,0.4,1,True,100,45,34.95703925841692
SIREN,1,outer/12-2_0-0/AuAu200_170kHz_10C_Iter2_3001.xml_TPCMLDataInterface_1.npy,470.9060839713019,22.721758502896183,0.0066894614137709,5.09694504737854,0.001,128,3,1000,0.4,1,True,100,45,33.46817247328198
SIREN,1,outer/12-2_0-0/AuAu200_170kHz_10C_Iter2_3001.xml_TPCMLDataInterface_1.npy,283.9072631672523,22.721758502896183,0.0041169570758938,5.079673767089844,0.001,128,3,1000,0.4,1,True,100,45,35.6657504559273
SIREN,1,outer/12-2_0-0/AuAu200_170kHz_10C_Iter2_3001.xml_TPCMLDataInterface_1.npy,439.1411753785977,22.721758502896183,0.0073343906551599,5.065039873123169,0.001,128,3,1000,0.4,1,True,100,45,33.771473888174754
SIREN,1,outer/12-2_0-0/AuAu200_170kHz_10C_Iter2_3001.xml_TPCMLDataInterface_1.npy,538.4721463980924,22.721758502896183,0.0080947987735271,5.058765172958374,0.001,128,3,1000,0.4,1,True,100,45,32.88588305345655
SIREN,1,outer/12-2_0-0/AuAu200_170kHz_10C_Iter2_3001.xml_TPCMLDataInterface_1.npy,289.9425200803213,22.721758502896183,0.0040733614005148,5.074513673782349,0.001,128,3,1000,0.4,1,True,100,45,35.57439639441239
SIREN,1,outer/12-2_0-0/AuAu200_170kHz_10C_Iter2_3001.xml_TPCMLDataInterface_1.npy,401.0424405957162,22.721758502896183,0.0044109104201197,5.058792352676392,0.001,128,3,1000,0.4,1,True,100,45,34.165612141987296
SIREN,1,outer/12-2_0-0/AuAu200_170kHz_10C_Iter2_3001.xml_TPCMLDataInterface_1.npy,466.8577225568943,22.721758502896183,0.0076881852000951,5.0685107707977295,0.001,128,3,1000,0.4,1,True,100,45,33.505670016548336
SIREN,1,outer/12-2_0-0/AuAu200_170kHz_10C_Iter2_3001.xml_TPCMLDataInterface_1.npy,470.45577230798193,22.721758502896183,0.0075834421440958,5.072197198867798,0.001,128,3,1000,0.4,1,True,100,45,33.47232747242773
SIREN,1,outer/12-2_0-0/AuAu200_170kHz_10C_Iter2_3001.xml_TPCMLDataInterface_1.npy,306.3743764118976,22.721758502896183,0.0043141641654074,5.0724711418151855,0.001,128,3,1000,0.4,1,True,100,45,35.33499108460109
SIREN,1,outer/12-2_0-0/AuAu200_170kHz_10C_Iter2_3001.xml_TPCMLDataInterface_1.npy,388.0276078271419,22.721758502896183,0.0044565736316144,5.063782453536987,0.001,128,3,1000,0.4,1,True,100,45,34.30888922398557
SIREN,1,outer/12-2_0-0/AuAu200_170kHz_10C_Iter2_3001.xml_TPCMLDataInterface_1.npy,356.4331531856593,22.721758502896183,0.0046531185507774,5.065568208694458,0.001,128,3,1000,0.4,1,True,100,45,34.67773456163333
SIREN,1,outer/12-2_0-0/AuAu200_170kHz_10C_Iter2_3001.xml_TPCMLDataInterface_1.npy,400.14492082915,22.721758502896183,0.0043724933639168,5.064213514328003,0.001,128,3,1000,0.4,1,True,100,45,34.17534240144566
SIREN,1,outer/12-2_0-0/AuAu200_170kHz_10C_Iter2_3001.xml_TPCMLDataInterface_1.npy,375.5895783655455,22.721758502896183,0.0047962088137865,5.062849283218384,0.001,128,3,1000,0.4,1,True,100,45,34.45038015548758
SIREN,1,outer/12-2_0-0/AuAu200_170kHz_10C_Iter2_3001.xml_TPCMLDataInterface_1.npy,408.2359947602912,22.721758502896183,0.0042891772463917,5.066282510757446,0.001,128,3,1000,0.4,1,True,100,45,34.0884025432386
SIREN,1,outer/12-2_0-0/AuAu200_170kHz_10C_Iter2_3001.xml_TPCMLDataInterface_1.npy,501.2867550932898,22.721758502896183,0.0080544613301754,5.950085878372192,0.001,128,3,1000,0.5,1,True,100,45,33.196653188515995
SIREN,1,outer/12-2_0-0/AuAu200_170kHz_10C_Iter2_3001.xml_TPCMLDataInterface_1.npy,478.1856148552544,22.721758502896183,0.0074042724445462,5.980038404464722,0.001,128,3,1000,0.5,1,True,100,45,33.40155041569
SIREN,1,outer/12-2_0-0/AuAu200_170kHz_10C_Iter2_3001.xml_TPCMLDataInterface_1.npy,502.4539878263052,22.721758502896183,0.0082482816651463,5.969752788543701,0.001,128,3,1000,0.5,1,True,100,45,33.186552513274414
SIREN,1,outer/12-2_0-0/AuAu200_170kHz_10C_Iter2_3001.xml_TPCMLDataInterface_1.npy,459.3896079108099,22.721758502896183,0.0076030981726944,5.968473434448242,0.001,128,3,1000,0.5,1,True,100,45,33.57570382196368
SIREN,1,outer/12-2_0-0/AuAu200_170kHz_10C_Iter2_3001.xml_TPCMLDataInterface_1.npy,415.8634224397591,22.721758502896183,0.0069611687213182,5.978854179382324,0.001,128,3,1000,0.5,1,True,100,45,34.00800825399417
SIREN,1,outer/12-2_0-0/AuAu200_170kHz_10C_Iter2_3001.xml_TPCMLDataInterface_1.npy,431.46076493473896,22.721758502896183,0.0069288741797208,5.9755332469940186,0.001,128,3,1000,0.5,1,True,100,45,33.848102396708256
SIREN,1,outer/12-2_0-0/AuAu200_170kHz_10C_Iter2_3001.xml_TPCMLDataInterface_1.npy,277.50979438587683,22.721758502896183,0.0041016894392669,5.976197242736816,0.001,128,3,1000,0.5,1,True,100,45,35.76473233118574
SIREN,1,outer/12-2_0-0/AuAu200_170kHz_10C_Iter2_3001.xml_TPCMLDataInterface_1.npy,300.26967374707164,22.721758502896183,0.0041497810743749,5.972417116165161,0.001,128,3,1000,0.5,1,True,100,45,35.422400766725744
SIREN,1,outer/12-2_0-0/AuAu200_170kHz_10C_Iter2_3001.xml_TPCMLDataInterface_1.npy,346.57143809613456,22.721758502896183,0.00437573203817,6.014288663864136,0.001,128,3,1000,0.5,1,True,100,45,34.799587803152235
SIREN,1,outer/12-2_0-0/AuAu200_170kHz_10C_Iter2_3001.xml_TPCMLDataInterface_1.npy,355.8173579735609,22.721758502896183,0.0046356795355677,5.976651668548584,0.001,128,3,1000,0.5,1,True,100,45,34.68524418149438
SIREN,1,outer/12-2_0-0/AuAu200_170kHz_10C_Iter2_3001.xml_TPCMLDataInterface_1.npy,290.3606927710844,22.721758502896183,0.0040844934992492,5.990998268127441,0.001,128,3,1000,0.5,1,True,100,45,35.56813724852126
SIREN,1,outer/12-2_0-0/AuAu200_170kHz_10C_Iter2_3001.xml_TPCMLDataInterface_1.npy,328.9289031124498,22.721758502896183,0.0040713539347052,5.979671001434326,0.001,128,3,1000,0.5,1,True,100,45,35.02649511980283
SIREN,1,outer/12-2_0-0/AuAu200_170kHz_10C_Iter2_3001.xml_TPCMLDataInterface_1.npy,458.0689698899766,22.721758502896183,0.0072248042561113,5.966670989990234,0.001,128,3,1000,0.5,1,True,100,45,33.58820675593915
SIREN,1,outer/12-2_0-0/AuAu200_170kHz_10C_Iter2_3001.xml_TPCMLDataInterface_1.npy,346.01581194569945,22.721758502896183,0.0040326286107301,5.975297212600708,0.001,128,3,1000,0.5,1,True,100,45,34.80655603489166
SIREN,1,outer/12-2_0-0/AuAu200_170kHz_10C_Iter2_3001.xml_TPCMLDataInterface_1.npy,340.6641370168173,22.721758502896183,0.0042452225461602,5.9825520515441895,0.001,128,3,1000,0.5,1,True,100,45,34.87425132591335
SIREN,1,outer/12-2_0-0/AuAu200_170kHz_10C_Iter2_3001.xml_TPCMLDataInterface_1.npy,426.7159327413822,22.721758502896183,0.0072497962974011,6.016550064086914,0.001,128,3,1000,0.5,1,True,100,45,33.896126898953995
SIREN,1,outer/12-2_0-0/AuAu200_170kHz_10C_Iter2_3001.xml_TPCMLDataInterface_1.npy,301.92725197665663,22.721758502896183,0.0040794475935399,5.98712682723999,0.001,128,3,1000,0.5,1,True,100,45,35.398492345219466
SIREN,1,outer/12-2_0-0/AuAu200_170kHz_10C_Iter2_3001.xml_TPCMLDataInterface_1.npy,440.2153418360944,22.721758502896183,0.007315516937524,5.985535621643066,0.001,128,3,1000,0.5,1,True,100,45,33.76086374796345
SIREN,1,outer/12-2_0-0/AuAu200_170kHz_10C_Iter2_3001.xml_TPCMLDataInterface_1.npy,314.9819342474063,22.721758502896183,0.0045126662589609,5.983591318130493,0.001,128,3,1000,0.5,1,True,100,45,35.21465903173228
SIREN,1,outer/12-2_0-0/AuAu200_170kHz_10C_Iter2_3001.xml_TPCMLDataInterface_1.npy,457.3320770059405,22.721758502896183,0.0072544091381132,5.982618570327759,0.001,128,3,1000,0.5,1,True,100,45,33.59519885155677
SIREN,1,outer/12-2_0-0/AuAu200_170kHz_10C_Iter2_3001.xml_TPCMLDataInterface_1.npy,410.2170753325803,22.721758502896183,0.0069183940067887,6.916741132736206,0.001,128,3,1000,0.6,1,True,100,45,34.067378148011144
SIREN,1,outer/12-2_0-0/AuAu200_170kHz_10C_Iter2_3001.xml_TPCMLDataInterface_1.npy,344.0525748828648,22.721758502896183,0.0045039635151624,6.920539855957031,0.001,128,3,1000,0.6,1,True,100,45,34.83126736320952
SIREN,1,outer/12-2_0-0/AuAu200_170kHz_10C_Iter2_3001.xml_TPCMLDataInterface_1.npy,291.0469011462517,22.721758502896183,0.00400594715029,6.92103123664856,0.001,128,3,1000,0.6,1,True,100,45,35.55788569170405
SIREN,1,outer/12-2_0-0/AuAu200_170kHz_10C_Iter2_3001.xml_TPCMLDataInterface_1.npy,291.01513214315594,22.721758502896183,0.0040957801975309,6.924298286437988,0.001,128,3,1000,0.6,1,True,100,45,35.55835976841632
SIREN,1,outer/12-2_0-0/AuAu200_170kHz_10C_Iter2_3001.xml_TPCMLDataInterface_1.npy,477.968257143156,22.721758502896183,0.007451647426933,6.926526308059692,0.001,128,3,1000,0.6,1,True,100,45,33.4035249358871
SIREN,1,outer/12-2_0-0/AuAu200_170kHz_10C_Iter2_3001.xml_TPCMLDataInterface_1.npy,323.5307231530288,22.721758502896183,0.004632513038814,6.931316137313843,0.001,128,3,1000,0.6,1,True,100,45,35.098360202932135
SIREN,1,outer/12-2_0-0/AuAu200_170kHz_10C_Iter2_3001.xml_TPCMLDataInterface_1.npy,329.7141038110776,22.721758502896183,0.0045641576871275,6.944979906082153,0.001,128,3,1000,0.6,1,True,100,45,35.0161402389777
SIREN,1,outer/12-2_0-0/AuAu200_170kHz_10C_Iter2_3001.xml_TPCMLDataInterface_1.npy,393.4113812018909,22.721758502896183,0.0059353760443627,6.913078546524048,0.001,128,3,1000,0.6,1,True,100,45,34.24904629071719
SIREN,1,outer/12-2_0-0/AuAu200_170kHz_10C_Iter2_3001.xml_TPCMLDataInterface_1.npy,324.6437717013889,22.721758502896183,0.0039648143574595,6.922548770904541,0.001,128,3,1000,0.6,1,True,100,45,35.083444734285294
SIREN,1,outer/12-2_0-0/AuAu200_170kHz_10C_Iter2_3001.xml_TPCMLDataInterface_1.npy,312.0563190261044,22.721758502896183,0.0042898030951619,6.903243064880371,0.001,128,3,1000,0.6,1,True,100,45,35.25518567457039
SIREN,1,outer/12-2_0-0/AuAu200_170kHz_10C_Iter2_3001.xml_TPCMLDataInterface_1.npy,440.3534581032464,22.721758502896183,0.0072159939445555,6.925005435943604,0.001,128,3,1000,0.6,1,True,100,45,33.75950137552461
SIREN,1,outer/12-2_0-0/AuAu200_170kHz_10C_Iter2_3001.xml_TPCMLDataInterface_1.npy,358.6165443022088,22.721758502896183,0.0062620807439088,6.917895078659058,0.001,128,3,1000,0.6,1,True,100,45,34.65121227474512
SIREN,1,outer/12-2_0-0/AuAu200_170kHz_10C_Iter2_3001.xml_TPCMLDataInterface_1.npy,348.4116831910977,22.721758502896183,0.0056541953235864,6.935115337371826,0.001,128,3,1000,0.6,1,True,100,45,34.77658839112428
SIREN,1,outer/12-2_0-0/AuAu200_170kHz_10C_Iter2_3001.xml_TPCMLDataInterface_1.npy,395.36788821954485,22.721758502896183,0.0066980752162635,6.915969610214233,0.001,128,3,1000,0.6,1,True,100,45,34.227501557555115
SIREN,1,outer/12-2_0-0/AuAu200_170kHz_10C_Iter2_3001.xml_TPCMLDataInterface_1.npy,310.3649245419177,22.721758502896183,0.004440648946911,6.919522523880005,0.001,128,3,1000,0.6,1,True,100,45,35.278789145914914
SIREN,1,outer/12-2_0-0/AuAu200_170kHz_10C_Iter2_3001.xml_TPCMLDataInterface_1.npy,377.0032133743306,22.721758502896183,0.0052865021862089,6.921698570251465,0.001,128,3,1000,0.6,1,True,100,45,34.434064968509716
SIREN,1,outer/12-2_0-0/AuAu200_170kHz_10C_Iter2_3001.xml_TPCMLDataInterface_1.npy,328.1326072519244,22.721758502896183,0.0046292399056255,6.929854869842529,0.001,128,3,1000,0.6,1,True,100,45,35.03702159447957
SIREN,1,outer/12-2_0-0/AuAu200_170kHz_10C_Iter2_3001.xml_TPCMLDataInterface_1.npy,258.9358018009538,22.721758502896183,0.0038771503604948,6.915208339691162,0.001,128,3,1000,0.6,1,True,100,45,36.06559446383059
SIREN,1,outer/12-2_0-0/AuAu200_170kHz_10C_Iter2_3001.xml_TPCMLDataInterface_1.npy,285.8281419950636,22.721758502896183,0.0039122467860579,6.94025444984436,0.001,128,3,1000,0.6,1,True,100,45,35.63646562550504
SIREN,1,outer/12-2_0-0/AuAu200_170kHz_10C_Iter2_3001.xml_TPCMLDataInterface_1.npy,296.59384020456827,22.721758502896183,0.0040240385569632,6.914390563964844,0.001,128,3,1000,0.6,1,True,100,45,35.47589421605896
SIREN,1,outer/12-2_0-0/AuAu200_170kHz_10C_Iter2_3001.xml_TPCMLDataInterface_1.npy,268.5176003493139,22.721758502896183,0.0038612915668636,7.867340803146362,0.001,128,3,1000,0.7,1,True,100,45,35.90778791379293
SIREN,1,outer/12-2_0-0/AuAu200_170kHz_10C_Iter2_3001.xml_TPCMLDataInterface_1.npy,444.4855698837015,22.721758502896183,0.0072451308369636,7.796922922134399,0.001,128,3,1000,0.7,1,True,100,45,33.71893882497095
SIREN,1,outer/12-2_0-0/AuAu200_170kHz_10C_Iter2_3001.xml_TPCMLDataInterface_1.npy,313.4108452037316,22.721758502896183,0.0038859948981553,7.85197639465332,0.001,128,3,1000,0.7,1,True,100,45,35.23637528138531
SIREN,1,outer/12-2_0-0/AuAu200_170kHz_10C_Iter2_3001.xml_TPCMLDataInterface_1.npy,359.84492788863787,22.721758502896183,0.0054265051148831,7.858172655105591,0.001,128,3,1000,0.7,1,True,100,45,34.63636163198352
SIREN,1,outer/12-2_0-0/AuAu200_170kHz_10C_Iter2_3001.xml_TPCMLDataInterface_1.npy,449.51870372113456,22.721758502896183,0.0074285669252276,7.870508193969727,0.001,128,3,1000,0.7,1,True,100,45,33.67003782055157
SIREN,1,outer/12-2_0-0/AuAu200_170kHz_10C_Iter2_3001.xml_TPCMLDataInterface_1.npy,436.2552423234605,22.721758502896183,0.0071923141367733,7.850886106491089,0.001,128,3,1000,0.7,1,True,100,45,33.80010890006794
SIREN,1,outer/12-2_0-0/AuAu200_170kHz_10C_Iter2_3001.xml_TPCMLDataInterface_1.npy,232.72710372740963,22.721758502896183,0.0036843055859208,7.859634160995483,0.001,128,3,1000,0.7,1,True,100,45,36.52904583985762
SIREN,1,outer/12-2_0-0/AuAu200_170kHz_10C_Iter2_3001.xml_TPCMLDataInterface_1.npy,397.7283848937416,22.721758502896183,0.0067414226941764,7.870325803756714,0.001,128,3,1000,0.7,1,True,100,45,34.20164962149169
SIREN,1,outer/12-2_0-0/AuAu200_170kHz_10C_Iter2_3001.xml_TPCMLDataInterface_1.npy,315.4812936642403,22.721758502896183,0.0042618340812623,7.865618705749512,0.001,128,3,1000,0.7,1,True,100,45,35.207779357392305
SIREN,1,outer/12-2_0-0/AuAu200_170kHz_10C_Iter2_3001.xml_TPCMLDataInterface_1.npy,416.3333725527109,22.721758502896183,0.0068996460177004,7.837371826171875,0.001,128,3,1000,0.7,1,True,100,45,34.00310324201267
SIREN,1,outer/12-2_0-0/AuAu200_170kHz_10C_Iter2_3001.xml_TPCMLDataInterface_1.npy,321.86636781501005,22.721758502896183,0.004882741253823,7.856060743331909,0.001,128,3,1000,0.7,1,True,100,45,35.120759496379904
SIREN,1,outer/12-2_0-0/AuAu200_170kHz_10C_Iter2_3001.xml_TPCMLDataInterface_1.npy,436.1708030036814,22.721758502896183,0.0071555180475115,7.850564479827881,0.001,128,3,1000,0.7,1,True,100,45,33.800949579480175
SIREN,1,outer/12-2_0-0/AuAu200_170kHz_10C_Iter2_3001.xml_TPCMLDataInterface_1.npy,317.8620379957329,22.721758502896183,0.0041720261797308,7.85904860496521,0.001,128,3,1000,0.7,1,True,100,45,35.175128851915176
SIREN,1,outer/12-2_0-0/AuAu200_170kHz_10C_Iter2_3001.xml_TPCMLDataInterface_1.npy,279.6754034366633,22.721758502896183,0.0040164510719478,7.86641526222229,0.001,128,3,1000,0.7,1,True,100,45,35.730972755362416
SIREN,1,outer/12-2_0-0/AuAu200_170kHz_10C_Iter2_3001.xml_TPCMLDataInterface_1.npy,323.96798522213857,22.721758502896183,0.0038344855420291,7.8586039543151855,0.001,128,3,1000,0.7,1,True,100,45,35.092494537713925
SIREN,1,outer/12-2_0-0/AuAu200_170kHz_10C_Iter2_3001.xml_TPCMLDataInterface_1.npy,277.07167864164995,22.721758502896183,0.0041872453875839,7.849061250686645,0.001,128,3,1000,0.7,1,True,100,45,35.77159412873898
SIREN,1,outer/12-2_0-0/AuAu200_170kHz_10C_Iter2_3001.xml_TPCMLDataInterface_1.npy,305.08148217871485,22.721758502896183,0.0038973789196461,7.828141689300537,0.001,128,3,1000,0.7,1,True,100,45,35.35335701110485
SIREN,1,outer/12-2_0-0/AuAu200_170kHz_10C_Iter2_3001.xml_TPCMLDataInterface_1.npy,317.0320500753012,22.721758502896183,0.0039847213774919,7.851186275482178,0.001,128,3,1000,0.7,1,True,100,45,35.186483797125845
SIREN,1,outer/12-2_0-0/AuAu200_170kHz_10C_Iter2_3001.xml_TPCMLDataInterface_1.npy,453.6499644410977,22.721758502896183,0.0070272926241159,7.848777055740356,0.001,128,3,1000,0.7,1,True,100,45,33.630306675955325
SIREN,1,outer/12-2_0-0/AuAu200_170kHz_10C_Iter2_3001.xml_TPCMLDataInterface_1.npy,343.4734877008032,22.721758502896183,0.0038555581122636,7.818030595779419,0.001,128,3,1000,0.7,1,True,100,45,34.83858328738664
SIREN,1,outer/12-2_0-0/AuAu200_170kHz_10C_Iter2_3001.xml_TPCMLDataInterface_1.npy,267.18110985609104,22.721758502896183,0.0036894199438393,8.796059131622314,0.001,128,3,1000,0.8,1,True,100,45,35.929457992123446
SIREN,1,outer/12-2_0-0/AuAu200_170kHz_10C_Iter2_3001.xml_TPCMLDataInterface_1.npy,407.3011028488956,22.721758502896183,0.0067621497437357,8.800387382507324,0.001,128,3,1000,0.8,1,True,100,45,34.098359627406516
SIREN,1,outer/12-2_0-0/AuAu200_170kHz_10C_Iter2_3001.xml_TPCMLDataInterface_1.npy,255.2009483245482,22.721758502896183,0.0037311525084078,8.787943363189697,0.001,128,3,1000,0.8,1,True,100,45,36.12869264880374
SIREN,1,outer/12-2_0-0/AuAu200_170kHz_10C_Iter2_3001.xml_TPCMLDataInterface_1.npy,318.1514116361278,22.721758502896183,0.004533008672297,8.807029724121094,0.001,128,3,1000,0.8,1,True,100,45,35.171176942282564
SIREN,1,outer/12-2_0-0/AuAu200_170kHz_10C_Iter2_3001.xml_TPCMLDataInterface_1.npy,287.2560358621988,22.721758502896183,0.0042792009189724,8.809705972671509,0.001,128,3,1000,0.8,1,True,100,45,35.61482385857224
SIREN,1,outer/12-2_0-0/AuAu200_170kHz_10C_Iter2_3001.xml_TPCMLDataInterface_1.npy,298.1024266336178,22.721758502896183,0.0043352432548999,8.802456140518188,0.001,128,3,1000,0.8,1,True,100,45,35.453860374466345
SIREN,1,outer/12-2_0-0/AuAu200_170kHz_10C_Iter2_3001.xml_TPCMLDataInterface_1.npy,305.92193252175366,22.721758502896183,0.0045727980323135,8.776830911636353,0.001,128,3,1000,0.8,1,True,100,45,35.341409347058544
SIREN,1,outer/12-2_0-0/AuAu200_170kHz_10C_Iter2_3001.xml_TPCMLDataInterface_1.npy,448.6466621695114,22.721758502896183,0.0072437124326825,8.815327405929565,0.001,128,3,1000,0.8,1,True,100,45,33.67847107721559
SIREN,1,outer/12-2_0-0/AuAu200_170kHz_10C_Iter2_3001.xml_TPCMLDataInterface_1.npy,401.9010011399766,22.721758502896183,0.0068371132947504,8.794260263442993,0.001,128,3,1000,0.8,1,True,100,45,34.15632460741201
SIREN,1,outer/12-2_0-0/AuAu200_170kHz_10C_Iter2_3001.xml_TPCMLDataInterface_1.npy,273.3885764411814,22.721758502896183,0.0042630499228835,8.772268295288086,0.001,128,3,1000,0.8,1,True,100,45,35.82971185178333
SIREN,1,outer/12-2_0-0/AuAu200_170kHz_10C_Iter2_3001.xml_TPCMLDataInterface_1.npy,414.4565566955321,22.721758502896183,0.0066610421054065,8.768454313278198,0.001,128,3,1000,0.8,1,True,100,45,34.022725342093864
SIREN,1,outer/12-2_0-0/AuAu200_170kHz_10C_Iter2_3001.xml_TPCMLDataInterface_1.npy,263.5308852597892,22.721758502896183,0.0038948457222431,8.781425476074219,0.001,128,3,1000,0.8,1,True,100,45,35.98920027845231
SIREN,1,outer/12-2_0-0/AuAu200_170kHz_10C_Iter2_3001.xml_TPCMLDataInterface_1.npy,255.21237685115463,22.721758502896183,0.0040813232772052,8.82218074798584,0.001,128,3,1000,0.8,1,True,100,45,36.128498165399904
SIREN,1,outer/12-2_0-0/AuAu200_170kHz_10C_Iter2_3001.xml_TPCMLDataInterface_1.npy,415.0229707894076,22.721758502896183,0.0067877061665058,8.79683232307434,0.001,128,3,1000,0.8,1,True,100,45,34.016794139562016
SIREN,1,outer/12-2_0-0/AuAu200_170kHz_10C_Iter2_3001.xml_TPCMLDataInterface_1.npy,276.5940153844545,22.721758502896183,0.004040369298309,8.803308963775635,0.001,128,3,1000,0.8,1,True,100,45,35.779087696446496
SIREN,1,outer/12-2_0-0/AuAu200_170kHz_10C_Iter2_3001.xml_TPCMLDataInterface_1.npy,351.0661670117972,22.721758502896183,0.0059851692058146,8.799071550369263,0.001,128,3,1000,0.8,1,True,100,45,34.74362571161838
SIREN,1,outer/12-2_0-0/AuAu200_170kHz_10C_Iter2_3001.xml_TPCMLDataInterface_1.npy,353.7837286646586,22.721758502896183,0.0061386073939502,8.804232120513916,0.001,128,3,1000,0.8,1,True,100,45,34.710136939459375
SIREN,1,outer/12-2_0-0/AuAu200_170kHz_10C_Iter2_3001.xml_TPCMLDataInterface_1.npy,272.4572168883869,22.721758502896183,0.0038252247031778,8.799106359481812,0.001,128,3,1000,0.8,1,True,100,45,35.84453232716016
SIREN,1,outer/12-2_0-0/AuAu200_170kHz_10C_Iter2_3001.xml_TPCMLDataInterface_1.npy,257.6505749560743,22.721758502896183,0.0039043170399963,8.788136959075928,0.001,128,3,1000,0.8,1,True,100,45,36.087204328259176
SIREN,1,outer/12-2_0-0/AuAu200_170kHz_10C_Iter2_3001.xml_TPCMLDataInterface_1.npy,474.76980447833,22.721758502896183,0.0077621759846806,8.77079963684082,0.001,128,3,1000,0.8,1,True,100,45,33.432684588835464
SIREN,1,outer/12-2_0-0/AuAu200_170kHz_10C_Iter2_3001.xml_TPCMLDataInterface_1.npy,458.97548527443104,22.721758502896183,0.0073775323107838,9.720665454864502,0.001,128,3,1000,0.9,1,True,100,45,33.579620590781126
SIREN,1,outer/12-2_0-0/AuAu200_170kHz_10C_Iter2_3001.xml_TPCMLDataInterface_1.npy,256.2439562939257,22.721758502896183,0.003731373231858,9.72406530380249,0.001,128,3,1000,0.9,1,True,100,45,36.11097917743869
SIREN,1,outer/12-2_0-0/AuAu200_170kHz_10C_Iter2_3001.xml_TPCMLDataInterface_1.npy,301.100234270415,22.721758502896183,0.0039269379340112,9.723942518234251,0.001,128,3,1000,0.9,1,True,100,45,35.410404553522746
SIREN,1,outer/12-2_0-0/AuAu200_170kHz_10C_Iter2_3001.xml_TPCMLDataInterface_1.npy,421.99581006316936,22.721758502896183,0.0070291706360876,9.729737043380736,0.001,128,3,1000,0.9,1,True,100,45,33.94443409832617
SIREN,1,outer/12-2_0-0/AuAu200_170kHz_10C_Iter2_3001.xml_TPCMLDataInterface_1.npy,249.15163257195448,22.721758502896183,0.0038092862814664,9.71365523338318,0.001,128,3,1000,0.9,1,True,100,45,36.23287811525845
SIREN,1,outer/12-2_0-0/AuAu200_170kHz_10C_Iter2_3001.xml_TPCMLDataInterface_1.npy,258.3579735609103,22.721758502896183,0.0036245898809283,9.72948694229126,0.001,128,3,1000,0.9,1,True,100,45,36.075296792853806
SIREN,1,outer/12-2_0-0/AuAu200_170kHz_10C_Iter2_3001.xml_TPCMLDataInterface_1.npy,276.7856281898427,22.721758502896183,0.0038487517740577,9.73425555229187,0.001,128,3,1000,0.9,1,True,100,45,35.77608012692947
SIREN,1,outer/12-2_0-0/AuAu200_170kHz_10C_Iter2_3001.xml_TPCMLDataInterface_1.npy,275.2330284680388,22.721758502896183,0.0040976488962769,9.725276947021484,0.001,128,3,1000,0.9,1,True,100,45,35.8005099994227
SIREN,1,outer/12-2_0-0/AuAu200_170kHz_10C_Iter2_3001.xml_TPCMLDataInterface_1.npy,261.1336374142403,22.721758502896183,0.0035749021917581,9.717912435531616,0.001,128,3,1000,0.9,1,True,100,45,36.0288873055401
SIREN,1,outer/12-2_0-0/AuAu200_170kHz_10C_Iter2_3001.xml_TPCMLDataInterface_1.npy,412.17146319653614,22.721758502896183,0.0068253972567617,9.724533557891846,0.001,128,3,1000,0.9,1,True,100,45,34.0467362877973
SIREN,1,outer/12-2_0-0/AuAu200_170kHz_10C_Iter2_3001.xml_TPCMLDataInterface_1.npy,416.1895145686914,22.721758502896183,0.0067662941291928,9.718900680541992,0.001,128,3,1000,0.9,1,True,100,45,34.00460414319451
SIREN,1,outer/12-2_0-0/AuAu200_170kHz_10C_Iter2_3001.xml_TPCMLDataInterface_1.npy,420.5923720925368,22.721758502896183,0.0068342853337526,9.724177360534668,0.001,128,3,1000,0.9,1,True,100,45,33.95890156755732
SIREN,1,outer/12-2_0-0/AuAu200_170kHz_10C_Iter2_3001.xml_TPCMLDataInterface_1.npy,275.68148636211515,22.721758502896183,0.0038664313033223,9.662328958511353,0.001,128,3,1000,0.9,1,True,100,45,35.7934394711814
SIREN,1,outer/12-2_0-0/AuAu200_170kHz_10C_Iter2_3001.xml_TPCMLDataInterface_1.npy,447.9183609437751,22.721758502896183,0.0068440022878348,9.725707292556764,0.001,128,3,1000,0.9,1,True,100,45,33.685526834799674
SIREN,1,outer/12-2_0-0/AuAu200_170kHz_10C_Iter2_3001.xml_TPCMLDataInterface_1.npy,379.3913518657965,22.721758502896183,0.0061609535478055,9.727101564407349,0.001,128,3,1000,0.9,1,True,100,45,34.40664121739405
SIREN,1,outer/12-2_0-0/AuAu200_170kHz_10C_Iter2_3001.xml_TPCMLDataInterface_1.npy,446.89621245398257,22.721758502896183,0.0073693003505468,9.71993851661682,0.001,128,3,1000,0.9,1,True,100,45,33.695448748346465
SIREN,1,outer/12-2_0-0/AuAu200_170kHz_10C_Iter2_3001.xml_TPCMLDataInterface_1.npy,276.82588165160644,22.721758502896183,0.0041324407793581,9.72704792022705,0.001,128,3,1000,0.9,1,True,100,45,35.775448570105176
SIREN,1,outer/12-2_0-0/AuAu200_170kHz_10C_Iter2_3001.xml_TPCMLDataInterface_1.npy,238.58667090235943,22.721758502896183,0.0035813853610306,9.72014594078064,0.001,128,3,1000,0.9,1,True,100,45,36.421053714413624
SIREN,1,outer/12-2_0-0/AuAu200_170kHz_10C_Iter2_3001.xml_TPCMLDataInterface_1.npy,368.3238997657296,22.721758502896183,0.0064408821053802,9.727356195449827,0.001,128,3,1000,0.9,1,True,100,45,34.535216485393434
SIREN,1,outer/12-2_0-0/AuAu200_170kHz_10C_Iter2_3001.xml_TPCMLDataInterface_1.npy,402.25819554258703,22.721758502896183,0.0067740329541265,9.718892097473145,0.001,128,3,1000,0.9,1,True,100,45,34.152466476612474
SIREN,1,outer/12-2_0-0/AuAu200_170kHz_10C_Iter2_3001.xml_TPCMLDataInterface_1.npy,392.887133168089,22.721758502896183,0.0065044206567108,10.64492893218994,0.001,128,3,1000,1.0,1,True,100,45,34.25483742621609
SIREN,1,outer/12-2_0-0/AuAu200_170kHz_10C_Iter2_3001.xml_TPCMLDataInterface_1.npy,315.2255414888722,22.721758502896183,0.0040119178593158,10.62386918067932,0.001,128,3,1000,1.0,1,True,100,45,35.211301493459146
SIREN,1,outer/12-2_0-0/AuAu200_170kHz_10C_Iter2_3001.xml_TPCMLDataInterface_1.npy,254.29523693733267,22.721758502896183,0.0036270569544285,10.680737733840942,0.001,128,3,1000,1.0,1,True,100,45,36.14413323043626
SIREN,1,outer/12-2_0-0/AuAu200_170kHz_10C_Iter2_3001.xml_TPCMLDataInterface_1.npy,411.235398625753,22.721758502896183,0.0070721628144383,10.630768060684204,0.001,128,3,1000,1.0,1,True,100,45,34.05661057648183
SIREN,1,outer/12-2_0-0/AuAu200_170kHz_10C_Iter2_3001.xml_TPCMLDataInterface_1.npy,264.3360878409472,22.721758502896183,0.0043026227504014,10.696488857269289,0.001,128,3,1000,1.0,1,True,100,45,35.97595090590747
SIREN,1,outer/12-2_0-0/AuAu200_170kHz_10C_Iter2_3001.xml_TPCMLDataInterface_1.npy,243.3919623807731,22.721758502896183,0.0037093083374202,10.67214322090149,0.001,128,3,1000,1.0,1,True,100,45,36.33445316497179
SIREN,1,outer/12-2_0-0/AuAu200_170kHz_10C_Iter2_3001.xml_TPCMLDataInterface_1.npy,277.64243954986614,22.721758502896183,0.0035750318784266,10.668439626693726,0.001,128,3,1000,1.0,1,True,100,45,35.76265697021819
SIREN,1,outer/12-2_0-0/AuAu200_170kHz_10C_Iter2_3001.xml_TPCMLDataInterface_1.npy,274.0779694298025,22.721758502896183,0.0035950541496276,10.66607117652893,0.001,128,3,1000,1.0,1,True,100,45,35.81877420705121
SIREN,1,outer/12-2_0-0/AuAu200_170kHz_10C_Iter2_3001.xml_TPCMLDataInterface_1.npy,294.44607989248664,22.721758502896183,0.0042329262942075,10.640601873397827,0.001,128,3,1000,1.0,1,True,100,45,35.50745772051951
SIREN,1,outer/12-2_0-0/AuAu200_170kHz_10C_Iter2_3001.xml_TPCMLDataInterface_1.npy,252.54597687625505,22.721758502896183,0.0036102016456425,10.669209480285645,0.001,128,3,1000,1.0,1,True,100,45,36.174110942887836
SIREN,1,outer/12-2_0-0/AuAu200_170kHz_10C_Iter2_3001.xml_TPCMLDataInterface_1.npy,292.31431847180386,22.721758502896183,0.003797776531428,10.649986028671265,0.001,128,3,1000,1.0,1,True,100,45,35.53901459783269
SIREN,1,outer/12-2_0-0/AuAu200_170kHz_10C_Iter2_3001.xml_TPCMLDataInterface_1.npy,261.84057061579654,22.721758502896183,0.0037358908448368,10.663517951965332,0.001,128,3,1000,1.0,1,True,100,45,36.01714610030304
SIREN,1,outer/12-2_0-0/AuAu200_170kHz_10C_Iter2_3001.xml_TPCMLDataInterface_1.npy,282.4155763679719,22.721758502896183,0.0040543382056057,10.625684022903442,0.001,128,3,1000,1.0,1,True,100,45,35.688629026192515
SIREN,1,outer/12-2_0-0/AuAu200_170kHz_10C_Iter2_3001.xml_TPCMLDataInterface_1.npy,385.0390258952477,22.721758502896183,0.0068259015679359,10.649785995483398,0.001,128,3,1000,1.0,1,True,100,45,34.34246798811827
SIREN,1,outer/12-2_0-0/AuAu200_170kHz_10C_Iter2_3001.xml_TPCMLDataInterface_1.npy,228.40131620230923,22.721758502896183,0.0033458615653216,10.64988923072815,0.001,128,3,1000,1.0,1,True,100,45,36.610529464885815
SIREN,1,outer/12-2_0-0/AuAu200_170kHz_10C_Iter2_3001.xml_TPCMLDataInterface_1.npy,468.98915584211846,22.721758502896183,0.0078092948533594,10.65643548965454,0.001,128,3,1000,1.0,1,True,100,45,33.48588747869441
SIREN,1,outer/12-2_0-0/AuAu200_170kHz_10C_Iter2_3001.xml_TPCMLDataInterface_1.npy,307.82565679384203,22.721758502896183,0.0037838681600987,10.632619619369509,0.001,128,3,1000,1.0,1,True,100,45,35.31446733987625
SIREN,1,outer/12-2_0-0/AuAu200_170kHz_10C_Iter2_3001.xml_TPCMLDataInterface_1.npy,263.69198800409976,22.721758502896183,0.0038125293795019,10.6429762840271,0.001,128,3,1000,1.0,1,True,100,45,35.98654614341382
SIREN,1,outer/12-2_0-0/AuAu200_170kHz_10C_Iter2_3001.xml_TPCMLDataInterface_1.npy,401.52483370983936,22.721758502896183,0.0069621405564248,10.649349451065063,0.001,128,3,1000,1.0,1,True,100,45,34.160391378581956
SIREN,1,outer/12-2_0-0/AuAu200_170kHz_10C_Iter2_3001.xml_TPCMLDataInterface_1.npy,281.6486074506359,22.721758502896183,0.0039005463477224,10.62296724319458,0.001,128,3,1000,1.0,1,True,100,45,35.70043940463605
