model,data_sample,file_name,original_mse,compression_ratio,transformed_mse,training_time,lr,hidden_features,hidden_layers,sample_fraction,max_iters,outermost_linear,first_omega_zero,hidden_omega_zero,original_psnr
SIREN,1,outer/12-2_0-0/AuAu200_170kHz_10C_Iter2_3001.xml_TPCMLDataInterface_1.npy,380.2032871067604,22.721758502896183,0.0084185190498828,2.267893075942993,0.001,128,3,0.1,1000,True,100,45,34.39735681460821
SIREN,1,outer/12-2_0-0/AuAu200_170kHz_10C_Iter2_3001.xml_TPCMLDataInterface_1.npy,389.9259355128849,22.721758502896183,0.0086981961503624,1.8097124099731443,0.001,128,3,0.1,1000,True,100,45,34.287694259783656
SIREN,1,outer/12-2_0-0/AuAu200_170kHz_10C_Iter2_3001.xml_TPCMLDataInterface_1.npy,371.42010882069945,22.721758502896183,0.0083341635763645,1.7942748069763184,0.001,128,3,0.1,1000,True,100,45,34.49886135864526
SIREN,1,outer/12-2_0-0/AuAu200_170kHz_10C_Iter2_3001.xml_TPCMLDataInterface_1.npy,388.1940483287316,22.721758502896183,0.0085555231198668,1.816534757614136,0.001,128,3,0.1,1000,True,100,45,34.30702676132583
SIREN,1,outer/12-2_0-0/AuAu200_170kHz_10C_Iter2_3001.xml_TPCMLDataInterface_1.npy,370.0951893511546,22.721758502896183,0.0080464715138077,1.809291124343872,0.001,128,3,0.1,1000,True,100,45,34.514381087728324
SIREN,1,outer/12-2_0-0/AuAu200_170kHz_10C_Iter2_3001.xml_TPCMLDataInterface_1.npy,386.32240027819614,22.721758502896183,0.0085069686174392,1.832204818725586,0.001,128,3,0.1,1000,True,100,45,34.32801658030584
SIREN,1,outer/12-2_0-0/AuAu200_170kHz_10C_Iter2_3001.xml_TPCMLDataInterface_1.npy,386.3589252844712,22.721758502896183,0.008541690185666,1.8253445625305176,0.001,128,3,0.1,1000,True,100,45,34.32760599425533
SIREN,1,outer/12-2_0-0/AuAu200_170kHz_10C_Iter2_3001.xml_TPCMLDataInterface_1.npy,383.7427091177209,22.721758502896183,0.0082545792683959,1.834969520568848,0.001,128,3,0.1,1000,True,100,45,34.35711411539232
SIREN,1,outer/12-2_0-0/AuAu200_170kHz_10C_Iter2_3001.xml_TPCMLDataInterface_1.npy,384.0043794971553,22.721758502896183,0.0085491938516497,1.8492558002471924,0.001,128,3,0.1,1000,True,100,45,34.354153713250746
SIREN,1,outer/12-2_0-0/AuAu200_170kHz_10C_Iter2_3001.xml_TPCMLDataInterface_1.npy,380.4215873912316,22.721758502896183,0.0086169401183724,1.8388614654541016,0.001,128,3,0.1,1000,True,100,45,34.394863953416696
SIREN,1,outer/12-2_0-0/AuAu200_170kHz_10C_Iter2_3001.xml_TPCMLDataInterface_1.npy,441.9209925640061,22.721758502896183,0.0087872426956892,1.88891863822937,0.001,128,3,0.1,1000,True,100,45,33.74406916432757
SIREN,1,outer/12-2_0-0/AuAu200_170kHz_10C_Iter2_3001.xml_TPCMLDataInterface_1.npy,398.7094393197791,22.721758502896183,0.0088527901098132,1.820053577423096,0.001,128,3,0.1,1000,True,100,45,34.19095031198586
SIREN,1,outer/12-2_0-0/AuAu200_170kHz_10C_Iter2_3001.xml_TPCMLDataInterface_1.npy,389.2279338709002,22.721758502896183,0.0085385190322995,1.8291029930114744,0.001,128,3,0.1,1000,True,100,45,34.29547547873099
SIREN,1,outer/12-2_0-0/AuAu200_170kHz_10C_Iter2_3001.xml_TPCMLDataInterface_1.npy,374.3310050096218,22.721758502896183,0.008304520510137,1.853359937667847,0.001,128,3,0.1,1000,True,100,45,34.46495748511006
SIREN,1,outer/12-2_0-0/AuAu200_170kHz_10C_Iter2_3001.xml_TPCMLDataInterface_1.npy,389.5454003514057,22.721758502896183,0.0086921351030468,1.831735134124756,0.001,128,3,0.1,1000,True,100,45,34.29193468085691
SIREN,1,outer/12-2_0-0/AuAu200_170kHz_10C_Iter2_3001.xml_TPCMLDataInterface_1.npy,356.53697864374163,22.721758502896183,0.0078048040159046,1.8156964778900144,0.001,128,3,0.1,1000,True,100,45,34.676469688903545
SIREN,1,outer/12-2_0-0/AuAu200_170kHz_10C_Iter2_3001.xml_TPCMLDataInterface_1.npy,379.0033728664658,22.721758502896183,0.0083576301112771,1.8508632183074951,0.001,128,3,0.1,1000,True,100,45,34.41108473862933
SIREN,1,outer/12-2_0-0/AuAu200_170kHz_10C_Iter2_3001.xml_TPCMLDataInterface_1.npy,390.7572647360274,22.721758502896183,0.0087854964658617,1.854062795639038,0.001,128,3,0.1,1000,True,100,45,34.27844487845691
SIREN,1,outer/12-2_0-0/AuAu200_170kHz_10C_Iter2_3001.xml_TPCMLDataInterface_1.npy,375.7237726949464,22.721758502896183,0.0082114208489656,1.8581809997558596,0.001,128,3,0.1,1000,True,100,45,34.44882874269027
SIREN,1,outer/12-2_0-0/AuAu200_170kHz_10C_Iter2_3001.xml_TPCMLDataInterface_1.npy,376.7907593917336,22.721758502896183,0.0086495643481612,1.880754232406616,0.001,128,3,0.1,1000,True,100,45,34.43651305374459
SIREN,1,outer/12-2_0-0/AuAu200_170kHz_10C_Iter2_3001.xml_TPCMLDataInterface_1.npy,347.1201550995649,22.721758502896183,0.0077549270354211,2.9897403717041016,0.001,128,3,0.2,1000,True,100,45,34.7927171759526
SIREN,1,outer/12-2_0-0/AuAu200_170kHz_10C_Iter2_3001.xml_TPCMLDataInterface_1.npy,355.47906208165995,22.721758502896183,0.0079015158116817,2.9907710552215576,0.001,128,3,0.2,1000,True,100,45,34.689375231392525
SIREN,1,outer/12-2_0-0/AuAu200_170kHz_10C_Iter2_3001.xml_TPCMLDataInterface_1.npy,334.46471171142906,22.721758502896183,0.0076167890802025,3.019174337387085,0.001,128,3,0.2,1000,True,100,45,34.95401245250531
SIREN,1,outer/12-2_0-0/AuAu200_170kHz_10C_Iter2_3001.xml_TPCMLDataInterface_1.npy,337.30964613662985,22.721758502896183,0.007679836358875,2.986135244369507,0.001,128,3,0.2,1000,True,100,45,34.91722787761675
SIREN,1,outer/12-2_0-0/AuAu200_170kHz_10C_Iter2_3001.xml_TPCMLDataInterface_1.npy,324.7401154095549,22.721758502896183,0.0073491940274834,2.9954047203063965,0.001,128,3,0.2,1000,True,100,45,35.08215608077972
SIREN,1,outer/12-2_0-0/AuAu200_170kHz_10C_Iter2_3001.xml_TPCMLDataInterface_1.npy,320.16639736027446,22.721758502896183,0.0073653520084917,2.9877498149871826,0.001,128,3,0.2,1000,True,100,45,35.14375799593556
SIREN,1,outer/12-2_0-0/AuAu200_170kHz_10C_Iter2_3001.xml_TPCMLDataInterface_1.npy,343.1677033655455,22.721758502896183,0.0077119530178606,3.0128064155578613,0.001,128,3,0.2,1000,True,100,45,34.84245140540699
SIREN,1,outer/12-2_0-0/AuAu200_170kHz_10C_Iter2_3001.xml_TPCMLDataInterface_1.npy,340.87020869938084,22.721758502896183,0.007748463191092,2.9898085594177246,0.001,128,3,0.2,1000,True,100,45,34.87162502254643
SIREN,1,outer/12-2_0-0/AuAu200_170kHz_10C_Iter2_3001.xml_TPCMLDataInterface_1.npy,313.8276125334672,22.721758502896183,0.0071142143569886,3.0017106533050537,0.001,128,3,0.2,1000,True,100,45,35.230603958662805
SIREN,1,outer/12-2_0-0/AuAu200_170kHz_10C_Iter2_3001.xml_TPCMLDataInterface_1.npy,317.6974499560743,22.721758502896183,0.0071596088819205,2.9905571937561035,0.001,128,3,0.2,1000,True,100,45,35.177378198525965
SIREN,1,outer/12-2_0-0/AuAu200_170kHz_10C_Iter2_3001.xml_TPCMLDataInterface_1.npy,308.6332439131526,22.721758502896183,0.0069443499669432,3.055154323577881,0.001,128,3,0.2,1000,True,100,45,35.303088452173824
SIREN,1,outer/12-2_0-0/AuAu200_170kHz_10C_Iter2_3001.xml_TPCMLDataInterface_1.npy,316.1488140060241,22.721758502896183,0.0070821451954543,2.993285894393921,0.001,128,3,0.2,1000,True,100,45,35.198599918179326
SIREN,1,outer/12-2_0-0/AuAu200_170kHz_10C_Iter2_3001.xml_TPCMLDataInterface_1.npy,320.1146905329652,22.721758502896183,0.0074900337494909,3.0086374282836914,0.001,128,3,0.2,1000,True,100,45,35.14445943754458
SIREN,1,outer/12-2_0-0/AuAu200_170kHz_10C_Iter2_3001.xml_TPCMLDataInterface_1.npy,340.91884595674367,22.721758502896183,0.0079677123576402,3.025120735168457,0.001,128,3,0.2,1000,True,100,45,34.871005391228536
SIREN,1,outer/12-2_0-0/AuAu200_170kHz_10C_Iter2_3001.xml_TPCMLDataInterface_1.npy,327.45233146126174,22.721758502896183,0.0076162805780768,3.023728132247925,0.001,128,3,0.2,1000,True,100,45,35.04603461813673
SIREN,1,outer/12-2_0-0/AuAu200_170kHz_10C_Iter2_3001.xml_TPCMLDataInterface_1.npy,330.1896701388889,22.721758502896183,0.0073937908746302,2.998992443084717,0.001,128,3,0.2,1000,True,100,45,35.00988066369246
SIREN,1,outer/12-2_0-0/AuAu200_170kHz_10C_Iter2_3001.xml_TPCMLDataInterface_1.npy,332.25259109354084,22.721758502896183,0.0077485679648816,3.0082991123199463,0.001,128,3,0.2,1000,True,100,45,34.9828317226522
SIREN,1,outer/12-2_0-0/AuAu200_170kHz_10C_Iter2_3001.xml_TPCMLDataInterface_1.npy,334.63240331116134,22.721758502896183,0.007589700166136,2.9974710941314697,0.001,128,3,0.2,1000,True,100,45,34.95183556259456
SIREN,1,outer/12-2_0-0/AuAu200_170kHz_10C_Iter2_3001.xml_TPCMLDataInterface_1.npy,340.18391796352074,22.721758502896183,0.0077798860147595,2.99578070640564,0.001,128,3,0.2,1000,True,100,45,34.88037770074869
SIREN,1,outer/12-2_0-0/AuAu200_170kHz_10C_Iter2_3001.xml_TPCMLDataInterface_1.npy,335.11005088060574,22.721758502896183,0.0077179949730634,3.0074586868286133,0.001,128,3,0.2,1000,True,100,45,34.94564095039473
SIREN,1,outer/12-2_0-0/AuAu200_170kHz_10C_Iter2_3001.xml_TPCMLDataInterface_1.npy,331.1124641796352,22.721758502896183,0.0074183540418744,4.048665761947632,0.001,128,3,0.3,1000,True,100,45,34.99776019411725
SIREN,1,outer/12-2_0-0/AuAu200_170kHz_10C_Iter2_3001.xml_TPCMLDataInterface_1.npy,317.32167602702475,22.721758502896183,0.0071373675018548,4.009231805801392,0.001,128,3,0.3,1000,True,100,45,35.18251809293861
SIREN,1,outer/12-2_0-0/AuAu200_170kHz_10C_Iter2_3001.xml_TPCMLDataInterface_1.npy,323.3985852263219,22.721758502896183,0.0073009394109249,4.010747671127319,0.001,128,3,0.3,1000,True,100,45,35.10013433103156
SIREN,1,outer/12-2_0-0/AuAu200_170kHz_10C_Iter2_3001.xml_TPCMLDataInterface_1.npy,321.6063603371821,22.721758502896183,0.0074393539689481,4.007645845413208,0.001,128,3,0.3,1000,True,100,45,35.12426919660742
SIREN,1,outer/12-2_0-0/AuAu200_170kHz_10C_Iter2_3001.xml_TPCMLDataInterface_1.npy,320.9189623075636,22.721758502896183,0.007474219892174,4.006655693054199,0.001,128,3,0.3,1000,True,100,45,35.133561695268845
SIREN,1,outer/12-2_0-0/AuAu200_170kHz_10C_Iter2_3001.xml_TPCMLDataInterface_1.npy,293.1604373222055,22.721758502896183,0.0066659930162131,4.0055224895477295,0.001,128,3,0.3,1000,True,100,45,35.52646187886569
SIREN,1,outer/12-2_0-0/AuAu200_170kHz_10C_Iter2_3001.xml_TPCMLDataInterface_1.npy,307.8459436705154,22.721758502896183,0.0070893019437789,4.055459976196289,0.001,128,3,0.3,1000,True,100,45,35.31418113279472
SIREN,1,outer/12-2_0-0/AuAu200_170kHz_10C_Iter2_3001.xml_TPCMLDataInterface_1.npy,296.84590575845044,22.721758502896183,0.0068635595962405,4.0310680866241455,0.001,128,3,0.3,1000,True,100,45,35.472204854621445
SIREN,1,outer/12-2_0-0/AuAu200_170kHz_10C_Iter2_3001.xml_TPCMLDataInterface_1.npy,304.255695960927,22.721758502896183,0.0069639352150261,4.009058952331543,0.001,128,3,0.3,1000,True,100,45,35.36512831376099
SIREN,1,outer/12-2_0-0/AuAu200_170kHz_10C_Iter2_3001.xml_TPCMLDataInterface_1.npy,343.67833181685074,22.721758502896183,0.0082463640719652,4.117252349853516,0.001,128,3,0.3,1000,True,100,45,34.835993971041745
SIREN,1,outer/12-2_0-0/AuAu200_170kHz_10C_Iter2_3001.xml_TPCMLDataInterface_1.npy,314.4472904639391,22.721758502896183,0.007133265491575,4.009353399276733,0.001,128,3,0.3,1000,True,100,45,35.22203691924275
SIREN,1,outer/12-2_0-0/AuAu200_170kHz_10C_Iter2_3001.xml_TPCMLDataInterface_1.npy,300.64380830614124,22.721758502896183,0.0072483369149267,4.004090785980225,0.001,128,3,0.3,1000,True,100,45,35.41699284693891
SIREN,1,outer/12-2_0-0/AuAu200_170kHz_10C_Iter2_3001.xml_TPCMLDataInterface_1.npy,294.5781289219378,22.721758502896183,0.0066992989741265,4.004623174667358,0.001,128,3,0.3,1000,True,100,45,35.50551049441458
SIREN,1,outer/12-2_0-0/AuAu200_170kHz_10C_Iter2_3001.xml_TPCMLDataInterface_1.npy,328.40601860567267,22.721758502896183,0.0074966428801417,4.004141569137573,0.001,128,3,0.3,1000,True,100,45,35.03340441052693
SIREN,1,outer/12-2_0-0/AuAu200_170kHz_10C_Iter2_3001.xml_TPCMLDataInterface_1.npy,303.6375920348059,22.721758502896183,0.0070703369565308,4.030315399169922,0.001,128,3,0.3,1000,True,100,45,35.37396010125293
SIREN,1,outer/12-2_0-0/AuAu200_170kHz_10C_Iter2_3001.xml_TPCMLDataInterface_1.npy,323.0866146879183,22.721758502896183,0.0076672863215208,4.003028869628906,0.001,128,3,0.3,1000,True,100,45,35.104325829735004
SIREN,1,outer/12-2_0-0/AuAu200_170kHz_10C_Iter2_3001.xml_TPCMLDataInterface_1.npy,316.0490987387048,22.721758502896183,0.0070421323180198,4.005818128585815,0.001,128,3,0.3,1000,True,100,45,35.199969925572404
SIREN,1,outer/12-2_0-0/AuAu200_170kHz_10C_Iter2_3001.xml_TPCMLDataInterface_1.npy,295.61283545640896,22.721758502896183,0.0068192658945918,4.006404638290405,0.001,128,3,0.3,1000,True,100,45,35.49028261646229
SIREN,1,outer/12-2_0-0/AuAu200_170kHz_10C_Iter2_3001.xml_TPCMLDataInterface_1.npy,321.014086293089,22.721758502896183,0.0073728137649595,4.0040602684021,0.001,128,3,0.3,1000,True,100,45,35.13227458838432
SIREN,1,outer/12-2_0-0/AuAu200_170kHz_10C_Iter2_3001.xml_TPCMLDataInterface_1.npy,304.5593742156124,22.721758502896183,0.00692745950073,4.003144264221191,0.001,128,3,0.3,1000,True,100,45,35.360795773136346
SIREN,1,outer/12-2_0-0/AuAu200_170kHz_10C_Iter2_3001.xml_TPCMLDataInterface_1.npy,304.15448774263723,22.721758502896183,0.0069036902859807,5.022498846054077,0.001,128,3,0.4,1000,True,100,45,35.36657319986938
SIREN,1,outer/12-2_0-0/AuAu200_170kHz_10C_Iter2_3001.xml_TPCMLDataInterface_1.npy,303.27442321368807,22.721758502896183,0.0071661258116364,5.0130696296691895,0.001,128,3,0.4,1000,True,100,45,35.37915763334567
SIREN,1,outer/12-2_0-0/AuAu200_170kHz_10C_Iter2_3001.xml_TPCMLDataInterface_1.npy,302.335249853581,22.721758502896183,0.0068441517651081,5.013340711593628,0.001,128,3,0.4,1000,True,100,45,35.39262763400649
SIREN,1,outer/12-2_0-0/AuAu200_170kHz_10C_Iter2_3001.xml_TPCMLDataInterface_1.npy,306.1584031438253,22.721758502896183,0.0068274047225713,5.01369309425354,0.001,128,3,0.4,1000,True,100,45,35.338053647310545
SIREN,1,outer/12-2_0-0/AuAu200_170kHz_10C_Iter2_3001.xml_TPCMLDataInterface_1.npy,304.59275644243644,22.721758502896183,0.0070284097455441,5.11147141456604,0.001,128,3,0.4,1000,True,100,45,35.36031977654409
SIREN,1,outer/12-2_0-0/AuAu200_170kHz_10C_Iter2_3001.xml_TPCMLDataInterface_1.npy,305.0490686705154,22.721758502896183,0.0071801487356424,5.01385498046875,0.001,128,3,0.4,1000,True,100,45,35.35381845358609
SIREN,1,outer/12-2_0-0/AuAu200_170kHz_10C_Iter2_3001.xml_TPCMLDataInterface_1.npy,312.4073376840696,22.721758502896183,0.0070532578974962,5.029266357421875,0.001,128,3,0.4,1000,True,100,45,35.250303229271374
SIREN,1,outer/12-2_0-0/AuAu200_170kHz_10C_Iter2_3001.xml_TPCMLDataInterface_1.npy,292.92898678045515,22.721758502896183,0.0067134210839867,5.0114805698394775,0.001,128,3,0.4,1000,True,100,45,35.529891993595875
SIREN,1,outer/12-2_0-0/AuAu200_170kHz_10C_Iter2_3001.xml_TPCMLDataInterface_1.npy,314.6543687771921,22.721758502896183,0.0071300803683698,5.017373561859131,0.001,128,3,0.4,1000,True,100,45,35.2191778273712
SIREN,1,outer/12-2_0-0/AuAu200_170kHz_10C_Iter2_3001.xml_TPCMLDataInterface_1.npy,300.04301189131525,22.721758502896183,0.0071798502467572,5.013247013092041,0.001,128,3,0.4,1000,True,100,45,35.42568032420456
SIREN,1,outer/12-2_0-0/AuAu200_170kHz_10C_Iter2_3001.xml_TPCMLDataInterface_1.npy,295.0815919929719,22.721758502896183,0.0069479681551456,5.042865037918091,0.001,128,3,0.4,1000,True,100,45,35.498094309148065
SIREN,1,outer/12-2_0-0/AuAu200_170kHz_10C_Iter2_3001.xml_TPCMLDataInterface_1.npy,320.2242067227242,22.721758502896183,0.0075507722795009,5.014830350875855,0.001,128,3,0.4,1000,True,100,45,35.14297390300783
SIREN,1,outer/12-2_0-0/AuAu200_170kHz_10C_Iter2_3001.xml_TPCMLDataInterface_1.npy,315.7451890896921,22.721758502896183,0.0068948687985539,5.012816667556763,0.001,128,3,0.4,1000,True,100,45,35.2041480669797
SIREN,1,outer/12-2_0-0/AuAu200_170kHz_10C_Iter2_3001.xml_TPCMLDataInterface_1.npy,293.5916596071787,22.721758502896183,0.0068216393701732,5.06530237197876,0.001,128,3,0.4,1000,True,100,45,35.52007834846042
SIREN,1,outer/12-2_0-0/AuAu200_170kHz_10C_Iter2_3001.xml_TPCMLDataInterface_1.npy,306.30302590570614,22.721758502896183,0.0069394595921039,5.01381254196167,0.001,128,3,0.4,1000,True,100,45,35.33600261631885
SIREN,1,outer/12-2_0-0/AuAu200_170kHz_10C_Iter2_3001.xml_TPCMLDataInterface_1.npy,320.018617438504,22.721758502896183,0.007472887635231,5.009990453720093,0.001,128,3,0.4,1000,True,100,45,35.145763041483875
SIREN,1,outer/12-2_0-0/AuAu200_170kHz_10C_Iter2_3001.xml_TPCMLDataInterface_1.npy,302.38948371611446,22.721758502896183,0.006927634589374,5.012901544570923,0.001,128,3,0.4,1000,True,100,45,35.391848652562985
SIREN,1,outer/12-2_0-0/AuAu200_170kHz_10C_Iter2_3001.xml_TPCMLDataInterface_1.npy,306.33247312165327,22.721758502896183,0.0071406103670597,5.01335883140564,0.001,128,3,0.4,1000,True,100,45,35.33558511640501
SIREN,1,outer/12-2_0-0/AuAu200_170kHz_10C_Iter2_3001.xml_TPCMLDataInterface_1.npy,314.6416237868139,22.721758502896183,0.0072951158508658,5.0189595222473145,0.001,128,3,0.4,1000,True,100,45,35.219353740742946
SIREN,1,outer/12-2_0-0/AuAu200_170kHz_10C_Iter2_3001.xml_TPCMLDataInterface_1.npy,305.23621961805554,22.721758502896183,0.0068972813896834,5.120046615600586,0.001,128,3,0.4,1000,True,100,45,35.35115482633152
SIREN,1,outer/12-2_0-0/AuAu200_170kHz_10C_Iter2_3001.xml_TPCMLDataInterface_1.npy,296.82086810784807,22.721758502896183,0.0067537440918385,6.013653516769409,0.001,128,3,0.5,1000,True,100,45,35.472571178424005
SIREN,1,outer/12-2_0-0/AuAu200_170kHz_10C_Iter2_3001.xml_TPCMLDataInterface_1.npy,292.74614734981594,22.721758502896183,0.0067368163727223,6.012619733810425,0.001,128,3,0.5,1000,True,100,45,35.53260360464962
SIREN,1,outer/12-2_0-0/AuAu200_170kHz_10C_Iter2_3001.xml_TPCMLDataInterface_1.npy,302.6622910914491,22.721758502896183,0.0071510700508952,5.9682042598724365,0.001,128,3,0.5,1000,True,100,45,35.38793233496201
SIREN,1,outer/12-2_0-0/AuAu200_170kHz_10C_Iter2_3001.xml_TPCMLDataInterface_1.npy,284.407163811496,22.721758502896183,0.0065991249866783,5.983378410339356,0.001,128,3,0.5,1000,True,100,45,35.65811017311969
SIREN,1,outer/12-2_0-0/AuAu200_170kHz_10C_Iter2_3001.xml_TPCMLDataInterface_1.npy,289.2262003744143,22.721758502896183,0.0066533214412629,5.935986518859863,0.001,128,3,0.5,1000,True,100,45,35.58513916567033
SIREN,1,outer/12-2_0-0/AuAu200_170kHz_10C_Iter2_3001.xml_TPCMLDataInterface_1.npy,300.5559412127677,22.721758502896183,0.0069712875410914,5.939710140228272,0.001,128,3,0.5,1000,True,100,45,35.41826231500157
SIREN,1,outer/12-2_0-0/AuAu200_170kHz_10C_Iter2_3001.xml_TPCMLDataInterface_1.npy,319.5892358496486,22.721758502896183,0.0070334016345441,5.936660528182983,0.001,128,3,0.5,1000,True,100,45,35.15159405439985
SIREN,1,outer/12-2_0-0/AuAu200_170kHz_10C_Iter2_3001.xml_TPCMLDataInterface_1.npy,306.8247220653447,22.721758502896183,0.0072705536149442,5.939064979553223,0.001,128,3,0.5,1000,True,100,45,35.328611992789284
SIREN,1,outer/12-2_0-0/AuAu200_170kHz_10C_Iter2_3001.xml_TPCMLDataInterface_1.npy,289.8637453459672,22.721758502896183,0.0067056114785373,5.972087860107422,0.001,128,3,0.5,1000,True,100,45,35.5755764931693
SIREN,1,outer/12-2_0-0/AuAu200_170kHz_10C_Iter2_3001.xml_TPCMLDataInterface_1.npy,275.908780957162,22.721758502896183,0.0064313472248613,5.936338901519775,0.001,128,3,0.5,1000,True,100,45,35.78986026393896
SIREN,1,outer/12-2_0-0/AuAu200_170kHz_10C_Iter2_3001.xml_TPCMLDataInterface_1.npy,288.9759545996486,22.721758502896183,0.0066710282117128,5.979403972625732,0.001,128,3,0.5,1000,True,100,45,35.588898417169176
SIREN,1,outer/12-2_0-0/AuAu200_170kHz_10C_Iter2_3001.xml_TPCMLDataInterface_1.npy,283.2318675744645,22.721758502896183,0.006607131101191,5.93537449836731,0.001,128,3,0.5,1000,True,100,45,35.676094327538785
SIREN,1,outer/12-2_0-0/AuAu200_170kHz_10C_Iter2_3001.xml_TPCMLDataInterface_1.npy,324.92839456785475,22.721758502896183,0.0076122977770864,5.9365551471710205,0.001,128,3,0.5,1000,True,100,45,35.07963884004724
SIREN,1,outer/12-2_0-0/AuAu200_170kHz_10C_Iter2_3001.xml_TPCMLDataInterface_1.npy,272.4930372531794,22.721758502896183,0.0064022568985819,5.9375901222229,0.001,128,3,0.5,1000,True,100,45,35.84396139112799
SIREN,1,outer/12-2_0-0/AuAu200_170kHz_10C_Iter2_3001.xml_TPCMLDataInterface_1.npy,291.0549345820783,22.721758502896183,0.0068082106299698,5.948627233505249,0.001,128,3,0.5,1000,True,100,45,35.55776582000339
SIREN,1,outer/12-2_0-0/AuAu200_170kHz_10C_Iter2_3001.xml_TPCMLDataInterface_1.npy,263.36069146377173,22.721758502896183,0.0062623606063425,5.934535264968872,0.001,128,3,0.5,1000,True,100,45,35.99200594976309
SIREN,1,outer/12-2_0-0/AuAu200_170kHz_10C_Iter2_3001.xml_TPCMLDataInterface_1.npy,310.62574516817267,22.721758502896183,0.0071946429088711,5.934264659881592,0.001,128,3,0.5,1000,True,100,45,35.27514100848114
SIREN,1,outer/12-2_0-0/AuAu200_170kHz_10C_Iter2_3001.xml_TPCMLDataInterface_1.npy,289.3602469774933,22.721758502896183,0.0067012785002589,5.934680938720703,0.001,128,3,0.5,1000,True,100,45,35.583126823302365
SIREN,1,outer/12-2_0-0/AuAu200_170kHz_10C_Iter2_3001.xml_TPCMLDataInterface_1.npy,298.64580849439426,22.721758502896183,0.0069785607047379,5.934263467788696,0.001,128,3,0.5,1000,True,100,45,35.445951249812694
SIREN,1,outer/12-2_0-0/AuAu200_170kHz_10C_Iter2_3001.xml_TPCMLDataInterface_1.npy,283.4473035370649,22.721758502896183,0.006554146297276,5.934049129486084,0.001,128,3,0.5,1000,True,100,45,35.672792189078855
SIREN,1,outer/12-2_0-0/AuAu200_170kHz_10C_Iter2_3001.xml_TPCMLDataInterface_1.npy,265.5925106676707,22.721758502896183,0.0063519631512463,6.896230936050415,0.001,128,3,0.6,1000,True,100,45,35.95535724387233
SIREN,1,outer/12-2_0-0/AuAu200_170kHz_10C_Iter2_3001.xml_TPCMLDataInterface_1.npy,292.86862554384203,22.721758502896183,0.0065835588611662,6.863605499267578,0.001,128,3,0.6,1000,True,100,45,35.53078699731468
SIREN,1,outer/12-2_0-0/AuAu200_170kHz_10C_Iter2_3001.xml_TPCMLDataInterface_1.npy,282.5075013596051,22.721758502896183,0.0066577913239598,6.865824937820435,0.001,128,3,0.6,1000,True,100,45,35.68721564732584
SIREN,1,outer/12-2_0-0/AuAu200_170kHz_10C_Iter2_3001.xml_TPCMLDataInterface_1.npy,288.33559629141564,22.721758502896183,0.0069063236005604,6.865589141845703,0.001,128,3,0.6,1000,True,100,45,35.59853287514361
SIREN,1,outer/12-2_0-0/AuAu200_170kHz_10C_Iter2_3001.xml_TPCMLDataInterface_1.npy,284.16832564633535,22.721758502896183,0.0066314688883721,6.867530345916748,0.001,128,3,0.6,1000,True,100,45,35.66175880396014
SIREN,1,outer/12-2_0-0/AuAu200_170kHz_10C_Iter2_3001.xml_TPCMLDataInterface_1.npy,317.8247769724732,22.721758502896183,0.0069653056561946,6.86855673789978,0.001,128,3,0.6,1000,True,100,45,35.17563797862441
SIREN,1,outer/12-2_0-0/AuAu200_170kHz_10C_Iter2_3001.xml_TPCMLDataInterface_1.npy,283.38421263177713,22.721758502896183,0.0066517530940473,6.8938963413238525,0.001,128,3,0.6,1000,True,100,45,35.673758967790214
SIREN,1,outer/12-2_0-0/AuAu200_170kHz_10C_Iter2_3001.xml_TPCMLDataInterface_1.npy,293.2985614332329,22.721758502896183,0.0067161689512431,6.864566087722778,0.001,128,3,0.6,1000,True,100,45,35.52441615902941
SIREN,1,outer/12-2_0-0/AuAu200_170kHz_10C_Iter2_3001.xml_TPCMLDataInterface_1.npy,299.68115822665663,22.721758502896183,0.0068631125614047,6.912817716598511,0.001,128,3,0.6,1000,True,100,45,35.43092110243957
SIREN,1,outer/12-2_0-0/AuAu200_170kHz_10C_Iter2_3001.xml_TPCMLDataInterface_1.npy,304.7001730881861,22.721758502896183,0.0070226024836301,6.8745598793029785,0.001,128,3,0.6,1000,True,100,45,35.3587884783873
SIREN,1,outer/12-2_0-0/AuAu200_170kHz_10C_Iter2_3001.xml_TPCMLDataInterface_1.npy,304.73803547523426,22.721758502896183,0.0070097399875521,6.90159273147583,0.001,128,3,0.6,1000,True,100,45,35.358248852694096
SIREN,1,outer/12-2_0-0/AuAu200_170kHz_10C_Iter2_3001.xml_TPCMLDataInterface_1.npy,318.0212686684237,22.721758502896183,0.0071822390891611,6.867190361022949,0.001,128,3,0.6,1000,True,100,45,35.17295383007642
SIREN,1,outer/12-2_0-0/AuAu200_170kHz_10C_Iter2_3001.xml_TPCMLDataInterface_1.npy,268.96171273636213,22.721758502896183,0.0064605036750435,6.868396282196045,0.001,128,3,0.6,1000,True,100,45,35.90061087094721
SIREN,1,outer/12-2_0-0/AuAu200_170kHz_10C_Iter2_3001.xml_TPCMLDataInterface_1.npy,286.40185089315594,22.721758502896183,0.0066554155200719,7.017858028411865,0.001,128,3,0.6,1000,True,100,45,35.62775728461975
SIREN,1,outer/12-2_0-0/AuAu200_170kHz_10C_Iter2_3001.xml_TPCMLDataInterface_1.npy,329.72149012717534,22.721758502896183,0.007655051536858,6.891683101654053,0.001,128,3,0.6,1000,True,100,45,35.016042948617496
SIREN,1,outer/12-2_0-0/AuAu200_170kHz_10C_Iter2_3001.xml_TPCMLDataInterface_1.npy,322.0742592766901,22.721758502896183,0.0075183981098234,6.863546133041382,0.001,128,3,0.6,1000,True,100,45,35.117955321150674
SIREN,1,outer/12-2_0-0/AuAu200_170kHz_10C_Iter2_3001.xml_TPCMLDataInterface_1.npy,275.83551785266064,22.721758502896183,0.0064675393514335,6.865777492523193,0.001,128,3,0.6,1000,True,100,45,35.791013615673364
SIREN,1,outer/12-2_0-0/AuAu200_170kHz_10C_Iter2_3001.xml_TPCMLDataInterface_1.npy,273.06630035768075,22.721758502896183,0.006478295661509,6.866445779800415,0.001,128,3,0.6,1000,True,100,45,35.83483442445614
SIREN,1,outer/12-2_0-0/AuAu200_170kHz_10C_Iter2_3001.xml_TPCMLDataInterface_1.npy,271.526992082915,22.721758502896183,0.0062818694859743,6.878315448760986,0.001,128,3,0.6,1000,True,100,45,35.85938540146138
SIREN,1,outer/12-2_0-0/AuAu200_170kHz_10C_Iter2_3001.xml_TPCMLDataInterface_1.npy,338.6621433651272,22.721758502896183,0.0072608236223459,6.8847737312316895,0.001,128,3,0.6,1000,True,100,45,34.89984896103864
SIREN,1,outer/12-2_0-0/AuAu200_170kHz_10C_Iter2_3001.xml_TPCMLDataInterface_1.npy,290.72438190261045,22.721758502896183,0.0068954890593886,7.795214414596558,0.001,128,3,0.7,1000,True,100,45,35.56270092910924
SIREN,1,outer/12-2_0-0/AuAu200_170kHz_10C_Iter2_3001.xml_TPCMLDataInterface_1.npy,282.6467719837684,22.721758502896183,0.0068764016032218,7.797231197357178,0.001,128,3,0.7,1000,True,100,45,35.685075188777
SIREN,1,outer/12-2_0-0/AuAu200_170kHz_10C_Iter2_3001.xml_TPCMLDataInterface_1.npy,270.608476876255,22.721758502896183,0.0063917371444404,7.788429260253906,0.001,128,3,0.7,1000,True,100,45,35.874101519122874
SIREN,1,outer/12-2_0-0/AuAu200_170kHz_10C_Iter2_3001.xml_TPCMLDataInterface_1.npy,323.006820249749,22.721758502896183,0.0068385554477572,7.786699771881103,0.001,128,3,0.7,1000,True,100,45,35.10539856263975
SIREN,1,outer/12-2_0-0/AuAu200_170kHz_10C_Iter2_3001.xml_TPCMLDataInterface_1.npy,294.6609249497992,22.721758502896183,0.0065529905259609,7.794068098068237,0.001,128,3,0.7,1000,True,100,45,35.504290009858295
SIREN,1,outer/12-2_0-0/AuAu200_170kHz_10C_Iter2_3001.xml_TPCMLDataInterface_1.npy,291.9390570092871,22.721758502896183,0.0067326752468943,7.788177967071533,0.001,128,3,0.7,1000,True,100,45,35.544593478903565
SIREN,1,outer/12-2_0-0/AuAu200_170kHz_10C_Iter2_3001.xml_TPCMLDataInterface_1.npy,284.35584002677376,22.721758502896183,0.0066004334948956,7.829672336578369,0.001,128,3,0.7,1000,True,100,45,35.65889396659449
SIREN,1,outer/12-2_0-0/AuAu200_170kHz_10C_Iter2_3001.xml_TPCMLDataInterface_1.npy,282.5942010228414,22.721758502896183,0.0068073910661041,7.86879825592041,0.001,128,3,0.7,1000,True,100,45,35.685883031074184
SIREN,1,outer/12-2_0-0/AuAu200_170kHz_10C_Iter2_3001.xml_TPCMLDataInterface_1.npy,282.8047698606928,22.721758502896183,0.0065780514851212,7.823937654495239,0.001,128,3,0.7,1000,True,100,45,35.68264818653866
SIREN,1,outer/12-2_0-0/AuAu200_170kHz_10C_Iter2_3001.xml_TPCMLDataInterface_1.npy,279.59833866716866,22.721758502896183,0.0066559617407619,7.803786993026733,0.001,128,3,0.7,1000,True,100,45,35.73216962200688
SIREN,1,outer/12-2_0-0/AuAu200_170kHz_10C_Iter2_3001.xml_TPCMLDataInterface_1.npy,306.39697853915663,22.721758502896183,0.0067939516156911,7.8295347690582275,0.001,128,3,0.7,1000,True,100,45,35.33467070477025
SIREN,1,outer/12-2_0-0/AuAu200_170kHz_10C_Iter2_3001.xml_TPCMLDataInterface_1.npy,317.3331829923862,22.721758502896183,0.0072527937591075,7.7876877784729,0.001,128,3,0.7,1000,True,100,45,35.18236060855195
SIREN,1,outer/12-2_0-0/AuAu200_170kHz_10C_Iter2_3001.xml_TPCMLDataInterface_1.npy,311.4948727200468,22.721758502896183,0.0069766682572662,7.789887428283691,0.001,128,3,0.7,1000,True,100,45,35.26300646303899
SIREN,1,outer/12-2_0-0/AuAu200_170kHz_10C_Iter2_3001.xml_TPCMLDataInterface_1.npy,269.81598529534807,22.721758502896183,0.0061316490173339,7.791494369506836,0.001,128,3,0.7,1000,True,100,45,35.886838728162765
SIREN,1,outer/12-2_0-0/AuAu200_170kHz_10C_Iter2_3001.xml_TPCMLDataInterface_1.npy,274.06337720674367,22.721758502896183,0.0064052739180624,7.828500986099243,0.001,128,3,0.7,1000,True,100,45,35.8190054365322
SIREN,1,outer/12-2_0-0/AuAu200_170kHz_10C_Iter2_3001.xml_TPCMLDataInterface_1.npy,264.01252405455153,22.721758502896183,0.0062507633119821,7.7877092361450195,0.001,128,3,0.7,1000,True,100,45,35.98127019629183
SIREN,1,outer/12-2_0-0/AuAu200_170kHz_10C_Iter2_3001.xml_TPCMLDataInterface_1.npy,282.17438111822287,22.721758502896183,0.0066936039365828,7.787346601486206,0.001,128,3,0.7,1000,True,100,45,35.69233967570056
SIREN,1,outer/12-2_0-0/AuAu200_170kHz_10C_Iter2_3001.xml_TPCMLDataInterface_1.npy,293.81405178003683,22.721758502896183,0.0064509473741054,7.790142774581909,0.001,128,3,0.7,1000,True,100,45,35.5167898650074
SIREN,1,outer/12-2_0-0/AuAu200_170kHz_10C_Iter2_3001.xml_TPCMLDataInterface_1.npy,279.053547523427,22.721758502896183,0.0066641452722251,7.786459684371948,0.001,128,3,0.7,1000,True,100,45,35.74064000824801
SIREN,1,outer/12-2_0-0/AuAu200_170kHz_10C_Iter2_3001.xml_TPCMLDataInterface_1.npy,276.7555338541667,22.721758502896183,0.0066307890228927,7.78740644454956,0.001,128,3,0.7,1000,True,100,45,35.776552352116305
SIREN,1,outer/12-2_0-0/AuAu200_170kHz_10C_Iter2_3001.xml_TPCMLDataInterface_1.npy,319.86615341574634,22.721758502896183,0.0072863539680838,8.719980955123901,0.001,128,3,0.8,1000,True,100,45,35.14783261050759
SIREN,1,outer/12-2_0-0/AuAu200_170kHz_10C_Iter2_3001.xml_TPCMLDataInterface_1.npy,277.29236346427376,22.721758502896183,0.0066125681623816,8.724952697753906,0.001,128,3,0.8,1000,True,100,45,35.76813639344273
SIREN,1,outer/12-2_0-0/AuAu200_170kHz_10C_Iter2_3001.xml_TPCMLDataInterface_1.npy,293.3340811161312,22.721758502896183,0.0067723635584115,8.734043598175049,0.001,128,3,0.8,1000,True,100,45,35.523890242086445
SIREN,1,outer/12-2_0-0/AuAu200_170kHz_10C_Iter2_3001.xml_TPCMLDataInterface_1.npy,283.6386313483099,22.721758502896183,0.0069804987870156,8.72096872329712,0.001,128,3,0.8,1000,True,100,45,35.66986167676319
SIREN,1,outer/12-2_0-0/AuAu200_170kHz_10C_Iter2_3001.xml_TPCMLDataInterface_1.npy,282.933383272674,22.721758502896183,0.0063791126012802,8.761171102523804,0.001,128,3,0.8,1000,True,100,45,35.68067355938032
SIREN,1,outer/12-2_0-0/AuAu200_170kHz_10C_Iter2_3001.xml_TPCMLDataInterface_1.npy,286.1229109144913,22.721758502896183,0.0066662868484854,8.720516204833984,0.001,128,3,0.8,1000,True,100,45,35.63198914011956
SIREN,1,outer/12-2_0-0/AuAu200_170kHz_10C_Iter2_3001.xml_TPCMLDataInterface_1.npy,293.48201007153614,22.721758502896183,0.0069997077807784,8.72083044052124,0.001,128,3,0.8,1000,True,100,45,35.52170063851655
SIREN,1,outer/12-2_0-0/AuAu200_170kHz_10C_Iter2_3001.xml_TPCMLDataInterface_1.npy,286.7431967453146,22.721758502896183,0.0068764435127377,8.752157211303711,0.001,128,3,0.8,1000,True,100,45,35.622584261206164
SIREN,1,outer/12-2_0-0/AuAu200_170kHz_10C_Iter2_3001.xml_TPCMLDataInterface_1.npy,296.4658438441265,22.721758502896183,0.0069759711623191,8.724732637405396,0.001,128,3,0.8,1000,True,100,45,35.4777688372953
SIREN,1,outer/12-2_0-0/AuAu200_170kHz_10C_Iter2_3001.xml_TPCMLDataInterface_1.npy,288.0035480463521,22.721758502896183,0.0066372202709317,8.718838214874268,0.001,128,3,0.8,1000,True,100,45,35.60353710704176
SIREN,1,outer/12-2_0-0/AuAu200_170kHz_10C_Iter2_3001.xml_TPCMLDataInterface_1.npy,299.44002834253683,22.721758502896183,0.0070915562100708,8.731149673461914,0.001,128,3,0.8,1000,True,100,45,35.43441693553969
SIREN,1,outer/12-2_0-0/AuAu200_170kHz_10C_Iter2_3001.xml_TPCMLDataInterface_1.npy,278.5291674510542,22.721758502896183,0.0065413336269557,8.729731321334839,0.001,128,3,0.8,1000,True,100,45,35.74880867750104
SIREN,1,outer/12-2_0-0/AuAu200_170kHz_10C_Iter2_3001.xml_TPCMLDataInterface_1.npy,309.6835872134371,22.721758502896183,0.007176459301263,8.7227041721344,0.001,128,3,0.8,1000,True,100,45,35.28833359785892
SIREN,1,outer/12-2_0-0/AuAu200_170kHz_10C_Iter2_3001.xml_TPCMLDataInterface_1.npy,259.56100835634203,22.721758502896183,0.0061476589180529,8.719746589660645,0.001,128,3,0.8,1000,True,100,45,36.055120961069086
SIREN,1,outer/12-2_0-0/AuAu200_170kHz_10C_Iter2_3001.xml_TPCMLDataInterface_1.npy,290.60888475778114,22.721758502896183,0.0067276917397975,8.721269130706787,0.001,128,3,0.8,1000,True,100,45,35.56442660958244
SIREN,1,outer/12-2_0-0/AuAu200_170kHz_10C_Iter2_3001.xml_TPCMLDataInterface_1.npy,286.9308000230087,22.721758502896183,0.0066328467801213,8.718488931655884,0.001,128,3,0.8,1000,True,100,45,35.61974379530906
SIREN,1,outer/12-2_0-0/AuAu200_170kHz_10C_Iter2_3001.xml_TPCMLDataInterface_1.npy,273.44970114834337,22.721758502896183,0.0064416863024234,8.719874620437622,0.001,128,3,0.8,1000,True,100,45,35.82874095694195
SIREN,1,outer/12-2_0-0/AuAu200_170kHz_10C_Iter2_3001.xml_TPCMLDataInterface_1.npy,285.6827649138219,22.721758502896183,0.0068917777389287,8.72320032119751,0.001,128,3,0.8,1000,True,100,45,35.63867508344458
SIREN,1,outer/12-2_0-0/AuAu200_170kHz_10C_Iter2_3001.xml_TPCMLDataInterface_1.npy,278.7707731969545,22.721758502896183,0.0065945610404014,8.719082117080688,0.001,128,3,0.8,1000,True,100,45,35.74504309128216
SIREN,1,outer/12-2_0-0/AuAu200_170kHz_10C_Iter2_3001.xml_TPCMLDataInterface_1.npy,296.9324210906124,22.721758502896183,0.0068397698923945,8.719900131225586,0.001,128,3,0.8,1000,True,100,45,35.47093929372355
SIREN,1,outer/12-2_0-0/AuAu200_170kHz_10C_Iter2_3001.xml_TPCMLDataInterface_1.npy,296.7669493076473,22.721758502896183,0.0069408467970788,9.647876977920532,0.001,128,3,0.9,1000,True,100,45,35.473360164881456
SIREN,1,outer/12-2_0-0/AuAu200_170kHz_10C_Iter2_3001.xml_TPCMLDataInterface_1.npy,278.89752107387886,22.721758502896183,0.0069415080361068,9.649465799331663,0.001,128,3,0.9,1000,True,100,45,35.74306894625529
SIREN,1,outer/12-2_0-0/AuAu200_170kHz_10C_Iter2_3001.xml_TPCMLDataInterface_1.npy,273.4917809257865,22.721758502896183,0.0063644098117947,9.655221700668337,0.001,128,3,0.9,1000,True,100,45,35.82807269476845
SIREN,1,outer/12-2_0-0/AuAu200_170kHz_10C_Iter2_3001.xml_TPCMLDataInterface_1.npy,309.1663855944612,22.721758502896183,0.0071549154818058,9.65056324005127,0.001,128,3,0.9,1000,True,100,45,35.29559280029308
SIREN,1,outer/12-2_0-0/AuAu200_170kHz_10C_Iter2_3001.xml_TPCMLDataInterface_1.npy,301.5390219733099,22.721758502896183,0.0067843389697372,9.733905792236328,0.001,128,3,0.9,1000,True,100,45,35.40408026881029
SIREN,1,outer/12-2_0-0/AuAu200_170kHz_10C_Iter2_3001.xml_TPCMLDataInterface_1.npy,282.62811271126174,22.721758502896183,0.0065977983176708,9.675711393356323,0.001,128,3,0.9,1000,True,100,45,35.68536190305737
SIREN,1,outer/12-2_0-0/AuAu200_170kHz_10C_Iter2_3001.xml_TPCMLDataInterface_1.npy,294.79920724564926,22.721758502896183,0.0066924188286066,9.645427465438845,0.001,128,3,0.9,1000,True,100,45,35.50225237454238
SIREN,1,outer/12-2_0-0/AuAu200_170kHz_10C_Iter2_3001.xml_TPCMLDataInterface_1.npy,285.5067444256192,22.721758502896183,0.0068022306077182,9.6495943069458,0.001,128,3,0.9,1000,True,100,45,35.64135176877925
SIREN,1,outer/12-2_0-0/AuAu200_170kHz_10C_Iter2_3001.xml_TPCMLDataInterface_1.npy,277.6050726342871,22.721758502896183,0.0063993730582296,9.64847993850708,0.001,128,3,0.9,1000,True,100,45,35.7632415111629
SIREN,1,outer/12-2_0-0/AuAu200_170kHz_10C_Iter2_3001.xml_TPCMLDataInterface_1.npy,277.05627980672693,22.721758502896183,0.0063709733076393,9.65322732925415,0.001,128,3,0.9,1000,True,100,45,35.771835503639295
SIREN,1,outer/12-2_0-0/AuAu200_170kHz_10C_Iter2_3001.xml_TPCMLDataInterface_1.npy,292.5466501422356,22.721758502896183,0.0065045300871133,9.648732423782349,0.001,128,3,0.9,1000,True,100,45,35.53556419258557
SIREN,1,outer/12-2_0-0/AuAu200_170kHz_10C_Iter2_3001.xml_TPCMLDataInterface_1.npy,285.44181936077644,22.721758502896183,0.0066967750899493,9.64586305618286,0.001,128,3,0.9,1000,True,100,45,35.642339479382564
SIREN,1,outer/12-2_0-0/AuAu200_170kHz_10C_Iter2_3001.xml_TPCMLDataInterface_1.npy,318.1134564298862,22.721758502896183,0.0075171021744608,9.649009704589844,0.001,128,3,0.9,1000,True,100,45,35.17169508299651
SIREN,1,outer/12-2_0-0/AuAu200_170kHz_10C_Iter2_3001.xml_TPCMLDataInterface_1.npy,278.1294801602242,22.721758502896183,0.0061145178042352,9.777934789657593,0.001,128,3,0.9,1000,True,100,45,35.755045246912786
SIREN,1,outer/12-2_0-0/AuAu200_170kHz_10C_Iter2_3001.xml_TPCMLDataInterface_1.npy,313.5514322916667,22.721758502896183,0.0072812843136489,9.674007892608644,0.001,128,3,0.9,1000,True,100,45,35.23442759809615
SIREN,1,outer/12-2_0-0/AuAu200_170kHz_10C_Iter2_3001.xml_TPCMLDataInterface_1.npy,267.8151643030455,22.721758502896183,0.0062536648474633,9.6469464302063,0.001,128,3,0.9,1000,True,100,45,35.91916384654653
SIREN,1,outer/12-2_0-0/AuAu200_170kHz_10C_Iter2_3001.xml_TPCMLDataInterface_1.npy,283.3691157860609,22.721758502896183,0.0064804498106241,9.64959716796875,0.001,128,3,0.9,1000,True,100,45,35.673990337469455
SIREN,1,outer/12-2_0-0/AuAu200_170kHz_10C_Iter2_3001.xml_TPCMLDataInterface_1.npy,282.4536453104083,22.721758502896183,0.0066917301155626,9.649200677871704,0.001,128,3,0.9,1000,True,100,45,35.68804364709864
SIREN,1,outer/12-2_0-0/AuAu200_170kHz_10C_Iter2_3001.xml_TPCMLDataInterface_1.npy,266.8012610337182,22.721758502896183,0.0061009265482425,9.65954613685608,0.001,128,3,0.9,1000,True,100,45,35.93563670828834
SIREN,1,outer/12-2_0-0/AuAu200_170kHz_10C_Iter2_3001.xml_TPCMLDataInterface_1.npy,294.710874748996,22.721758502896183,0.0064572291448712,9.65496063232422,0.001,128,3,0.9,1000,True,100,45,35.50355387276363
SIREN,1,outer/12-2_0-0/AuAu200_170kHz_10C_Iter2_3001.xml_TPCMLDataInterface_1.npy,267.42001992344376,22.721758502896183,0.0060969623737037,10.58060598373413,0.001,128,3,1.0,1000,True,100,45,35.9255763194127
SIREN,1,outer/12-2_0-0/AuAu200_170kHz_10C_Iter2_3001.xml_TPCMLDataInterface_1.npy,285.8803639035308,22.721758502896183,0.0066773681901395,10.584638595581056,0.001,128,3,1.0,1000,True,100,45,35.63567222514416
SIREN,1,outer/12-2_0-0/AuAu200_170kHz_10C_Iter2_3001.xml_TPCMLDataInterface_1.npy,259.45547554802545,22.721758502896183,0.005937157664448,10.581024408340454,0.001,128,3,1.0,1000,True,100,45,36.056887082892366
SIREN,1,outer/12-2_0-0/AuAu200_170kHz_10C_Iter2_3001.xml_TPCMLDataInterface_1.npy,295.91216689675366,22.721758502896183,0.0068246414884924,10.57557463645935,0.001,128,3,1.0,1000,True,100,45,35.485887265348445
SIREN,1,outer/12-2_0-0/AuAu200_170kHz_10C_Iter2_3001.xml_TPCMLDataInterface_1.npy,318.542617082915,22.721758502896183,0.0068213553167879,10.578757047653198,0.001,128,3,1.0,1000,True,100,45,35.16584004950371
SIREN,1,outer/12-2_0-0/AuAu200_170kHz_10C_Iter2_3001.xml_TPCMLDataInterface_1.npy,291.90331116131193,22.721758502896183,0.0067860223352909,10.57802700996399,0.001,128,3,1.0,1000,True,100,45,35.54512527396991
SIREN,1,outer/12-2_0-0/AuAu200_170kHz_10C_Iter2_3001.xml_TPCMLDataInterface_1.npy,299.78711460425035,22.721758502896183,0.0068225073628127,10.575789213180542,0.001,128,3,1.0,1000,True,100,45,35.42938586620853
SIREN,1,outer/12-2_0-0/AuAu200_170kHz_10C_Iter2_3001.xml_TPCMLDataInterface_1.npy,299.941390562249,22.721758502896183,0.0068877697922289,10.583137512207031,0.001,128,3,1.0,1000,True,100,45,35.42715148187796
SIREN,1,outer/12-2_0-0/AuAu200_170kHz_10C_Iter2_3001.xml_TPCMLDataInterface_1.npy,295.07631437207164,22.721758502896183,0.0068856664001941,10.578010320663452,0.001,128,3,1.0,1000,True,100,45,35.49817198468575
SIREN,1,outer/12-2_0-0/AuAu200_170kHz_10C_Iter2_3001.xml_TPCMLDataInterface_1.npy,285.99695396168005,22.721758502896183,0.006722813937813,10.57300066947937,0.001,128,3,1.0,1000,True,100,45,35.63390141108951
SIREN,1,outer/12-2_0-0/AuAu200_170kHz_10C_Iter2_3001.xml_TPCMLDataInterface_1.npy,303.0046801790496,22.721758502896183,0.0073030558414757,10.580044746398926,0.001,128,3,1.0,1000,True,100,45,35.38302212145187
SIREN,1,outer/12-2_0-0/AuAu200_170kHz_10C_Iter2_3001.xml_TPCMLDataInterface_1.npy,338.3351047418842,22.721758502896183,0.0074971937574446,10.626369714736938,0.001,128,3,1.0,1000,True,100,45,34.90404487412067
SIREN,1,outer/12-2_0-0/AuAu200_170kHz_10C_Iter2_3001.xml_TPCMLDataInterface_1.npy,276.60394573084005,22.721758502896183,0.0064139692112803,10.610028982162476,0.001,128,3,1.0,1000,True,100,45,35.77893177777209
SIREN,1,outer/12-2_0-0/AuAu200_170kHz_10C_Iter2_3001.xml_TPCMLDataInterface_1.npy,292.7189343310743,22.721758502896183,0.006815371569246,10.574222803115845,0.001,128,3,1.0,1000,True,100,45,35.53300733372771
SIREN,1,outer/12-2_0-0/AuAu200_170kHz_10C_Iter2_3001.xml_TPCMLDataInterface_1.npy,279.24991371736945,22.721758502896183,0.0067268759012222,10.592057943344116,0.001,128,3,1.0,1000,True,100,45,35.7375850116772
SIREN,1,outer/12-2_0-0/AuAu200_170kHz_10C_Iter2_3001.xml_TPCMLDataInterface_1.npy,315.4696938796854,22.721758502896183,0.0071151233278214,10.579086542129517,0.001,128,3,1.0,1000,True,100,45,35.207939044040664
SIREN,1,outer/12-2_0-0/AuAu200_170kHz_10C_Iter2_3001.xml_TPCMLDataInterface_1.npy,285.66117856844045,22.721758502896183,0.0065627233125269,10.578097105026243,0.001,128,3,1.0,1000,True,100,45,35.639003251119945
SIREN,1,outer/12-2_0-0/AuAu200_170kHz_10C_Iter2_3001.xml_TPCMLDataInterface_1.npy,271.2484756735274,22.721758502896183,0.0064531099051237,10.572129011154177,0.001,128,3,1.0,1000,True,100,45,35.863842424945986
SIREN,1,outer/12-2_0-0/AuAu200_170kHz_10C_Iter2_3001.xml_TPCMLDataInterface_1.npy,298.5175362909973,22.721758502896183,0.0069752647541463,10.617672204971312,0.001,128,3,1.0,1000,True,100,45,35.44781700099987
SIREN,1,outer/12-2_0-0/AuAu200_170kHz_10C_Iter2_3001.xml_TPCMLDataInterface_1.npy,315.647960330907,22.721758502896183,0.007270379923284,10.582308769226074,0.001,128,3,1.0,1000,True,100,45,35.20548561439513
