model,data_sample,file_name,original_mse,compression_ratio,transformed_mse,training_time,lr,hidden_features,hidden_layers,max_iters,outermost_linear,original_psnr
Gaussian,1,outer/12-2_0-0/AuAu200_170kHz_10C_Iter2_3001.xml_TPCMLDataInterface_1.npy,1623.8610601259204,88.5230876056012,0.0286165419965982,0.7030601501464844,0.001,64,3,100,True,28.092026811291618
Gaussian,2,outer/12-2_1-0/AuAu200_170kHz_10C_Iter2_3001.xml_TPCMLDataInterface_1.npy,1907.0226910245144,88.5230876056012,0.0301415920257568,0.686586856842041,0.001,64,3,100,True,27.39395688165706
Gaussian,3,outer/12-2_2-0/AuAu200_170kHz_10C_Iter2_3001.xml_TPCMLDataInterface_1.npy,1528.389654974063,88.5230876056012,0.0270257871598005,0.6837108135223389,0.001,64,3,100,True,28.355174592972276
Gaussian,4,outer/12-2_3-0/AuAu200_170kHz_10C_Iter2_3001.xml_TPCMLDataInterface_1.npy,1431.963248828648,88.5230876056012,0.0272280480712652,0.6845273971557617,0.001,64,3,100,True,28.63819676769929
Gaussian,5,outer/12-2_4-0/AuAu200_170kHz_10C_Iter2_3001.xml_TPCMLDataInterface_1.npy,1391.6711768950804,88.5230876056012,0.0278958715498447,0.6832332611083984,0.001,64,3,100,True,28.762149161719424
Gaussian,1,outer/12-2_0-0/AuAu200_170kHz_10C_Iter2_3001.xml_TPCMLDataInterface_1.npy,1623.8610601259204,88.5230876056012,0.0290073975920677,0.6864955425262451,0.001,64,3,100,False,28.092026811291618
Gaussian,2,outer/12-2_1-0/AuAu200_170kHz_10C_Iter2_3001.xml_TPCMLDataInterface_1.npy,1907.0226910245144,88.5230876056012,0.0301876235753297,0.6864404678344727,0.001,64,3,100,False,27.39395688165706
Gaussian,3,outer/12-2_2-0/AuAu200_170kHz_10C_Iter2_3001.xml_TPCMLDataInterface_1.npy,1528.389654974063,88.5230876056012,0.0292834509164094,0.6871159076690674,0.001,64,3,100,False,28.355174592972276
Gaussian,4,outer/12-2_3-0/AuAu200_170kHz_10C_Iter2_3001.xml_TPCMLDataInterface_1.npy,1431.963248828648,88.5230876056012,0.0295469239354133,0.6866447925567627,0.001,64,3,100,False,28.63819676769929
Gaussian,5,outer/12-2_4-0/AuAu200_170kHz_10C_Iter2_3001.xml_TPCMLDataInterface_1.npy,1391.6711768950804,88.5230876056012,0.0277340691536664,0.686286449432373,0.001,64,3,100,False,28.762149161719424
Gaussian,1,outer/12-2_0-0/AuAu200_170kHz_10C_Iter2_3001.xml_TPCMLDataInterface_1.npy,1623.8610601259204,88.5230876056012,0.0279771536588668,3.401559591293335,0.001,64,3,500,True,28.092026811291618
Gaussian,2,outer/12-2_1-0/AuAu200_170kHz_10C_Iter2_3001.xml_TPCMLDataInterface_1.npy,1907.0226910245144,88.5230876056012,0.0300605334341526,3.402010679244995,0.001,64,3,500,True,27.39395688165706
Gaussian,3,outer/12-2_2-0/AuAu200_170kHz_10C_Iter2_3001.xml_TPCMLDataInterface_1.npy,1528.389654974063,88.5230876056012,0.0269583407789468,3.40190052986145,0.001,64,3,500,True,28.355174592972276
Gaussian,4,outer/12-2_3-0/AuAu200_170kHz_10C_Iter2_3001.xml_TPCMLDataInterface_1.npy,1431.963248828648,88.5230876056012,0.0270230136811733,3.404280424118042,0.001,64,3,500,True,28.63819676769929
Gaussian,5,outer/12-2_4-0/AuAu200_170kHz_10C_Iter2_3001.xml_TPCMLDataInterface_1.npy,1391.6711768950804,88.5230876056012,0.0276252124458551,3.4034242630004883,0.001,64,3,500,True,28.762149161719424
Gaussian,1,outer/12-2_0-0/AuAu200_170kHz_10C_Iter2_3001.xml_TPCMLDataInterface_1.npy,1623.8610601259204,88.5230876056012,0.0279572159051895,3.422271013259888,0.001,64,3,500,False,28.092026811291618
Gaussian,2,outer/12-2_1-0/AuAu200_170kHz_10C_Iter2_3001.xml_TPCMLDataInterface_1.npy,1907.0226910245144,88.5230876056012,0.0301519520580768,3.420910596847534,0.001,64,3,500,False,27.39395688165706
Gaussian,3,outer/12-2_2-0/AuAu200_170kHz_10C_Iter2_3001.xml_TPCMLDataInterface_1.npy,1528.389654974063,88.5230876056012,0.0270048398524522,3.420565605163574,0.001,64,3,500,False,28.355174592972276
Gaussian,4,outer/12-2_3-0/AuAu200_170kHz_10C_Iter2_3001.xml_TPCMLDataInterface_1.npy,1431.963248828648,88.5230876056012,0.0270617511123418,3.4209413528442383,0.001,64,3,500,False,28.63819676769929
Gaussian,5,outer/12-2_4-0/AuAu200_170kHz_10C_Iter2_3001.xml_TPCMLDataInterface_1.npy,1391.6711768950804,88.5230876056012,0.0277316439896821,3.418297052383423,0.001,64,3,500,False,28.762149161719424
Gaussian,1,outer/12-2_0-0/AuAu200_170kHz_10C_Iter2_3001.xml_TPCMLDataInterface_1.npy,1623.8610601259204,88.5230876056012,0.0279467534273862,6.800675392150879,0.001,64,3,1000,True,28.092026811291618
Gaussian,2,outer/12-2_1-0/AuAu200_170kHz_10C_Iter2_3001.xml_TPCMLDataInterface_1.npy,1907.0226910245144,88.5230876056012,0.0300653930753469,6.8016908168792725,0.001,64,3,1000,True,27.39395688165706
Gaussian,3,outer/12-2_2-0/AuAu200_170kHz_10C_Iter2_3001.xml_TPCMLDataInterface_1.npy,1528.389654974063,88.5230876056012,0.0269908010959625,6.799972295761108,0.001,64,3,1000,True,28.355174592972276
Gaussian,4,outer/12-2_3-0/AuAu200_170kHz_10C_Iter2_3001.xml_TPCMLDataInterface_1.npy,1431.963248828648,88.5230876056012,0.0269953198730945,6.802132844924927,0.001,64,3,1000,True,28.63819676769929
Gaussian,5,outer/12-2_4-0/AuAu200_170kHz_10C_Iter2_3001.xml_TPCMLDataInterface_1.npy,1391.6711768950804,88.5230876056012,0.0276660304516553,6.801396608352661,0.001,64,3,1000,True,28.762149161719424
Gaussian,1,outer/12-2_0-0/AuAu200_170kHz_10C_Iter2_3001.xml_TPCMLDataInterface_1.npy,1623.8610601259204,88.5230876056012,0.0278771687299013,6.83725118637085,0.001,64,3,1000,False,28.092026811291618
Gaussian,2,outer/12-2_1-0/AuAu200_170kHz_10C_Iter2_3001.xml_TPCMLDataInterface_1.npy,1907.0226910245144,88.5230876056012,0.0301168449223041,6.835863590240479,0.001,64,3,1000,False,27.39395688165706
Gaussian,3,outer/12-2_2-0/AuAu200_170kHz_10C_Iter2_3001.xml_TPCMLDataInterface_1.npy,1528.389654974063,88.5230876056012,0.0269925519824028,6.834412574768066,0.001,64,3,1000,False,28.355174592972276
Gaussian,4,outer/12-2_3-0/AuAu200_170kHz_10C_Iter2_3001.xml_TPCMLDataInterface_1.npy,1431.963248828648,88.5230876056012,0.0269788391888141,6.836655378341675,0.001,64,3,1000,False,28.63819676769929
Gaussian,5,outer/12-2_4-0/AuAu200_170kHz_10C_Iter2_3001.xml_TPCMLDataInterface_1.npy,1391.6711768950804,88.5230876056012,0.0277154613286256,6.832436561584473,0.001,64,3,1000,False,28.762149161719424
Gaussian,1,outer/12-2_0-0/AuAu200_170kHz_10C_Iter2_3001.xml_TPCMLDataInterface_1.npy,1623.8610601259204,88.5230876056012,0.0279190316796302,13.600923776626589,0.001,64,3,2000,True,28.092026811291618
Gaussian,2,outer/12-2_1-0/AuAu200_170kHz_10C_Iter2_3001.xml_TPCMLDataInterface_1.npy,1907.0226910245144,88.5230876056012,0.0300310272723436,13.597256660461426,0.001,64,3,2000,True,27.39395688165706
Gaussian,3,outer/12-2_2-0/AuAu200_170kHz_10C_Iter2_3001.xml_TPCMLDataInterface_1.npy,1528.389654974063,88.5230876056012,0.0269432738423347,13.598050832748411,0.001,64,3,2000,True,28.355174592972276
Gaussian,4,outer/12-2_3-0/AuAu200_170kHz_10C_Iter2_3001.xml_TPCMLDataInterface_1.npy,1431.963248828648,88.5230876056012,0.0269757993519306,13.597873210906982,0.001,64,3,2000,True,28.63819676769929
Gaussian,5,outer/12-2_4-0/AuAu200_170kHz_10C_Iter2_3001.xml_TPCMLDataInterface_1.npy,1391.6711768950804,88.5230876056012,0.027653669938445,13.59817886352539,0.001,64,3,2000,True,28.762149161719424
Gaussian,1,outer/12-2_0-0/AuAu200_170kHz_10C_Iter2_3001.xml_TPCMLDataInterface_1.npy,1623.8610601259204,88.5230876056012,0.0275578573346138,13.666849851608276,0.001,64,3,2000,False,28.092026811291618
Gaussian,2,outer/12-2_1-0/AuAu200_170kHz_10C_Iter2_3001.xml_TPCMLDataInterface_1.npy,1907.0226910245144,88.5230876056012,0.0300774984061718,13.665435075759888,0.001,64,3,2000,False,27.39395688165706
Gaussian,3,outer/12-2_2-0/AuAu200_170kHz_10C_Iter2_3001.xml_TPCMLDataInterface_1.npy,1528.389654974063,88.5230876056012,0.026896633207798,13.662404298782349,0.001,64,3,2000,False,28.355174592972276
Gaussian,4,outer/12-2_3-0/AuAu200_170kHz_10C_Iter2_3001.xml_TPCMLDataInterface_1.npy,1431.963248828648,88.5230876056012,0.0269905906170606,13.66228437423706,0.001,64,3,2000,False,28.63819676769929
Gaussian,5,outer/12-2_4-0/AuAu200_170kHz_10C_Iter2_3001.xml_TPCMLDataInterface_1.npy,1391.6711768950804,88.5230876056012,0.0276392884552478,13.661110639572144,0.001,64,3,2000,False,28.762149161719424
Gaussian,1,outer/12-2_0-0/AuAu200_170kHz_10C_Iter2_3001.xml_TPCMLDataInterface_1.npy,1623.8610601259204,59.7553316147176,0.0279667247086763,0.9089717864990234,0.001,64,4,100,True,28.092026811291618
Gaussian,2,outer/12-2_1-0/AuAu200_170kHz_10C_Iter2_3001.xml_TPCMLDataInterface_1.npy,1907.0226910245144,59.7553316147176,0.0301549769937992,0.908644437789917,0.001,64,4,100,True,27.39395688165706
Gaussian,3,outer/12-2_2-0/AuAu200_170kHz_10C_Iter2_3001.xml_TPCMLDataInterface_1.npy,1528.389654974063,59.7553316147176,0.0270345490425825,0.9079372882843018,0.001,64,4,100,True,28.355174592972276
Gaussian,4,outer/12-2_3-0/AuAu200_170kHz_10C_Iter2_3001.xml_TPCMLDataInterface_1.npy,1431.963248828648,59.7553316147176,0.0271527133882045,0.9084300994873048,0.001,64,4,100,True,28.63819676769929
Gaussian,5,outer/12-2_4-0/AuAu200_170kHz_10C_Iter2_3001.xml_TPCMLDataInterface_1.npy,1391.6711768950804,59.7553316147176,0.0277535878121852,0.908820390701294,0.001,64,4,100,True,28.762149161719424
Gaussian,1,outer/12-2_0-0/AuAu200_170kHz_10C_Iter2_3001.xml_TPCMLDataInterface_1.npy,1623.8610601259204,59.7553316147176,0.0280485115945339,0.911219358444214,0.001,64,4,100,False,28.092026811291618
Gaussian,2,outer/12-2_1-0/AuAu200_170kHz_10C_Iter2_3001.xml_TPCMLDataInterface_1.npy,1907.0226910245144,59.7553316147176,0.0302424449473619,0.910888671875,0.001,64,4,100,False,27.39395688165706
Gaussian,3,outer/12-2_2-0/AuAu200_170kHz_10C_Iter2_3001.xml_TPCMLDataInterface_1.npy,1528.389654974063,59.7553316147176,0.0271553490310907,0.9111089706420898,0.001,64,4,100,False,28.355174592972276
Gaussian,4,outer/12-2_3-0/AuAu200_170kHz_10C_Iter2_3001.xml_TPCMLDataInterface_1.npy,1431.963248828648,59.7553316147176,0.0272514149546623,0.912043571472168,0.001,64,4,100,False,28.63819676769929
Gaussian,5,outer/12-2_4-0/AuAu200_170kHz_10C_Iter2_3001.xml_TPCMLDataInterface_1.npy,1391.6711768950804,59.7553316147176,0.0277369413524866,0.9111366271972656,0.001,64,4,100,False,28.762149161719424
Gaussian,1,outer/12-2_0-0/AuAu200_170kHz_10C_Iter2_3001.xml_TPCMLDataInterface_1.npy,1623.8610601259204,59.7553316147176,0.0279480013996362,4.526249885559082,0.001,64,4,500,True,28.092026811291618
Gaussian,2,outer/12-2_1-0/AuAu200_170kHz_10C_Iter2_3001.xml_TPCMLDataInterface_1.npy,1907.0226910245144,59.7553316147176,0.0300773251801729,4.526105165481567,0.001,64,4,500,True,27.39395688165706
Gaussian,3,outer/12-2_2-0/AuAu200_170kHz_10C_Iter2_3001.xml_TPCMLDataInterface_1.npy,1528.389654974063,59.7553316147176,0.0269919913262128,4.526583433151245,0.001,64,4,500,True,28.355174592972276
Gaussian,4,outer/12-2_3-0/AuAu200_170kHz_10C_Iter2_3001.xml_TPCMLDataInterface_1.npy,1431.963248828648,59.7553316147176,0.0270106755197048,4.527177333831787,0.001,64,4,500,True,28.63819676769929
Gaussian,5,outer/12-2_4-0/AuAu200_170kHz_10C_Iter2_3001.xml_TPCMLDataInterface_1.npy,1391.6711768950804,59.7553316147176,0.0277361199259758,4.52632737159729,0.001,64,4,500,True,28.762149161719424
Gaussian,1,outer/12-2_0-0/AuAu200_170kHz_10C_Iter2_3001.xml_TPCMLDataInterface_1.npy,1623.8610601259204,59.7553316147176,0.0279539003968238,4.543161630630493,0.001,64,4,500,False,28.092026811291618
Gaussian,2,outer/12-2_1-0/AuAu200_170kHz_10C_Iter2_3001.xml_TPCMLDataInterface_1.npy,1907.0226910245144,59.7553316147176,0.0301505327224731,4.543152093887329,0.001,64,4,500,False,27.39395688165706
Gaussian,3,outer/12-2_2-0/AuAu200_170kHz_10C_Iter2_3001.xml_TPCMLDataInterface_1.npy,1528.389654974063,59.7553316147176,0.0270059891045093,4.542646646499634,0.001,64,4,500,False,28.355174592972276
Gaussian,4,outer/12-2_3-0/AuAu200_170kHz_10C_Iter2_3001.xml_TPCMLDataInterface_1.npy,1431.963248828648,59.7553316147176,0.027041308581829,4.542474031448364,0.001,64,4,500,False,28.63819676769929
Gaussian,5,outer/12-2_4-0/AuAu200_170kHz_10C_Iter2_3001.xml_TPCMLDataInterface_1.npy,1391.6711768950804,59.7553316147176,0.027707852423191,4.543552398681641,0.001,64,4,500,False,28.762149161719424
Gaussian,1,outer/12-2_0-0/AuAu200_170kHz_10C_Iter2_3001.xml_TPCMLDataInterface_1.npy,1623.8610601259204,59.7553316147176,0.0279416441917419,9.050798177719116,0.001,64,4,1000,True,28.092026811291618
Gaussian,2,outer/12-2_1-0/AuAu200_170kHz_10C_Iter2_3001.xml_TPCMLDataInterface_1.npy,1907.0226910245144,59.7553316147176,0.0301020592451095,9.04903793334961,0.001,64,4,1000,True,27.39395688165706
Gaussian,3,outer/12-2_2-0/AuAu200_170kHz_10C_Iter2_3001.xml_TPCMLDataInterface_1.npy,1528.389654974063,59.7553316147176,0.0269628819078207,9.049340724945068,0.001,64,4,1000,True,28.355174592972276
Gaussian,4,outer/12-2_3-0/AuAu200_170kHz_10C_Iter2_3001.xml_TPCMLDataInterface_1.npy,1431.963248828648,59.7553316147176,0.0269915871322155,9.050288200378418,0.001,64,4,1000,True,28.63819676769929
Gaussian,5,outer/12-2_4-0/AuAu200_170kHz_10C_Iter2_3001.xml_TPCMLDataInterface_1.npy,1391.6711768950804,59.7553316147176,0.0279898792505264,9.04943871498108,0.001,64,4,1000,True,28.762149161719424
Gaussian,1,outer/12-2_0-0/AuAu200_170kHz_10C_Iter2_3001.xml_TPCMLDataInterface_1.npy,1623.8610601259204,59.7553316147176,0.0279404409229755,9.082594394683838,0.001,64,4,1000,False,28.092026811291618
Gaussian,2,outer/12-2_1-0/AuAu200_170kHz_10C_Iter2_3001.xml_TPCMLDataInterface_1.npy,1907.0226910245144,59.7553316147176,0.0301251076161861,9.082157135009766,0.001,64,4,1000,False,27.39395688165706
Gaussian,3,outer/12-2_2-0/AuAu200_170kHz_10C_Iter2_3001.xml_TPCMLDataInterface_1.npy,1528.389654974063,59.7553316147176,0.026988998055458,9.08328652381897,0.001,64,4,1000,False,28.355174592972276
Gaussian,4,outer/12-2_3-0/AuAu200_170kHz_10C_Iter2_3001.xml_TPCMLDataInterface_1.npy,1431.963248828648,59.7553316147176,0.0270333848893642,9.083342790603638,0.001,64,4,1000,False,28.63819676769929
Gaussian,5,outer/12-2_4-0/AuAu200_170kHz_10C_Iter2_3001.xml_TPCMLDataInterface_1.npy,1391.6711768950804,59.7553316147176,0.0277115441858768,9.081976652145386,0.001,64,4,1000,False,28.762149161719424
Gaussian,1,outer/12-2_0-0/AuAu200_170kHz_10C_Iter2_3001.xml_TPCMLDataInterface_1.npy,1623.8610601259204,59.7553316147176,0.0277681928128004,18.09783148765564,0.001,64,4,2000,True,28.092026811291618
Gaussian,2,outer/12-2_1-0/AuAu200_170kHz_10C_Iter2_3001.xml_TPCMLDataInterface_1.npy,1907.0226910245144,59.7553316147176,0.0300576817244291,18.09513235092163,0.001,64,4,2000,True,27.39395688165706
Gaussian,3,outer/12-2_2-0/AuAu200_170kHz_10C_Iter2_3001.xml_TPCMLDataInterface_1.npy,1528.389654974063,59.7553316147176,0.0268735494464635,18.09549689292908,0.001,64,4,2000,True,28.355174592972276
Gaussian,4,outer/12-2_3-0/AuAu200_170kHz_10C_Iter2_3001.xml_TPCMLDataInterface_1.npy,1431.963248828648,59.7553316147176,0.0269348118454217,18.09805941581726,0.001,64,4,2000,True,28.63819676769929
Gaussian,5,outer/12-2_4-0/AuAu200_170kHz_10C_Iter2_3001.xml_TPCMLDataInterface_1.npy,1391.6711768950804,59.7553316147176,0.0276120193302631,18.09645175933838,0.001,64,4,2000,True,28.762149161719424
Gaussian,1,outer/12-2_0-0/AuAu200_170kHz_10C_Iter2_3001.xml_TPCMLDataInterface_1.npy,1623.8610601259204,59.7553316147176,0.0279254596680402,18.164674758911133,0.001,64,4,2000,False,28.092026811291618
Gaussian,2,outer/12-2_1-0/AuAu200_170kHz_10C_Iter2_3001.xml_TPCMLDataInterface_1.npy,1907.0226910245144,59.7553316147176,0.0300574731081724,18.15863394737244,0.001,64,4,2000,False,27.39395688165706
Gaussian,3,outer/12-2_2-0/AuAu200_170kHz_10C_Iter2_3001.xml_TPCMLDataInterface_1.npy,1528.389654974063,59.7553316147176,0.0268546696752309,18.160554885864254,0.001,64,4,2000,False,28.355174592972276
Gaussian,4,outer/12-2_3-0/AuAu200_170kHz_10C_Iter2_3001.xml_TPCMLDataInterface_1.npy,1433.2207175054384,59.7553316147176,0.0265620946884155,18.16010928153992,0.001,64,4,2000,False,28.634384714100108
Gaussian,5,outer/12-2_4-0/AuAu200_170kHz_10C_Iter2_3001.xml_TPCMLDataInterface_1.npy,1391.6711768950804,59.7553316147176,0.0274279620498418,18.159977436065677,0.001,64,4,2000,False,28.762149161719424
Gaussian,1,outer/12-2_0-0/AuAu200_170kHz_10C_Iter2_3001.xml_TPCMLDataInterface_1.npy,1623.8610601259204,22.721758502896183,0.0280432384461164,1.4506545066833496,0.001,128,3,100,True,28.092026811291618
Gaussian,2,outer/12-2_1-0/AuAu200_170kHz_10C_Iter2_3001.xml_TPCMLDataInterface_1.npy,1907.0226910245144,22.721758502896183,0.030115270987153,1.4512939453125,0.001,128,3,100,True,27.39395688165706
Gaussian,3,outer/12-2_2-0/AuAu200_170kHz_10C_Iter2_3001.xml_TPCMLDataInterface_1.npy,1528.389654974063,22.721758502896183,0.0270530972629785,1.449537992477417,0.001,128,3,100,True,28.355174592972276
Gaussian,4,outer/12-2_3-0/AuAu200_170kHz_10C_Iter2_3001.xml_TPCMLDataInterface_1.npy,1431.963248828648,22.721758502896183,0.0270645730197429,1.4496147632598877,0.001,128,3,100,True,28.63819676769929
Gaussian,5,outer/12-2_4-0/AuAu200_170kHz_10C_Iter2_3001.xml_TPCMLDataInterface_1.npy,1391.6711768950804,22.721758502896183,0.027783527970314,1.4496333599090576,0.001,128,3,100,True,28.762149161719424
Gaussian,1,outer/12-2_0-0/AuAu200_170kHz_10C_Iter2_3001.xml_TPCMLDataInterface_1.npy,1623.8610601259204,22.721758502896183,0.0310540106147527,1.4531383514404297,0.001,128,3,100,False,28.092026811291618
Gaussian,2,outer/12-2_1-0/AuAu200_170kHz_10C_Iter2_3001.xml_TPCMLDataInterface_1.npy,1907.0226910245144,22.721758502896183,0.0342509932816028,1.4529845714569092,0.001,128,3,100,False,27.39395688165706
Gaussian,3,outer/12-2_2-0/AuAu200_170kHz_10C_Iter2_3001.xml_TPCMLDataInterface_1.npy,1528.389654974063,22.721758502896183,0.030293770134449,1.4541518688201904,0.001,128,3,100,False,28.355174592972276
Gaussian,4,outer/12-2_3-0/AuAu200_170kHz_10C_Iter2_3001.xml_TPCMLDataInterface_1.npy,1431.963248828648,22.721758502896183,0.0301008131355047,1.452955722808838,0.001,128,3,100,False,28.63819676769929
Gaussian,5,outer/12-2_4-0/AuAu200_170kHz_10C_Iter2_3001.xml_TPCMLDataInterface_1.npy,1391.6711768950804,22.721758502896183,0.0291474685072898,1.4536268711090088,0.001,128,3,100,False,28.762149161719424
Gaussian,1,outer/12-2_0-0/AuAu200_170kHz_10C_Iter2_3001.xml_TPCMLDataInterface_1.npy,1623.8610601259204,22.721758502896183,0.0279201604425907,7.237192392349243,0.001,128,3,500,True,28.092026811291618
Gaussian,2,outer/12-2_1-0/AuAu200_170kHz_10C_Iter2_3001.xml_TPCMLDataInterface_1.npy,1907.0226910245144,22.721758502896183,0.0300827287137508,7.237339735031128,0.001,128,3,500,True,27.39395688165706
Gaussian,3,outer/12-2_2-0/AuAu200_170kHz_10C_Iter2_3001.xml_TPCMLDataInterface_1.npy,1528.389654974063,22.721758502896183,0.0269542578607797,7.237508058547974,0.001,128,3,500,True,28.355174592972276
Gaussian,4,outer/12-2_3-0/AuAu200_170kHz_10C_Iter2_3001.xml_TPCMLDataInterface_1.npy,1431.963248828648,22.721758502896183,0.0269930381327867,7.236814975738525,0.001,128,3,500,True,28.63819676769929
Gaussian,5,outer/12-2_4-0/AuAu200_170kHz_10C_Iter2_3001.xml_TPCMLDataInterface_1.npy,1391.6711768950804,22.721758502896183,0.0276563633233308,7.236929178237915,0.001,128,3,500,True,28.762149161719424
Gaussian,1,outer/12-2_0-0/AuAu200_170kHz_10C_Iter2_3001.xml_TPCMLDataInterface_1.npy,1623.8610601259204,22.721758502896183,0.0279486402869224,7.254784345626831,0.001,128,3,500,False,28.092026811291618
Gaussian,2,outer/12-2_1-0/AuAu200_170kHz_10C_Iter2_3001.xml_TPCMLDataInterface_1.npy,1907.0226910245144,22.721758502896183,0.0301129892468452,7.25348949432373,0.001,128,3,500,False,27.39395688165706
Gaussian,3,outer/12-2_2-0/AuAu200_170kHz_10C_Iter2_3001.xml_TPCMLDataInterface_1.npy,1528.389654974063,22.721758502896183,0.0275584813207387,7.255056619644165,0.001,128,3,500,False,28.355174592972276
Gaussian,4,outer/12-2_3-0/AuAu200_170kHz_10C_Iter2_3001.xml_TPCMLDataInterface_1.npy,1431.963248828648,22.721758502896183,0.0270304344594478,7.255992412567139,0.001,128,3,500,False,28.63819676769929
Gaussian,5,outer/12-2_4-0/AuAu200_170kHz_10C_Iter2_3001.xml_TPCMLDataInterface_1.npy,1391.6711768950804,22.721758502896183,0.0277180708944797,7.255018472671509,0.001,128,3,500,False,28.762149161719424
Gaussian,1,outer/12-2_0-0/AuAu200_170kHz_10C_Iter2_3001.xml_TPCMLDataInterface_1.npy,1623.8610601259204,22.721758502896183,0.0279329977929592,14.47122597694397,0.001,128,3,1000,True,28.092026811291618
Gaussian,2,outer/12-2_1-0/AuAu200_170kHz_10C_Iter2_3001.xml_TPCMLDataInterface_1.npy,1907.0226910245144,22.721758502896183,0.0300874263048172,14.470401763916016,0.001,128,3,1000,True,27.39395688165706
Gaussian,3,outer/12-2_2-0/AuAu200_170kHz_10C_Iter2_3001.xml_TPCMLDataInterface_1.npy,1528.389654974063,22.721758502896183,0.0269433092325925,14.473385572433472,0.001,128,3,1000,True,28.355174592972276
Gaussian,4,outer/12-2_3-0/AuAu200_170kHz_10C_Iter2_3001.xml_TPCMLDataInterface_1.npy,1431.963248828648,22.721758502896183,0.0269605293869972,14.470416069030762,0.001,128,3,1000,True,28.63819676769929
Gaussian,5,outer/12-2_4-0/AuAu200_170kHz_10C_Iter2_3001.xml_TPCMLDataInterface_1.npy,1391.6711768950804,22.721758502896183,0.0276502221822738,14.472188472747805,0.001,128,3,1000,True,28.762149161719424
Gaussian,1,outer/12-2_0-0/AuAu200_170kHz_10C_Iter2_3001.xml_TPCMLDataInterface_1.npy,1623.8610601259204,22.721758502896183,0.0279427487403154,14.50554895401001,0.001,128,3,1000,False,28.092026811291618
Gaussian,2,outer/12-2_1-0/AuAu200_170kHz_10C_Iter2_3001.xml_TPCMLDataInterface_1.npy,1907.0226910245144,22.721758502896183,0.0300872530788183,14.504021883010864,0.001,128,3,1000,False,27.39395688165706
Gaussian,3,outer/12-2_2-0/AuAu200_170kHz_10C_Iter2_3001.xml_TPCMLDataInterface_1.npy,1528.389654974063,22.721758502896183,0.0269916988909244,14.5067937374115,0.001,128,3,1000,False,28.355174592972276
Gaussian,4,outer/12-2_3-0/AuAu200_170kHz_10C_Iter2_3001.xml_TPCMLDataInterface_1.npy,1431.963248828648,22.721758502896183,0.0269011817872524,14.504695653915403,0.001,128,3,1000,False,28.63819676769929
Gaussian,5,outer/12-2_4-0/AuAu200_170kHz_10C_Iter2_3001.xml_TPCMLDataInterface_1.npy,1391.6711768950804,22.721758502896183,0.0274833440780639,14.505346059799194,0.001,128,3,1000,False,28.762149161719424
Gaussian,1,outer/12-2_0-0/AuAu200_170kHz_10C_Iter2_3001.xml_TPCMLDataInterface_1.npy,1623.8610601259204,22.721758502896183,0.0279035791754722,28.940984964370728,0.001,128,3,2000,True,28.092026811291618
Gaussian,2,outer/12-2_1-0/AuAu200_170kHz_10C_Iter2_3001.xml_TPCMLDataInterface_1.npy,1907.0226910245144,22.721758502896183,0.030029010027647,28.93901538848877,0.001,128,3,2000,True,27.39395688165706
Gaussian,3,outer/12-2_2-0/AuAu200_170kHz_10C_Iter2_3001.xml_TPCMLDataInterface_1.npy,1528.389654974063,22.721758502896183,0.0270307343453168,28.947359085083008,0.001,128,3,2000,True,28.355174592972276
Gaussian,4,outer/12-2_3-0/AuAu200_170kHz_10C_Iter2_3001.xml_TPCMLDataInterface_1.npy,1431.963248828648,22.721758502896183,0.0269234254956245,28.93735671043396,0.001,128,3,2000,True,28.63819676769929
Gaussian,5,outer/12-2_4-0/AuAu200_170kHz_10C_Iter2_3001.xml_TPCMLDataInterface_1.npy,1391.6711768950804,22.721758502896183,0.0276216454803943,28.940025091171265,0.001,128,3,2000,True,28.762149161719424
Gaussian,1,outer/12-2_0-0/AuAu200_170kHz_10C_Iter2_3001.xml_TPCMLDataInterface_1.npy,1623.8610601259204,22.721758502896183,0.0277300104498863,29.007609367370605,0.001,128,3,2000,False,28.092026811291618
Gaussian,2,outer/12-2_1-0/AuAu200_170kHz_10C_Iter2_3001.xml_TPCMLDataInterface_1.npy,1907.0226910245144,22.721758502896183,0.0299931969493627,29.0074360370636,0.001,128,3,2000,False,27.39395688165706
Gaussian,3,outer/12-2_2-0/AuAu200_170kHz_10C_Iter2_3001.xml_TPCMLDataInterface_1.npy,1528.389654974063,22.721758502896183,0.026965744793415,29.011282682418823,0.001,128,3,2000,False,28.355174592972276
Gaussian,4,outer/12-2_3-0/AuAu200_170kHz_10C_Iter2_3001.xml_TPCMLDataInterface_1.npy,1431.963248828648,22.721758502896183,0.0269045494496822,29.00924062728882,0.001,128,3,2000,False,28.63819676769929
Gaussian,5,outer/12-2_4-0/AuAu200_170kHz_10C_Iter2_3001.xml_TPCMLDataInterface_1.npy,1391.6711768950804,22.721758502896183,0.0276517644524574,29.00856375694275,0.001,128,3,2000,False,28.762149161719424
Gaussian,1,outer/12-2_0-0/AuAu200_170kHz_10C_Iter2_3001.xml_TPCMLDataInterface_1.npy,1623.8610601259204,15.244594136755884,0.0279820635914802,1.958644151687622,0.001,128,4,100,True,28.092026811291618
Gaussian,2,outer/12-2_1-0/AuAu200_170kHz_10C_Iter2_3001.xml_TPCMLDataInterface_1.npy,1907.0226910245144,15.244594136755884,0.0301623046398162,1.9586513042449951,0.001,128,4,100,True,27.39395688165706
Gaussian,3,outer/12-2_2-0/AuAu200_170kHz_10C_Iter2_3001.xml_TPCMLDataInterface_1.npy,1528.389654974063,15.244594136755884,0.0270437728613615,1.9600234031677248,0.001,128,4,100,True,28.355174592972276
Gaussian,4,outer/12-2_3-0/AuAu200_170kHz_10C_Iter2_3001.xml_TPCMLDataInterface_1.npy,1431.963248828648,15.244594136755884,0.0270682778209447,1.9589827060699463,0.001,128,4,100,True,28.63819676769929
Gaussian,5,outer/12-2_4-0/AuAu200_170kHz_10C_Iter2_3001.xml_TPCMLDataInterface_1.npy,1391.6711768950804,15.244594136755884,0.0277495589107275,1.9586694240570068,0.001,128,4,100,True,28.762149161719424
Gaussian,1,outer/12-2_0-0/AuAu200_170kHz_10C_Iter2_3001.xml_TPCMLDataInterface_1.npy,1623.8610601259204,15.244594136755884,0.0279937498271465,1.962731122970581,0.001,128,4,100,False,28.092026811291618
Gaussian,2,outer/12-2_1-0/AuAu200_170kHz_10C_Iter2_3001.xml_TPCMLDataInterface_1.npy,1907.0226910245144,15.244594136755884,0.0301720481365919,1.9623329639434812,0.001,128,4,100,False,27.39395688165706
Gaussian,3,outer/12-2_2-0/AuAu200_170kHz_10C_Iter2_3001.xml_TPCMLDataInterface_1.npy,1528.389654974063,15.244594136755884,0.0275111068040132,1.962798833847046,0.001,128,4,100,False,28.355174592972276
Gaussian,4,outer/12-2_3-0/AuAu200_170kHz_10C_Iter2_3001.xml_TPCMLDataInterface_1.npy,1431.963248828648,15.244594136755884,0.0301932208240032,1.9617960453033447,0.001,128,4,100,False,28.63819676769929
Gaussian,5,outer/12-2_4-0/AuAu200_170kHz_10C_Iter2_3001.xml_TPCMLDataInterface_1.npy,1391.6711768950804,15.244594136755884,0.0308803487569093,1.9613935947418213,0.001,128,4,100,False,28.762149161719424
Gaussian,1,outer/12-2_0-0/AuAu200_170kHz_10C_Iter2_3001.xml_TPCMLDataInterface_1.npy,1623.8610601259204,15.244594136755884,0.0279394760727882,9.783098697662354,0.001,128,4,500,True,28.092026811291618
Gaussian,2,outer/12-2_1-0/AuAu200_170kHz_10C_Iter2_3001.xml_TPCMLDataInterface_1.npy,1907.0226910245144,15.244594136755884,0.0300960410386323,9.781728267669678,0.001,128,4,500,True,27.39395688165706
Gaussian,3,outer/12-2_2-0/AuAu200_170kHz_10C_Iter2_3001.xml_TPCMLDataInterface_1.npy,1528.389654974063,15.244594136755884,0.0269890949130058,9.783704280853271,0.001,128,4,500,True,28.355174592972276
Gaussian,4,outer/12-2_3-0/AuAu200_170kHz_10C_Iter2_3001.xml_TPCMLDataInterface_1.npy,1431.963248828648,15.244594136755884,0.0270226262509822,9.784026384353638,0.001,128,4,500,True,28.63819676769929
Gaussian,5,outer/12-2_4-0/AuAu200_170kHz_10C_Iter2_3001.xml_TPCMLDataInterface_1.npy,1391.6711768950804,15.244594136755884,0.0276713538914918,9.779893398284912,0.001,128,4,500,True,28.762149161719424
Gaussian,1,outer/12-2_0-0/AuAu200_170kHz_10C_Iter2_3001.xml_TPCMLDataInterface_1.npy,1623.8610601259204,15.244594136755884,0.0279362220317125,9.800145149230955,0.001,128,4,500,False,28.092026811291618
Gaussian,2,outer/12-2_1-0/AuAu200_170kHz_10C_Iter2_3001.xml_TPCMLDataInterface_1.npy,1907.0226910245144,15.244594136755884,0.0302198007702827,9.799504041671751,0.001,128,4,500,False,27.39395688165706
Gaussian,3,outer/12-2_2-0/AuAu200_170kHz_10C_Iter2_3001.xml_TPCMLDataInterface_1.npy,1528.389654974063,15.244594136755884,0.0269686225801706,9.800772905349731,0.001,128,4,500,False,28.355174592972276
Gaussian,4,outer/12-2_3-0/AuAu200_170kHz_10C_Iter2_3001.xml_TPCMLDataInterface_1.npy,1431.963248828648,15.244594136755884,0.0270237307995557,9.800978183746338,0.001,128,4,500,False,28.63819676769929
Gaussian,5,outer/12-2_4-0/AuAu200_170kHz_10C_Iter2_3001.xml_TPCMLDataInterface_1.npy,1391.6711768950804,15.244594136755884,0.0277154762297868,9.797571182250977,0.001,128,4,500,False,28.762149161719424
Gaussian,1,outer/12-2_0-0/AuAu200_170kHz_10C_Iter2_3001.xml_TPCMLDataInterface_1.npy,1623.8610601259204,15.244594136755884,0.0279385056346654,19.564608335494995,0.001,128,4,1000,True,28.092026811291618
Gaussian,2,outer/12-2_1-0/AuAu200_170kHz_10C_Iter2_3001.xml_TPCMLDataInterface_1.npy,1907.0226910245144,15.244594136755884,0.0300865098834037,19.56230473518372,0.001,128,4,1000,True,27.39395688165706
Gaussian,3,outer/12-2_2-0/AuAu200_170kHz_10C_Iter2_3001.xml_TPCMLDataInterface_1.npy,1528.389654974063,15.244594136755884,0.0269550457596778,19.564868450164795,0.001,128,4,1000,True,28.355174592972276
Gaussian,4,outer/12-2_3-0/AuAu200_170kHz_10C_Iter2_3001.xml_TPCMLDataInterface_1.npy,1431.963248828648,15.244594136755884,0.0269761439412832,19.561541318893436,0.001,128,4,1000,True,28.63819676769929
Gaussian,5,outer/12-2_4-0/AuAu200_170kHz_10C_Iter2_3001.xml_TPCMLDataInterface_1.npy,1391.6711768950804,15.244594136755884,0.0276487935334444,19.55756378173828,0.001,128,4,1000,True,28.762149161719424
Gaussian,1,outer/12-2_0-0/AuAu200_170kHz_10C_Iter2_3001.xml_TPCMLDataInterface_1.npy,1623.8610601259204,15.244594136755884,0.0278920624405145,19.5961275100708,0.001,128,4,1000,False,28.092026811291618
Gaussian,2,outer/12-2_1-0/AuAu200_170kHz_10C_Iter2_3001.xml_TPCMLDataInterface_1.npy,1907.0226910245144,15.244594136755884,0.0300737395882606,19.594751358032227,0.001,128,4,1000,False,27.39395688165706
Gaussian,3,outer/12-2_2-0/AuAu200_170kHz_10C_Iter2_3001.xml_TPCMLDataInterface_1.npy,1528.389654974063,15.244594136755884,0.0269729048013687,19.59913182258606,0.001,128,4,1000,False,28.355174592972276
Gaussian,4,outer/12-2_3-0/AuAu200_170kHz_10C_Iter2_3001.xml_TPCMLDataInterface_1.npy,1431.963248828648,15.244594136755884,0.0269740466028451,19.59410500526428,0.001,128,4,1000,False,28.63819676769929
Gaussian,5,outer/12-2_4-0/AuAu200_170kHz_10C_Iter2_3001.xml_TPCMLDataInterface_1.npy,1391.6711768950804,15.244594136755884,0.027551831677556,19.591532707214355,0.001,128,4,1000,False,28.762149161719424
Gaussian,1,outer/12-2_0-0/AuAu200_170kHz_10C_Iter2_3001.xml_TPCMLDataInterface_1.npy,1623.8610601259204,15.244594136755884,0.0280498825013637,39.12225770950317,0.001,128,4,2000,True,28.092026811291618
Gaussian,2,outer/12-2_1-0/AuAu200_170kHz_10C_Iter2_3001.xml_TPCMLDataInterface_1.npy,1907.0226910245144,15.244594136755884,0.0300886668264865,39.11952161788941,0.001,128,4,2000,True,27.39395688165706
Gaussian,3,outer/12-2_2-0/AuAu200_170kHz_10C_Iter2_3001.xml_TPCMLDataInterface_1.npy,1528.389654974063,15.244594136755884,0.0269390977919101,39.1268801689148,0.001,128,4,2000,True,28.355174592972276
Gaussian,4,outer/12-2_3-0/AuAu200_170kHz_10C_Iter2_3001.xml_TPCMLDataInterface_1.npy,1431.963248828648,15.244594136755884,0.0269034299999475,39.11902832984924,0.001,128,4,2000,True,28.63819676769929
Gaussian,5,outer/12-2_4-0/AuAu200_170kHz_10C_Iter2_3001.xml_TPCMLDataInterface_1.npy,1391.6711768950804,15.244594136755884,0.0276602264493703,39.112704277038574,0.001,128,4,2000,True,28.762149161719424
Gaussian,1,outer/12-2_0-0/AuAu200_170kHz_10C_Iter2_3001.xml_TPCMLDataInterface_1.npy,1623.8610601259204,15.244594136755884,0.0278562419116497,39.190388917922974,0.001,128,4,2000,False,28.092026811291618
Gaussian,2,outer/12-2_1-0/AuAu200_170kHz_10C_Iter2_3001.xml_TPCMLDataInterface_1.npy,1907.0226910245144,15.244594136755884,0.029989656060934,39.189270973205566,0.001,128,4,2000,False,27.39395688165706
Gaussian,3,outer/12-2_2-0/AuAu200_170kHz_10C_Iter2_3001.xml_TPCMLDataInterface_1.npy,1528.3794069507196,15.244594136755884,0.0267556253820657,39.19470167160034,0.001,128,4,2000,False,28.35520371299998
Gaussian,4,outer/12-2_3-0/AuAu200_170kHz_10C_Iter2_3001.xml_TPCMLDataInterface_1.npy,1431.963248828648,15.244594136755884,0.0268231332302093,39.18573045730591,0.001,128,4,2000,False,28.63819676769929
Gaussian,5,outer/12-2_4-0/AuAu200_170kHz_10C_Iter2_3001.xml_TPCMLDataInterface_1.npy,1391.6711768950804,15.244594136755884,0.0275490209460258,39.18176293373108,0.001,128,4,2000,False,28.762149161719424
Gaussian,1,outer/12-2_0-0/AuAu200_170kHz_10C_Iter2_3001.xml_TPCMLDataInterface_1.npy,1623.8610601259204,5.757182102133744,0.0279861073940992,3.2849488258361816,0.001,256,3,100,True,28.092026811291618
Gaussian,2,outer/12-2_1-0/AuAu200_170kHz_10C_Iter2_3001.xml_TPCMLDataInterface_1.npy,1907.0226910245144,5.757182102133744,0.0301765333861112,3.284349203109741,0.001,256,3,100,True,27.39395688165706
Gaussian,3,outer/12-2_2-0/AuAu200_170kHz_10C_Iter2_3001.xml_TPCMLDataInterface_1.npy,1528.389654974063,5.757182102133744,0.0270943976938724,3.2848775386810303,0.001,256,3,100,True,28.355174592972276
Gaussian,4,outer/12-2_3-0/AuAu200_170kHz_10C_Iter2_3001.xml_TPCMLDataInterface_1.npy,1431.963248828648,5.757182102133744,0.0270681418478488,3.2842235565185547,0.001,256,3,100,True,28.63819676769929
Gaussian,5,outer/12-2_4-0/AuAu200_170kHz_10C_Iter2_3001.xml_TPCMLDataInterface_1.npy,1391.6711768950804,5.757182102133744,0.0278218127787113,3.2848997116088867,0.001,256,3,100,True,28.762149161719424
Gaussian,1,outer/12-2_0-0/AuAu200_170kHz_10C_Iter2_3001.xml_TPCMLDataInterface_1.npy,1623.8610601259204,5.757182102133744,0.0279947146773338,3.289109468460083,0.001,256,3,100,False,28.092026811291618
Gaussian,2,outer/12-2_1-0/AuAu200_170kHz_10C_Iter2_3001.xml_TPCMLDataInterface_1.npy,1907.0226910245144,5.757182102133744,0.0301745738834142,3.2879960536956787,0.001,256,3,100,False,27.39395688165706
Gaussian,3,outer/12-2_2-0/AuAu200_170kHz_10C_Iter2_3001.xml_TPCMLDataInterface_1.npy,1528.389654974063,5.757182102133744,0.0271893702447414,3.287522554397583,0.001,256,3,100,False,28.355174592972276
Gaussian,4,outer/12-2_3-0/AuAu200_170kHz_10C_Iter2_3001.xml_TPCMLDataInterface_1.npy,1431.963248828648,5.757182102133744,0.0302057322114706,3.2876827716827397,0.001,256,3,100,False,28.63819676769929
Gaussian,5,outer/12-2_4-0/AuAu200_170kHz_10C_Iter2_3001.xml_TPCMLDataInterface_1.npy,1391.6711768950804,5.757182102133744,0.0277385581284761,3.2878286838531494,0.001,256,3,100,False,28.762149161719424
Gaussian,1,outer/12-2_0-0/AuAu200_170kHz_10C_Iter2_3001.xml_TPCMLDataInterface_1.npy,1623.8610601259204,5.757182102133744,0.0279402676969766,16.409440279006958,0.001,256,3,500,True,28.092026811291618
Gaussian,2,outer/12-2_1-0/AuAu200_170kHz_10C_Iter2_3001.xml_TPCMLDataInterface_1.npy,1907.0226910245144,5.757182102133744,0.0300875585526227,16.410223484039307,0.001,256,3,500,True,27.39395688165706
Gaussian,3,outer/12-2_2-0/AuAu200_170kHz_10C_Iter2_3001.xml_TPCMLDataInterface_1.npy,1528.389654974063,5.757182102133744,0.026957556605339,16.40927481651306,0.001,256,3,500,True,28.355174592972276
Gaussian,4,outer/12-2_3-0/AuAu200_170kHz_10C_Iter2_3001.xml_TPCMLDataInterface_1.npy,1431.963248828648,5.757182102133744,0.0269910283386707,16.410058975219727,0.001,256,3,500,True,28.63819676769929
Gaussian,5,outer/12-2_4-0/AuAu200_170kHz_10C_Iter2_3001.xml_TPCMLDataInterface_1.npy,1391.6711768950804,5.757182102133744,0.0276802144944667,16.41033387184143,0.001,256,3,500,True,28.762149161719424
Gaussian,1,outer/12-2_0-0/AuAu200_170kHz_10C_Iter2_3001.xml_TPCMLDataInterface_1.npy,1623.8610601259204,5.757182102133744,0.0279406327754259,16.426984310150146,0.001,256,3,500,False,28.092026811291618
Gaussian,2,outer/12-2_1-0/AuAu200_170kHz_10C_Iter2_3001.xml_TPCMLDataInterface_1.npy,1907.0226910245144,5.757182102133744,0.0301125552505254,16.427778959274292,0.001,256,3,500,False,27.39395688165706
Gaussian,3,outer/12-2_2-0/AuAu200_170kHz_10C_Iter2_3001.xml_TPCMLDataInterface_1.npy,1528.389654974063,5.757182102133744,0.0269925482571125,16.427380800247192,0.001,256,3,500,False,28.355174592972276
Gaussian,4,outer/12-2_3-0/AuAu200_170kHz_10C_Iter2_3001.xml_TPCMLDataInterface_1.npy,1431.963248828648,5.757182102133744,0.0269787535071373,16.428658723831177,0.001,256,3,500,False,28.63819676769929
Gaussian,5,outer/12-2_4-0/AuAu200_170kHz_10C_Iter2_3001.xml_TPCMLDataInterface_1.npy,1391.6711768950804,5.757182102133744,0.0311453230679035,16.426849365234375,0.001,256,3,500,False,28.762149161719424
Gaussian,1,outer/12-2_0-0/AuAu200_170kHz_10C_Iter2_3001.xml_TPCMLDataInterface_1.npy,1623.8610601259204,5.757182102133744,0.0279154535382986,32.81722640991211,0.001,256,3,1000,True,28.092026811291618
Gaussian,2,outer/12-2_1-0/AuAu200_170kHz_10C_Iter2_3001.xml_TPCMLDataInterface_1.npy,1907.0226910245144,5.757182102133744,0.0300709921866655,32.81963109970093,0.001,256,3,1000,True,27.39395688165706
Gaussian,3,outer/12-2_2-0/AuAu200_170kHz_10C_Iter2_3001.xml_TPCMLDataInterface_1.npy,1528.389654974063,5.757182102133744,0.0269531235098838,32.81797933578491,0.001,256,3,1000,True,28.355174592972276
Gaussian,4,outer/12-2_3-0/AuAu200_170kHz_10C_Iter2_3001.xml_TPCMLDataInterface_1.npy,1431.963248828648,5.757182102133744,0.0269839558750391,32.818439245224,0.001,256,3,1000,True,28.63819676769929
Gaussian,5,outer/12-2_4-0/AuAu200_170kHz_10C_Iter2_3001.xml_TPCMLDataInterface_1.npy,1391.6711768950804,5.757182102133744,0.0276586785912513,32.818172454833984,0.001,256,3,1000,True,28.762149161719424
Gaussian,1,outer/12-2_0-0/AuAu200_170kHz_10C_Iter2_3001.xml_TPCMLDataInterface_1.npy,1623.8610601259204,5.757182102133744,0.0278732068836689,32.84888339042664,0.001,256,3,1000,False,28.092026811291618
Gaussian,2,outer/12-2_1-0/AuAu200_170kHz_10C_Iter2_3001.xml_TPCMLDataInterface_1.npy,1907.0226910245144,5.757182102133744,0.0300845690071582,32.851807832717896,0.001,256,3,1000,False,27.39395688165706
Gaussian,3,outer/12-2_2-0/AuAu200_170kHz_10C_Iter2_3001.xml_TPCMLDataInterface_1.npy,1528.389654974063,5.757182102133744,0.0269720088690519,32.85216450691223,0.001,256,3,1000,False,28.355174592972276
Gaussian,4,outer/12-2_3-0/AuAu200_170kHz_10C_Iter2_3001.xml_TPCMLDataInterface_1.npy,1431.963248828648,5.757182102133744,0.0269579552114009,32.852946758270264,0.001,256,3,1000,False,28.63819676769929
Gaussian,5,outer/12-2_4-0/AuAu200_170kHz_10C_Iter2_3001.xml_TPCMLDataInterface_1.npy,1391.6711768950804,5.757182102133744,0.0311453230679035,32.85261392593384,0.001,256,3,1000,False,28.762149161719424
Gaussian,1,outer/12-2_0-0/AuAu200_170kHz_10C_Iter2_3001.xml_TPCMLDataInterface_1.npy,1623.8610601259204,5.757182102133744,0.027908906340599,65.63163375854492,0.001,256,3,2000,True,28.092026811291618
Gaussian,2,outer/12-2_1-0/AuAu200_170kHz_10C_Iter2_3001.xml_TPCMLDataInterface_1.npy,1907.0226910245144,5.757182102133744,0.0300476662814617,65.63347363471985,0.001,256,3,2000,True,27.39395688165706
Gaussian,3,outer/12-2_2-0/AuAu200_170kHz_10C_Iter2_3001.xml_TPCMLDataInterface_1.npy,1528.389654974063,5.757182102133744,0.0269408375024795,65.63153600692749,0.001,256,3,2000,True,28.355174592972276
Gaussian,4,outer/12-2_3-0/AuAu200_170kHz_10C_Iter2_3001.xml_TPCMLDataInterface_1.npy,1431.963248828648,5.757182102133744,0.0277339909225702,65.63453412055969,0.001,256,3,2000,True,28.63819676769929
Gaussian,5,outer/12-2_4-0/AuAu200_170kHz_10C_Iter2_3001.xml_TPCMLDataInterface_1.npy,1391.6711768950804,5.757182102133744,0.0276144202798604,65.63128185272217,0.001,256,3,2000,True,28.762149161719424
Gaussian,1,outer/12-2_0-0/AuAu200_170kHz_10C_Iter2_3001.xml_TPCMLDataInterface_1.npy,1623.8610601259204,5.757182102133744,0.0313879586756229,65.69416236877441,0.001,256,3,2000,False,28.092026811291618
Gaussian,2,outer/12-2_1-0/AuAu200_170kHz_10C_Iter2_3001.xml_TPCMLDataInterface_1.npy,1907.0226910245144,5.757182102133744,0.0300385802984237,65.70023965835571,0.001,256,3,2000,False,27.39395688165706
Gaussian,3,outer/12-2_2-0/AuAu200_170kHz_10C_Iter2_3001.xml_TPCMLDataInterface_1.npy,1528.389654974063,5.757182102133744,0.0268806144595146,65.69761872291565,0.001,256,3,2000,False,28.355174592972276
Gaussian,4,outer/12-2_3-0/AuAu200_170kHz_10C_Iter2_3001.xml_TPCMLDataInterface_1.npy,1431.963248828648,5.757182102133744,0.0302057322114706,65.75216269493103,0.001,256,3,2000,False,28.63819676769929
Gaussian,5,outer/12-2_4-0/AuAu200_170kHz_10C_Iter2_3001.xml_TPCMLDataInterface_1.npy,1391.6711768950804,5.757182102133744,0.0274782199412584,65.70114016532898,0.001,256,3,2000,False,28.762149161719424
Gaussian,1,outer/12-2_0-0/AuAu200_170kHz_10C_Iter2_3001.xml_TPCMLDataInterface_1.npy,1623.8610601259204,3.8504960811851583,0.0279685463756322,4.525752544403076,0.001,256,4,100,True,28.092026811291618
Gaussian,2,outer/12-2_1-0/AuAu200_170kHz_10C_Iter2_3001.xml_TPCMLDataInterface_1.npy,1907.0226910245144,3.8504960811851583,0.0301983542740345,4.526940107345581,0.001,256,4,100,True,27.39395688165706
Gaussian,3,outer/12-2_2-0/AuAu200_170kHz_10C_Iter2_3001.xml_TPCMLDataInterface_1.npy,1528.389654974063,3.8504960811851583,0.027077218517661,4.525942087173462,0.001,256,4,100,True,28.355174592972276
Gaussian,4,outer/12-2_3-0/AuAu200_170kHz_10C_Iter2_3001.xml_TPCMLDataInterface_1.npy,1431.963248828648,3.8504960811851583,0.0271069165319204,4.527204751968384,0.001,256,4,100,True,28.63819676769929
Gaussian,5,outer/12-2_4-0/AuAu200_170kHz_10C_Iter2_3001.xml_TPCMLDataInterface_1.npy,1391.6711768950804,3.8504960811851583,0.027744211256504,4.5263495445251465,0.001,256,4,100,True,28.762149161719424
Gaussian,1,outer/12-2_0-0/AuAu200_170kHz_10C_Iter2_3001.xml_TPCMLDataInterface_1.npy,1623.8610601259204,3.8504960811851583,0.0313878655433654,4.529077053070068,0.001,256,4,100,False,28.092026811291618
Gaussian,2,outer/12-2_1-0/AuAu200_170kHz_10C_Iter2_3001.xml_TPCMLDataInterface_1.npy,1907.0226910245144,3.8504960811851583,0.0342703275382518,4.529717206954956,0.001,256,4,100,False,27.39395688165706
Gaussian,3,outer/12-2_2-0/AuAu200_170kHz_10C_Iter2_3001.xml_TPCMLDataInterface_1.npy,1528.389654974063,3.8504960811851583,0.0302968006581068,4.528576374053955,0.001,256,4,100,False,28.355174592972276
Gaussian,4,outer/12-2_3-0/AuAu200_170kHz_10C_Iter2_3001.xml_TPCMLDataInterface_1.npy,1431.963248828648,3.8504960811851583,0.0270539000630378,4.529314041137695,0.001,256,4,100,False,28.63819676769929
Gaussian,5,outer/12-2_4-0/AuAu200_170kHz_10C_Iter2_3001.xml_TPCMLDataInterface_1.npy,1391.6711768950804,3.8504960811851583,0.0311452392488718,4.5290303230285645,0.001,256,4,100,False,28.762149161719424
Gaussian,1,outer/12-2_0-0/AuAu200_170kHz_10C_Iter2_3001.xml_TPCMLDataInterface_1.npy,1623.8610601259204,3.8504960811851583,0.0279462616890668,22.617949724197388,0.001,256,4,500,True,28.092026811291618
Gaussian,2,outer/12-2_1-0/AuAu200_170kHz_10C_Iter2_3001.xml_TPCMLDataInterface_1.npy,1907.0226910245144,3.8504960811851583,0.0300986319780349,22.617121934890747,0.001,256,4,500,True,27.39395688165706
Gaussian,3,outer/12-2_2-0/AuAu200_170kHz_10C_Iter2_3001.xml_TPCMLDataInterface_1.npy,1528.389654974063,3.8504960811851583,0.0269795916974544,22.61674189567566,0.001,256,4,500,True,28.355174592972276
Gaussian,4,outer/12-2_3-0/AuAu200_170kHz_10C_Iter2_3001.xml_TPCMLDataInterface_1.npy,1431.963248828648,3.8504960811851583,0.0270132068544626,22.618051767349243,0.001,256,4,500,True,28.63819676769929
Gaussian,5,outer/12-2_4-0/AuAu200_170kHz_10C_Iter2_3001.xml_TPCMLDataInterface_1.npy,1391.6711768950804,3.8504960811851583,0.027702510356903,22.61688256263733,0.001,256,4,500,True,28.762149161719424
Gaussian,1,outer/12-2_0-0/AuAu200_170kHz_10C_Iter2_3001.xml_TPCMLDataInterface_1.npy,1623.8610601259204,3.8504960811851583,0.0279403328895568,22.634311199188232,0.001,256,4,500,False,28.092026811291618
Gaussian,2,outer/12-2_1-0/AuAu200_170kHz_10C_Iter2_3001.xml_TPCMLDataInterface_1.npy,1907.0226910245144,3.8504960811851583,0.0342706367373466,22.6352014541626,0.001,256,4,500,False,27.39395688165706
Gaussian,3,outer/12-2_2-0/AuAu200_170kHz_10C_Iter2_3001.xml_TPCMLDataInterface_1.npy,1528.389654974063,3.8504960811851583,0.0302967894822359,22.63438391685486,0.001,256,4,500,False,28.355174592972276
Gaussian,4,outer/12-2_3-0/AuAu200_170kHz_10C_Iter2_3001.xml_TPCMLDataInterface_1.npy,1431.963248828648,3.8504960811851583,0.0302057322114706,22.63489246368408,0.001,256,4,500,False,28.63819676769929
Gaussian,5,outer/12-2_4-0/AuAu200_170kHz_10C_Iter2_3001.xml_TPCMLDataInterface_1.npy,1391.6711768950804,3.8504960811851583,0.0311452560126781,22.63462495803833,0.001,256,4,500,False,28.762149161719424
Gaussian,1,outer/12-2_0-0/AuAu200_170kHz_10C_Iter2_3001.xml_TPCMLDataInterface_1.npy,1623.8610601259204,3.8504960811851583,0.0279358047991991,45.23105144500733,0.001,256,4,1000,True,28.092026811291618
Gaussian,2,outer/12-2_1-0/AuAu200_170kHz_10C_Iter2_3001.xml_TPCMLDataInterface_1.npy,1907.0226910245144,3.8504960811851583,0.0300767533481121,45.232383251190186,0.001,256,4,1000,True,27.39395688165706
Gaussian,3,outer/12-2_2-0/AuAu200_170kHz_10C_Iter2_3001.xml_TPCMLDataInterface_1.npy,1528.389654974063,3.8504960811851583,0.026955896988511,45.22878623008728,0.001,256,4,1000,True,28.355174592972276
Gaussian,4,outer/12-2_3-0/AuAu200_170kHz_10C_Iter2_3001.xml_TPCMLDataInterface_1.npy,1431.963248828648,3.8504960811851583,0.0269862525165081,45.23255491256714,0.001,256,4,1000,True,28.63819676769929
Gaussian,5,outer/12-2_4-0/AuAu200_170kHz_10C_Iter2_3001.xml_TPCMLDataInterface_1.npy,1391.6711768950804,3.8504960811851583,0.0276492927223444,45.234540939331055,0.001,256,4,1000,True,28.762149161719424
Gaussian,1,outer/12-2_0-0/AuAu200_170kHz_10C_Iter2_3001.xml_TPCMLDataInterface_1.npy,1623.8610601259204,3.8504960811851583,0.0279363859444856,45.26460886001587,0.001,256,4,1000,False,28.092026811291618
Gaussian,2,outer/12-2_1-0/AuAu200_170kHz_10C_Iter2_3001.xml_TPCMLDataInterface_1.npy,1907.0226910245144,3.8504960811851583,0.0300858095288276,45.26513195037842,0.001,256,4,1000,False,27.39395688165706
Gaussian,3,outer/12-2_2-0/AuAu200_170kHz_10C_Iter2_3001.xml_TPCMLDataInterface_1.npy,1528.389654974063,3.8504960811851583,0.0269394982606172,45.26346039772034,0.001,256,4,1000,False,28.355174592972276
Gaussian,4,outer/12-2_3-0/AuAu200_170kHz_10C_Iter2_3001.xml_TPCMLDataInterface_1.npy,1431.963248828648,3.8504960811851583,0.0302057228982448,45.26613783836365,0.001,256,4,1000,False,28.63819676769929
Gaussian,5,outer/12-2_4-0/AuAu200_170kHz_10C_Iter2_3001.xml_TPCMLDataInterface_1.npy,1391.6711768950804,3.8504960811851583,0.0276114773005247,45.27840328216553,0.001,256,4,1000,False,28.762149161719424
Gaussian,1,outer/12-2_0-0/AuAu200_170kHz_10C_Iter2_3001.xml_TPCMLDataInterface_1.npy,1623.8610601259204,3.8504960811851583,0.0279206447303295,90.46360182762146,0.001,256,4,2000,True,28.092026811291618
Gaussian,2,outer/12-2_1-0/AuAu200_170kHz_10C_Iter2_3001.xml_TPCMLDataInterface_1.npy,1907.0226910245144,3.8504960811851583,0.0300701111555099,90.45841908454896,0.001,256,4,2000,True,27.39395688165706
Gaussian,3,outer/12-2_2-0/AuAu200_170kHz_10C_Iter2_3001.xml_TPCMLDataInterface_1.npy,1528.389654974063,3.8504960811851583,0.0269496925175189,90.45261740684508,0.001,256,4,2000,True,28.355174592972276
Gaussian,4,outer/12-2_3-0/AuAu200_170kHz_10C_Iter2_3001.xml_TPCMLDataInterface_1.npy,1431.963248828648,3.8504960811851583,0.0279266349971294,90.4656240940094,0.001,256,4,2000,True,28.63819676769929
Gaussian,5,outer/12-2_4-0/AuAu200_170kHz_10C_Iter2_3001.xml_TPCMLDataInterface_1.npy,1391.6711768950804,3.8504960811851583,0.0277864281088113,90.46091389656068,0.001,256,4,2000,True,28.762149161719424
Gaussian,1,outer/12-2_0-0/AuAu200_170kHz_10C_Iter2_3001.xml_TPCMLDataInterface_1.npy,1623.8610601259204,3.8504960811851583,0.0313879586756229,90.53888273239136,0.001,256,4,2000,False,28.092026811291618
Gaussian,2,outer/12-2_1-0/AuAu200_170kHz_10C_Iter2_3001.xml_TPCMLDataInterface_1.npy,1907.0226910245144,3.8504960811851583,0.0342706367373466,90.52974009513856,0.001,256,4,2000,False,27.39395688165706
Gaussian,3,outer/12-2_2-0/AuAu200_170kHz_10C_Iter2_3001.xml_TPCMLDataInterface_1.npy,1528.389654974063,3.8504960811851583,0.0302968099713325,90.5359365940094,0.001,256,4,2000,False,28.355174592972276
Gaussian,4,outer/12-2_3-0/AuAu200_170kHz_10C_Iter2_3001.xml_TPCMLDataInterface_1.npy,1431.963248828648,3.8504960811851583,0.0269225444644689,90.53367948532104,0.001,256,4,2000,False,28.63819676769929
Gaussian,5,outer/12-2_4-0/AuAu200_170kHz_10C_Iter2_3001.xml_TPCMLDataInterface_1.npy,1391.6711768950804,3.8504960811851583,0.027536517009139,90.52972650527954,0.001,256,4,2000,False,28.762149161719424
