model,data_sample,file_name,original_mse,compression_ratio,transformed_mse,training_time,lr,hidden_features,hidden_layers,max_iters,sample_fraction,outermost_linear,first_omega_zero,hidden_omega_zero,original_psnr
SIREN,1,outer/12-2_0-0/AuAu200_170kHz_10C_Iter2_3001.xml_TPCMLDataInterface_1.npy,390.6705820678548,22.721758502896183,0.0088235437870025,2.234803438186645,0.001,128,3,1000,0.1,True,100,45,34.27940839171721
SIREN,2,outer/12-2_1-0/AuAu200_170kHz_10C_Iter2_3001.xml_TPCMLDataInterface_1.npy,502.8426074088019,22.721758502896183,0.0111718261614441,1.8262395858764648,0.001,128,3,1000,0.1,True,100,45,33.18319479079838
SIREN,3,outer/12-2_2-0/AuAu200_170kHz_10C_Iter2_3001.xml_TPCMLDataInterface_1.npy,366.2953192980255,22.721758502896183,0.0082863187417387,1.8632209300994875,0.001,128,3,1000,0.1,True,100,45,34.55920179695848
SIREN,4,outer/12-2_3-0/AuAu200_170kHz_10C_Iter2_3001.xml_TPCMLDataInterface_1.npy,347.2272945950468,22.721758502896183,0.0081767253577709,1.8733155727386477,0.001,128,3,1000,0.1,True,100,45,34.791376922105
SIREN,5,outer/12-2_4-0/AuAu200_170kHz_10C_Iter2_3001.xml_TPCMLDataInterface_1.npy,362.2854098686413,22.721758502896183,0.0087496312335133,1.902642011642456,0.001,128,3,1000,0.1,True,100,45,34.60700704495537
SIREN,6,outer/12-2_5-0/AuAu200_170kHz_10C_Iter2_3001.xml_TPCMLDataInterface_1.npy,480.0400455990629,22.721758502896183,0.0109064821153879,1.8686604499816892,0.001,128,3,1000,0.1,True,100,45,33.38474080438872
SIREN,7,outer/12-2_6-0/AuAu200_170kHz_10C_Iter2_3001.xml_TPCMLDataInterface_1.npy,396.62759763010376,22.721758502896183,0.0089060273021459,1.894383430480957,0.001,128,3,1000,0.1,True,100,45,34.21368619327765
SIREN,8,outer/12-2_7-0/AuAu200_170kHz_10C_Iter2_3001.xml_TPCMLDataInterface_1.npy,491.7537323774264,22.721758502896183,0.0111746713519096,1.8393559455871584,0.001,128,3,1000,0.1,True,100,45,33.28003883897588
SIREN,9,outer/12-2_8-0/AuAu200_170kHz_10C_Iter2_3001.xml_TPCMLDataInterface_1.npy,444.1877693063922,22.721758502896183,0.009599607437849,1.866114854812622,0.001,128,3,1000,0.1,True,100,45,33.72184952672312
SIREN,10,outer/12-2_9-0/AuAu200_170kHz_10C_Iter2_3001.xml_TPCMLDataInterface_1.npy,586.7316976238286,22.721758502896183,0.0125663671642541,1.8755879402160645,0.001,128,3,1000,0.1,True,100,45,32.51311997569232
SIREN,11,outer/12-2_10-0/AuAu200_170kHz_10C_Iter2_3001.xml_TPCMLDataInterface_1.npy,480.3805809174197,22.721758502896183,0.0111654493957757,1.8931646347045896,0.001,128,3,1000,0.1,True,100,45,33.381661057624235
SIREN,12,outer/12-2_11-0/AuAu200_170kHz_10C_Iter2_3001.xml_TPCMLDataInterface_1.npy,422.7632090863454,22.721758502896183,0.0087352218106389,1.8500657081604004,0.001,128,3,1000,0.1,True,100,45,33.93654362908451
SIREN,13,outer/12-2_0-1/AuAu200_170kHz_10C_Iter2_3001.xml_TPCMLDataInterface_1.npy,401.8879345507028,22.721758502896183,0.0098325768485665,1.872161626815796,0.001,128,3,1000,0.1,True,100,45,34.156465807355616
SIREN,14,outer/12-2_1-1/AuAu200_170kHz_10C_Iter2_3001.xml_TPCMLDataInterface_1.npy,429.2575418862952,22.721758502896183,0.0090927788987755,1.8708183765411377,0.001,128,3,1000,0.1,True,100,45,33.87033614483752
SIREN,15,outer/12-2_2-1/AuAu200_170kHz_10C_Iter2_3001.xml_TPCMLDataInterface_1.npy,392.34093666332,22.721758502896183,0.0091257374733686,1.854866981506348,0.001,128,3,1000,0.1,True,100,45,34.260879241974536
SIREN,16,outer/12-2_3-1/AuAu200_170kHz_10C_Iter2_3001.xml_TPCMLDataInterface_1.npy,392.2031838290663,22.721758502896183,0.0086566107347607,1.8658230304718015,0.001,128,3,1000,0.1,True,100,45,34.26240433902988
SIREN,17,outer/12-2_4-1/AuAu200_170kHz_10C_Iter2_3001.xml_TPCMLDataInterface_1.npy,378.956453417838,22.721758502896183,0.0084676397964358,1.8479020595550537,0.001,128,3,1000,0.1,True,100,45,34.41162241508531
SIREN,18,outer/12-2_5-1/AuAu200_170kHz_10C_Iter2_3001.xml_TPCMLDataInterface_1.npy,389.1359382843876,22.721758502896183,0.0087492056190967,1.83632230758667,0.001,128,3,1000,0.1,True,100,45,34.296502072518216
SIREN,19,outer/12-2_6-1/AuAu200_170kHz_10C_Iter2_3001.xml_TPCMLDataInterface_1.npy,417.186109019411,22.721758502896183,0.0097552137449383,1.8319571018218996,0.001,128,3,1000,0.1,True,100,45,33.99421709407259
SIREN,20,outer/12-2_7-1/AuAu200_170kHz_10C_Iter2_3001.xml_TPCMLDataInterface_1.npy,401.9501273322456,22.721758502896183,0.0091772126033902,1.844271183013916,0.001,128,3,1000,0.1,True,100,45,34.1557937819024
SIREN,1,outer/12-2_0-0/AuAu200_170kHz_10C_Iter2_3001.xml_TPCMLDataInterface_1.npy,328.7080810220047,22.721758502896183,0.007841064594686,2.985880851745605,0.001,128,3,1000,0.2,True,100,45,35.02941167776051
SIREN,2,outer/12-2_1-0/AuAu200_170kHz_10C_Iter2_3001.xml_TPCMLDataInterface_1.npy,471.84516843415327,22.721758502896183,0.0101588871330022,2.984961032867432,0.001,128,3,1000,0.2,True,100,45,33.4595203641682
SIREN,3,outer/12-2_2-0/AuAu200_170kHz_10C_Iter2_3001.xml_TPCMLDataInterface_1.npy,339.2306844565763,22.721758502896183,0.0080712791532278,2.9960310459136963,0.001,128,3,1000,0.2,True,100,45,34.89256420136835
SIREN,4,outer/12-2_3-0/AuAu200_170kHz_10C_Iter2_3001.xml_TPCMLDataInterface_1.npy,315.59791771251673,22.721758502896183,0.0076827080920338,2.9833786487579346,0.001,128,3,1000,0.2,True,100,45,35.20617419657296
SIREN,5,outer/12-2_4-0/AuAu200_170kHz_10C_Iter2_3001.xml_TPCMLDataInterface_1.npy,328.3566139558233,22.721758502896183,0.00767651386559,2.9946188926696777,0.001,128,3,1000,0.2,True,100,45,35.034057802354866
SIREN,6,outer/12-2_5-0/AuAu200_170kHz_10C_Iter2_3001.xml_TPCMLDataInterface_1.npy,437.5526938483099,22.721758502896183,0.0101905828341841,3.1109960079193115,0.001,128,3,1000,0.2,True,100,45,33.787211867927276
SIREN,7,outer/12-2_6-0/AuAu200_170kHz_10C_Iter2_3001.xml_TPCMLDataInterface_1.npy,359.7076456869143,22.721758502896183,0.0083866817876696,2.9883437156677246,0.001,128,3,1000,0.2,True,100,45,34.63801879799432
SIREN,8,outer/12-2_7-0/AuAu200_170kHz_10C_Iter2_3001.xml_TPCMLDataInterface_1.npy,420.8872272945951,22.721758502896183,0.0099812485277652,2.984715461730957,0.001,128,3,1000,0.2,True,100,45,33.95585802395748
SIREN,9,outer/12-2_8-0/AuAu200_170kHz_10C_Iter2_3001.xml_TPCMLDataInterface_1.npy,378.9146507906627,22.721758502896183,0.0083051910623908,2.994262218475342,0.001,128,3,1000,0.2,True,100,45,34.41210151107482
SIREN,10,outer/12-2_9-0/AuAu200_170kHz_10C_Iter2_3001.xml_TPCMLDataInterface_1.npy,477.2431000041834,22.721758502896183,0.0108964378014206,3.015377283096313,0.001,128,3,1000,0.2,True,100,45,33.41011890699334
SIREN,11,outer/12-2_10-0/AuAu200_170kHz_10C_Iter2_3001.xml_TPCMLDataInterface_1.npy,403.3985316265061,22.721758502896183,0.0094643635675311,2.996046304702759,0.001,128,3,1000,0.2,True,100,45,34.140172357224365
SIREN,12,outer/12-2_11-0/AuAu200_170kHz_10C_Iter2_3001.xml_TPCMLDataInterface_1.npy,340.3178717474063,22.721758502896183,0.0072381282225251,2.9828453063964844,0.001,128,3,1000,0.2,True,100,45,34.8786679215592
SIREN,13,outer/12-2_0-1/AuAu200_170kHz_10C_Iter2_3001.xml_TPCMLDataInterface_1.npy,346.78158467202144,22.721758502896183,0.0085519775748252,2.990190267562866,0.001,128,3,1000,0.2,True,100,45,34.79695521922756
SIREN,14,outer/12-2_1-1/AuAu200_170kHz_10C_Iter2_3001.xml_TPCMLDataInterface_1.npy,421.8219557919177,22.721758502896183,0.0088524343445897,3.006086826324463,0.001,128,3,1000,0.2,True,100,45,33.94622367789616
SIREN,15,outer/12-2_2-1/AuAu200_170kHz_10C_Iter2_3001.xml_TPCMLDataInterface_1.npy,336.50602409638554,22.721758502896183,0.0080002648755908,3.00518536567688,0.001,128,3,1000,0.2,True,100,45,34.927587054421586
SIREN,16,outer/12-2_3-1/AuAu200_170kHz_10C_Iter2_3001.xml_TPCMLDataInterface_1.npy,346.16205969712183,22.721758502896183,0.0077518075704574,2.9958086013793945,0.001,128,3,1000,0.2,True,100,45,34.804720824753325
SIREN,17,outer/12-2_4-1/AuAu200_170kHz_10C_Iter2_3001.xml_TPCMLDataInterface_1.npy,335.9715136588019,22.721758502896183,0.0077207889407873,3.028317928314209,0.001,128,3,1000,0.2,True,100,45,34.934490927619265
SIREN,18,outer/12-2_5-1/AuAu200_170kHz_10C_Iter2_3001.xml_TPCMLDataInterface_1.npy,331.82011117386213,22.721758502896183,0.007779729552567,2.991356134414673,0.001,128,3,1000,0.2,True,100,45,34.98848844272406
SIREN,19,outer/12-2_6-1/AuAu200_170kHz_10C_Iter2_3001.xml_TPCMLDataInterface_1.npy,350.5410862198795,22.721758502896183,0.00847212318331,2.986191749572754,0.001,128,3,1000,0.2,True,100,45,34.75012620693133
SIREN,20,outer/12-2_7-1/AuAu200_170kHz_10C_Iter2_3001.xml_TPCMLDataInterface_1.npy,353.49099000167337,22.721758502896183,0.0084223449230194,3.0360121726989746,0.001,128,3,1000,0.2,True,100,45,34.71373200061112
SIREN,1,outer/12-2_0-0/AuAu200_170kHz_10C_Iter2_3001.xml_TPCMLDataInterface_1.npy,313.01398824464525,22.721758502896183,0.0072515159845352,4.003198146820068,0.001,128,3,1000,0.3,True,100,45,35.24187802652858
SIREN,2,outer/12-2_1-0/AuAu200_170kHz_10C_Iter2_3001.xml_TPCMLDataInterface_1.npy,420.3446115189926,22.721758502896183,0.0093365712091326,3.998891830444336,0.001,128,3,1000,0.3,True,100,45,33.96146064285389
SIREN,3,outer/12-2_2-0/AuAu200_170kHz_10C_Iter2_3001.xml_TPCMLDataInterface_1.npy,307.822601604334,22.721758502896183,0.0075020436197519,4.002325534820557,0.001,128,3,1000,0.3,True,100,45,35.31451044409775
SIREN,4,outer/12-2_3-0/AuAu200_170kHz_10C_Iter2_3001.xml_TPCMLDataInterface_1.npy,282.7882362784472,22.721758502896183,0.007240283768624,4.002202749252319,0.001,128,3,1000,0.3,True,100,45,35.682902095036795
SIREN,5,outer/12-2_4-0/AuAu200_170kHz_10C_Iter2_3001.xml_TPCMLDataInterface_1.npy,293.2390878618641,22.721758502896183,0.007356833666563,3.997854471206665,0.001,128,3,1000,0.3,True,100,45,35.52529688830515
SIREN,6,outer/12-2_5-0/AuAu200_170kHz_10C_Iter2_3001.xml_TPCMLDataInterface_1.npy,397.61249163319945,22.721758502896183,0.0092075821012258,4.059176683425903,0.001,128,3,1000,0.3,True,100,45,34.20291528770815
SIREN,7,outer/12-2_6-0/AuAu200_170kHz_10C_Iter2_3001.xml_TPCMLDataInterface_1.npy,349.8020611090194,22.721758502896183,0.0082416459918022,4.002264738082886,0.001,128,3,1000,0.3,True,100,45,34.75929184660348
SIREN,8,outer/12-2_7-0/AuAu200_170kHz_10C_Iter2_3001.xml_TPCMLDataInterface_1.npy,387.752351855338,22.721758502896183,0.0094735966995358,4.003878116607666,0.001,128,3,1000,0.3,True,100,45,34.311971081236194
SIREN,9,outer/12-2_8-0/AuAu200_170kHz_10C_Iter2_3001.xml_TPCMLDataInterface_1.npy,375.1668954463688,22.721758502896183,0.0084137506783008,4.000811815261841,0.001,128,3,1000,0.3,True,100,45,34.455270393139664
SIREN,10,outer/12-2_9-0/AuAu200_170kHz_10C_Iter2_3001.xml_TPCMLDataInterface_1.npy,447.9678845590696,22.721758502896183,0.0102685457095503,3.9991683959960938,0.001,128,3,1000,0.3,True,100,45,33.685046688286064
SIREN,11,outer/12-2_10-0/AuAu200_170kHz_10C_Iter2_3001.xml_TPCMLDataInterface_1.npy,387.70087119310574,22.721758502896183,0.0093295164406299,4.003573656082153,0.001,128,3,1000,0.3,True,100,45,34.3125477186632
SIREN,12,outer/12-2_11-0/AuAu200_170kHz_10C_Iter2_3001.xml_TPCMLDataInterface_1.npy,316.8810293256359,22.721758502896183,0.0066219992004334,4.000664472579956,0.001,128,3,1000,0.3,True,100,45,35.18855308648442
SIREN,13,outer/12-2_0-1/AuAu200_170kHz_10C_Iter2_3001.xml_TPCMLDataInterface_1.npy,321.621140813253,22.721758502896183,0.0080972295254468,4.000080823898315,0.001,128,3,1000,0.3,True,100,45,35.12406960690744
SIREN,14,outer/12-2_1-1/AuAu200_170kHz_10C_Iter2_3001.xml_TPCMLDataInterface_1.npy,375.13938828229584,22.721758502896183,0.0080395676195621,4.001108169555664,0.001,128,3,1000,0.3,True,100,45,34.45558882868617
SIREN,15,outer/12-2_2-1/AuAu200_170kHz_10C_Iter2_3001.xml_TPCMLDataInterface_1.npy,337.9073337621319,22.721758502896183,0.0077588739804923,4.005936861038208,0.001,128,3,1000,0.3,True,100,45,34.90953931192068
SIREN,16,outer/12-2_3-1/AuAu200_170kHz_10C_Iter2_3001.xml_TPCMLDataInterface_1.npy,323.4205546142905,22.721758502896183,0.0071610393933951,4.00099515914917,0.001,128,3,1000,0.3,True,100,45,35.09983931242801
SIREN,17,outer/12-2_4-1/AuAu200_170kHz_10C_Iter2_3001.xml_TPCMLDataInterface_1.npy,310.60331429886213,22.721758502896183,0.0073135928250849,4.00075101852417,0.001,128,3,1000,0.3,True,100,45,35.27545463201892
SIREN,18,outer/12-2_5-1/AuAu200_170kHz_10C_Iter2_3001.xml_TPCMLDataInterface_1.npy,316.3051555179049,22.721758502896183,0.0072771133854985,4.0040483474731445,0.001,128,3,1000,0.3,True,100,45,35.19645278145296
SIREN,19,outer/12-2_6-1/AuAu200_170kHz_10C_Iter2_3001.xml_TPCMLDataInterface_1.npy,331.61572461721886,22.721758502896183,0.0080194389447569,3.9998080730438232,0.001,128,3,1000,0.3,True,100,45,34.99116432942613
SIREN,20,outer/12-2_7-1/AuAu200_170kHz_10C_Iter2_3001.xml_TPCMLDataInterface_1.npy,335.68070981844045,22.721758502896183,0.007983555085957,4.001704931259155,0.001,128,3,1000,0.3,True,100,45,34.93825163909054
SIREN,1,outer/12-2_0-0/AuAu200_170kHz_10C_Iter2_3001.xml_TPCMLDataInterface_1.npy,324.0172591407296,22.721758502896183,0.0071507790125906,5.012186050415039,0.001,128,3,1000,0.4,True,100,45,35.09183404764341
SIREN,2,outer/12-2_1-0/AuAu200_170kHz_10C_Iter2_3001.xml_TPCMLDataInterface_1.npy,384.3313736717704,22.721758502896183,0.0083194002509117,5.00983476638794,0.001,128,3,1000,0.4,True,100,45,34.35045710604125
SIREN,3,outer/12-2_2-0/AuAu200_170kHz_10C_Iter2_3001.xml_TPCMLDataInterface_1.npy,300.5300328919846,22.721758502896183,0.0072226668708026,5.012700796127319,0.001,128,3,1000,0.4,True,100,45,35.41863669874178
SIREN,4,outer/12-2_3-0/AuAu200_170kHz_10C_Iter2_3001.xml_TPCMLDataInterface_1.npy,263.1973963562584,22.721758502896183,0.0063598179258406,5.010545015335083,0.001,128,3,1000,0.4,True,100,45,35.99469960001854
SIREN,5,outer/12-2_4-0/AuAu200_170kHz_10C_Iter2_3001.xml_TPCMLDataInterface_1.npy,301.5640047167838,22.721758502896183,0.0074249850586056,5.01149582862854,0.001,128,3,1000,0.4,True,100,45,35.40372046734488
SIREN,6,outer/12-2_5-0/AuAu200_170kHz_10C_Iter2_3001.xml_TPCMLDataInterface_1.npy,380.0673788905622,22.721758502896183,0.0090455655008554,5.013701915740967,0.001,128,3,1000,0.4,True,100,45,34.39890952975582
SIREN,7,outer/12-2_6-0/AuAu200_170kHz_10C_Iter2_3001.xml_TPCMLDataInterface_1.npy,304.4733687353581,22.721758502896183,0.0071054897271096,5.014288663864136,0.001,128,3,1000,0.4,True,100,45,35.36202236419137
SIREN,8,outer/12-2_7-0/AuAu200_170kHz_10C_Iter2_3001.xml_TPCMLDataInterface_1.npy,361.8757425535475,22.721758502896183,0.0088298767805099,5.01341438293457,0.001,128,3,1000,0.4,True,100,45,34.61192076540961
SIREN,9,outer/12-2_8-0/AuAu200_170kHz_10C_Iter2_3001.xml_TPCMLDataInterface_1.npy,334.31116000460173,22.721758502896183,0.0075534703209996,5.013410568237305,0.001,128,3,1000,0.4,True,100,45,34.95600674275871
SIREN,10,outer/12-2_9-0/AuAu200_170kHz_10C_Iter2_3001.xml_TPCMLDataInterface_1.npy,439.52696462935074,22.721758502896183,0.0099690482020378,5.011308431625366,0.001,128,3,1000,0.4,True,100,45,33.767660249192815
SIREN,11,outer/12-2_10-0/AuAu200_170kHz_10C_Iter2_3001.xml_TPCMLDataInterface_1.npy,369.766655162316,22.721758502896183,0.0090343952178955,5.012298107147217,0.001,128,3,1000,0.4,True,100,45,34.518238040097614
SIREN,12,outer/12-2_11-0/AuAu200_170kHz_10C_Iter2_3001.xml_TPCMLDataInterface_1.npy,327.8050208647088,22.721758502896183,0.006988616194576,5.010927200317383,0.001,128,3,1000,0.4,True,100,45,35.04135947558424
SIREN,13,outer/12-2_0-1/AuAu200_170kHz_10C_Iter2_3001.xml_TPCMLDataInterface_1.npy,319.54024431057564,22.721758502896183,0.0083744274452328,5.0242979526519775,0.001,128,3,1000,0.4,True,100,45,35.152259858615786
SIREN,14,outer/12-2_1-1/AuAu200_170kHz_10C_Iter2_3001.xml_TPCMLDataInterface_1.npy,373.41075369185074,22.721758502896183,0.0083815697580575,5.012359380722046,0.001,128,3,1000,0.4,True,100,45,34.475647279184074
SIREN,15,outer/12-2_2-1/AuAu200_170kHz_10C_Iter2_3001.xml_TPCMLDataInterface_1.npy,297.3632420306225,22.721758502896183,0.0075091146863996,5.0366387367248535,0.001,128,3,1000,0.4,True,100,45,35.464642657173066
SIREN,16,outer/12-2_3-1/AuAu200_170kHz_10C_Iter2_3001.xml_TPCMLDataInterface_1.npy,314.9814204735609,22.721758502896183,0.00702531542629,5.008702278137207,0.001,128,3,1000,0.4,True,100,45,35.214666115609276
SIREN,17,outer/12-2_4-1/AuAu200_170kHz_10C_Iter2_3001.xml_TPCMLDataInterface_1.npy,287.4468067582831,22.721758502896183,0.0065235598012804,5.012135744094849,0.001,128,3,1000,0.4,True,100,45,35.61194060328356
SIREN,18,outer/12-2_5-1/AuAu200_170kHz_10C_Iter2_3001.xml_TPCMLDataInterface_1.npy,295.1816798443775,22.721758502896183,0.006926161237061,5.011672019958496,0.001,128,3,1000,0.4,True,100,45,35.496621488321786
SIREN,19,outer/12-2_6-1/AuAu200_170kHz_10C_Iter2_3001.xml_TPCMLDataInterface_1.npy,314.9656869666165,22.721758502896183,0.0078087798319756,5.008653879165649,0.001,128,3,1000,0.4,True,100,45,35.214883053671784
SIREN,20,outer/12-2_7-1/AuAu200_170kHz_10C_Iter2_3001.xml_TPCMLDataInterface_1.npy,330.3281929802544,22.721758502896183,0.0078097023069858,5.013435363769531,0.001,128,3,1000,0.4,True,100,45,35.008059071579254
SIREN,1,outer/12-2_0-0/AuAu200_170kHz_10C_Iter2_3001.xml_TPCMLDataInterface_1.npy,307.7062311746988,22.721758502896183,0.0068993726745247,5.969818115234375,0.001,128,3,1000,0.5,True,100,45,35.31615257792993
SIREN,2,outer/12-2_1-0/AuAu200_170kHz_10C_Iter2_3001.xml_TPCMLDataInterface_1.npy,346.97558070824965,22.721758502896183,0.0078457109630107,5.932450771331787,0.001,128,3,1000,0.5,True,100,45,34.7945263748294
SIREN,3,outer/12-2_2-0/AuAu200_170kHz_10C_Iter2_3001.xml_TPCMLDataInterface_1.npy,304.6090625522925,22.721758502896183,0.0071751391515135,5.934352159500122,0.001,128,3,1000,0.5,True,100,45,35.36008728697125
SIREN,4,outer/12-2_3-0/AuAu200_170kHz_10C_Iter2_3001.xml_TPCMLDataInterface_1.npy,276.8686137780288,22.721758502896183,0.0068996343761682,5.930326461791992,0.001,128,3,1000,0.5,True,100,45,35.77477822474704
SIREN,5,outer/12-2_4-0/AuAu200_170kHz_10C_Iter2_3001.xml_TPCMLDataInterface_1.npy,266.26335550535475,22.721758502896183,0.0066483835689723,5.931419134140015,0.001,128,3,1000,0.5,True,100,45,35.944401479942506
SIREN,6,outer/12-2_5-0/AuAu200_170kHz_10C_Iter2_3001.xml_TPCMLDataInterface_1.npy,401.10824940386544,22.721758502896183,0.0093603078275918,5.9336817264556885,0.001,128,3,1000,0.5,True,100,45,34.16489954764162
SIREN,7,outer/12-2_6-0/AuAu200_170kHz_10C_Iter2_3001.xml_TPCMLDataInterface_1.npy,309.0142601656627,22.721758502896183,0.0072871292941272,6.050658464431763,0.001,128,3,1000,0.5,True,100,45,35.29773027373457
SIREN,8,outer/12-2_7-0/AuAu200_170kHz_10C_Iter2_3001.xml_TPCMLDataInterface_1.npy,365.9178157944277,22.721758502896183,0.0087758693844079,5.932450532913208,0.001,128,3,1000,0.5,True,100,45,34.56367993850444
SIREN,9,outer/12-2_8-0/AuAu200_170kHz_10C_Iter2_3001.xml_TPCMLDataInterface_1.npy,336.298765373996,22.721758502896183,0.0078428601846098,5.932462692260742,0.001,128,3,1000,0.5,True,100,45,34.93026275839148
SIREN,10,outer/12-2_9-0/AuAu200_170kHz_10C_Iter2_3001.xml_TPCMLDataInterface_1.npy,442.85797879016064,22.721758502896183,0.0099654970690608,5.932375907897949,0.001,128,3,1000,0.5,True,100,45,33.734870751776285
SIREN,11,outer/12-2_10-0/AuAu200_170kHz_10C_Iter2_3001.xml_TPCMLDataInterface_1.npy,353.1619237366131,22.721758502896183,0.0084892446175217,5.931927442550659,0.001,128,3,1000,0.5,True,100,45,34.71777674933139
SIREN,12,outer/12-2_11-0/AuAu200_170kHz_10C_Iter2_3001.xml_TPCMLDataInterface_1.npy,324.7993680450971,22.721758502896183,0.00670594163239,5.931564092636108,0.001,128,3,1000,0.5,True,100,45,35.081363731942396
SIREN,13,outer/12-2_0-1/AuAu200_170kHz_10C_Iter2_3001.xml_TPCMLDataInterface_1.npy,303.6257229438588,22.721758502896183,0.0078369509428739,5.932952404022217,0.001,128,3,1000,0.5,True,100,45,35.37412986881758
SIREN,14,outer/12-2_1-1/AuAu200_170kHz_10C_Iter2_3001.xml_TPCMLDataInterface_1.npy,376.2925987805388,22.721758502896183,0.008598543703556,5.932126998901367,0.001,128,3,1000,0.5,True,100,45,34.442258724094415
SIREN,15,outer/12-2_2-1/AuAu200_170kHz_10C_Iter2_3001.xml_TPCMLDataInterface_1.npy,303.4232424489625,22.721758502896183,0.0071743144653737,5.931130647659302,0.001,128,3,1000,0.5,True,100,45,35.37702703757664
SIREN,16,outer/12-2_3-1/AuAu200_170kHz_10C_Iter2_3001.xml_TPCMLDataInterface_1.npy,303.5071797607095,22.721758502896183,0.0069744423963129,5.9302239418029785,0.001,128,3,1000,0.5,True,100,45,35.37582579571378
SIREN,17,outer/12-2_4-1/AuAu200_170kHz_10C_Iter2_3001.xml_TPCMLDataInterface_1.npy,305.5540390729585,22.721758502896183,0.0073557626456022,5.932324409484863,0.001,128,3,1000,0.5,True,100,45,35.34663519799761
SIREN,18,outer/12-2_5-1/AuAu200_170kHz_10C_Iter2_3001.xml_TPCMLDataInterface_1.npy,276.81639709881193,22.721758502896183,0.0066629764623939,5.932277679443359,0.001,128,3,1000,0.5,True,100,45,35.77559736975797
SIREN,19,outer/12-2_6-1/AuAu200_170kHz_10C_Iter2_3001.xml_TPCMLDataInterface_1.npy,312.54340408509034,22.721758502896183,0.0076276799663901,5.929855823516846,0.001,128,3,1000,0.5,True,100,45,35.24841210780788
SIREN,20,outer/12-2_7-1/AuAu200_170kHz_10C_Iter2_3001.xml_TPCMLDataInterface_1.npy,317.778960895666,22.721758502896183,0.0077101266942918,5.932810068130493,0.001,128,3,1000,0.5,True,100,45,35.176264081593565
SIREN,1,outer/12-2_0-0/AuAu200_170kHz_10C_Iter2_3001.xml_TPCMLDataInterface_1.npy,296.86605013805223,22.721758502896183,0.0070414659567177,6.863010883331299,0.001,128,3,1000,0.6,True,100,45,35.47191014629298
SIREN,2,outer/12-2_1-0/AuAu200_170kHz_10C_Iter2_3001.xml_TPCMLDataInterface_1.npy,391.1608988035475,22.721758502896183,0.0083814654499292,6.880448579788208,0.001,128,3,1000,0.6,True,100,45,34.273961133943054
SIREN,3,outer/12-2_2-0/AuAu200_170kHz_10C_Iter2_3001.xml_TPCMLDataInterface_1.npy,298.4989646084337,22.721758502896183,0.007167590316385,6.863577365875244,0.001,128,3,1000,0.6,True,100,45,35.44808719719202
SIREN,4,outer/12-2_3-0/AuAu200_170kHz_10C_Iter2_3001.xml_TPCMLDataInterface_1.npy,284.8139249707162,22.721758502896183,0.0070283394306898,6.86304497718811,0.001,128,3,1000,0.6,True,100,45,35.65190329988704
SIREN,5,outer/12-2_4-0/AuAu200_170kHz_10C_Iter2_3001.xml_TPCMLDataInterface_1.npy,277.9542309864458,22.721758502896183,0.0070235291495919,6.871132135391235,0.001,128,3,1000,0.6,True,100,45,35.75778259562932
SIREN,6,outer/12-2_5-0/AuAu200_170kHz_10C_Iter2_3001.xml_TPCMLDataInterface_1.npy,386.4820532128514,22.721758502896183,0.0089991772547364,6.862353563308716,0.001,128,3,1000,0.6,True,100,45,34.32622217062786
SIREN,7,outer/12-2_6-0/AuAu200_170kHz_10C_Iter2_3001.xml_TPCMLDataInterface_1.npy,305.8141001506024,22.721758502896183,0.0070661548525094,6.898065567016602,0.001,128,3,1000,0.6,True,100,45,35.34294043242038
SIREN,8,outer/12-2_7-0/AuAu200_170kHz_10C_Iter2_3001.xml_TPCMLDataInterface_1.npy,357.6928142256526,22.721758502896183,0.0088732605800032,6.8650312423706055,0.001,128,3,1000,0.6,True,100,45,34.66241333173596
SIREN,9,outer/12-2_8-0/AuAu200_170kHz_10C_Iter2_3001.xml_TPCMLDataInterface_1.npy,322.9672295954652,22.721758502896183,0.0074089518748223,6.863575458526611,0.001,128,3,1000,0.6,True,100,45,35.10593090608965
SIREN,10,outer/12-2_9-0/AuAu200_170kHz_10C_Iter2_3001.xml_TPCMLDataInterface_1.npy,406.4306941306894,22.721758502896183,0.0095544420182704,6.861443042755127,0.001,128,3,1000,0.6,True,100,45,34.10765049815507
SIREN,11,outer/12-2_10-0/AuAu200_170kHz_10C_Iter2_3001.xml_TPCMLDataInterface_1.npy,343.24716836094376,22.721758502896183,0.0083579802885651,6.867092132568359,0.001,128,3,1000,0.6,True,100,45,34.841445855831026
SIREN,12,outer/12-2_11-0/AuAu200_170kHz_10C_Iter2_3001.xml_TPCMLDataInterface_1.npy,308.0634844063755,22.721758502896183,0.0063936412334442,6.869906187057495,0.001,128,3,1000,0.6,True,100,45,35.31111325492843
SIREN,13,outer/12-2_0-1/AuAu200_170kHz_10C_Iter2_3001.xml_TPCMLDataInterface_1.npy,302.1463706388052,22.721758502896183,0.0077787498012185,6.864820718765259,0.001,128,3,1000,0.6,True,100,45,35.395341668664024
SIREN,14,outer/12-2_1-1/AuAu200_170kHz_10C_Iter2_3001.xml_TPCMLDataInterface_1.npy,347.19415683567604,22.721758502896183,0.0076981419697403,6.9060022830963135,0.001,128,3,1000,0.6,True,100,45,34.79179141235494
SIREN,15,outer/12-2_2-1/AuAu200_170kHz_10C_Iter2_3001.xml_TPCMLDataInterface_1.npy,290.0065182605422,22.721758502896183,0.0071216649375855,6.866345405578613,0.001,128,3,1000,0.6,True,100,45,35.57343789444784
SIREN,16,outer/12-2_3-1/AuAu200_170kHz_10C_Iter2_3001.xml_TPCMLDataInterface_1.npy,296.2850791185576,22.721758502896183,0.0067812539637088,7.057199478149414,0.001,128,3,1000,0.6,True,100,45,35.48041767754944
SIREN,17,outer/12-2_4-1/AuAu200_170kHz_10C_Iter2_3001.xml_TPCMLDataInterface_1.npy,257.8656252614625,22.721758502896183,0.0062185241840779,7.167296648025513,0.001,128,3,1000,0.6,True,100,45,36.08358096331585
SIREN,18,outer/12-2_5-1/AuAu200_170kHz_10C_Iter2_3001.xml_TPCMLDataInterface_1.npy,297.39724915286143,22.721758502896183,0.0069523025304079,6.932116270065308,0.001,128,3,1000,0.6,True,100,45,35.464146016734816
SIREN,19,outer/12-2_6-1/AuAu200_170kHz_10C_Iter2_3001.xml_TPCMLDataInterface_1.npy,308.9198421289324,22.721758502896183,0.0076186191290616,6.897972106933594,0.001,128,3,1000,0.6,True,100,45,35.299057445434954
SIREN,20,outer/12-2_7-1/AuAu200_170kHz_10C_Iter2_3001.xml_TPCMLDataInterface_1.npy,313.1128707538487,22.721758502896183,0.00764927174896,7.085226774215698,0.001,128,3,1000,0.6,True,100,45,35.24050628762795
SIREN,1,outer/12-2_0-0/AuAu200_170kHz_10C_Iter2_3001.xml_TPCMLDataInterface_1.npy,282.61555074464525,22.721758502896183,0.0067293820902705,7.7876670360565186,0.001,128,3,1000,0.7,True,100,45,35.68555493813718
SIREN,2,outer/12-2_1-0/AuAu200_170kHz_10C_Iter2_3001.xml_TPCMLDataInterface_1.npy,361.6005519473728,22.721758502896183,0.0082430848851799,7.787802696228027,0.001,128,3,1000,0.7,True,100,45,34.615224640558125
SIREN,3,outer/12-2_2-0/AuAu200_170kHz_10C_Iter2_3001.xml_TPCMLDataInterface_1.npy,285.57221333249663,22.721758502896183,0.0069902813993394,7.790401697158813,0.001,128,3,1000,0.7,True,100,45,35.64035601207236
SIREN,4,outer/12-2_3-0/AuAu200_170kHz_10C_Iter2_3001.xml_TPCMLDataInterface_1.npy,269.5669317896586,22.721758502896183,0.0067530940286815,7.786825656890869,0.001,128,3,1000,0.7,True,100,45,35.89084933240997
SIREN,5,outer/12-2_4-0/AuAu200_170kHz_10C_Iter2_3001.xml_TPCMLDataInterface_1.npy,280.0389905978079,22.721758502896183,0.0069613247178494,7.834321022033691,0.001,128,3,1000,0.7,True,100,45,35.7253304520138
SIREN,6,outer/12-2_5-0/AuAu200_170kHz_10C_Iter2_3001.xml_TPCMLDataInterface_1.npy,364.09486513763386,22.721758502896183,0.0085939345881342,7.787559747695923,0.001,128,3,1000,0.7,True,100,45,34.58536994683781
SIREN,7,outer/12-2_6-0/AuAu200_170kHz_10C_Iter2_3001.xml_TPCMLDataInterface_1.npy,367.07908979668673,22.721758502896183,0.0084786843508481,7.786025047302246,0.001,128,3,1000,0.7,True,100,45,34.54991902602953
SIREN,8,outer/12-2_7-0/AuAu200_170kHz_10C_Iter2_3001.xml_TPCMLDataInterface_1.npy,349.4070121632363,22.721758502896183,0.0085272872820496,7.788745880126953,0.001,128,3,1000,0.7,True,100,45,34.76419932283768
SIREN,9,outer/12-2_8-0/AuAu200_170kHz_10C_Iter2_3001.xml_TPCMLDataInterface_1.npy,301.37494901480926,22.721758502896183,0.0068846037611365,7.887611627578735,0.001,128,3,1000,0.7,True,100,45,35.40644398853463
SIREN,10,outer/12-2_9-0/AuAu200_170kHz_10C_Iter2_3001.xml_TPCMLDataInterface_1.npy,429.403624916332,22.721758502896183,0.0095329228788614,7.784038543701172,0.001,128,3,1000,0.7,True,100,45,33.86885842447681
SIREN,11,outer/12-2_10-0/AuAu200_170kHz_10C_Iter2_3001.xml_TPCMLDataInterface_1.npy,338.0353000543842,22.721758502896183,0.0081814303994178,7.784564971923828,0.001,128,3,1000,0.7,True,100,45,34.907894939973175
SIREN,12,outer/12-2_11-0/AuAu200_170kHz_10C_Iter2_3001.xml_TPCMLDataInterface_1.npy,287.4651731927711,22.721758502896183,0.0059157810173928,7.783953905105591,0.001,128,3,1000,0.7,True,100,45,35.61166311937537
SIREN,13,outer/12-2_0-1/AuAu200_170kHz_10C_Iter2_3001.xml_TPCMLDataInterface_1.npy,302.0878265666834,22.721758502896183,0.007667701691389,7.792928457260132,0.001,128,3,1000,0.7,True,100,45,35.396183241937024
SIREN,14,outer/12-2_1-1/AuAu200_170kHz_10C_Iter2_3001.xml_TPCMLDataInterface_1.npy,354.99672910391564,22.721758502896183,0.0078010247088968,7.787053823471069,0.001,128,3,1000,0.7,True,100,45,34.69527197229361
SIREN,15,outer/12-2_2-1/AuAu200_170kHz_10C_Iter2_3001.xml_TPCMLDataInterface_1.npy,280.2177747448126,22.721758502896183,0.0069952011108398,7.797935009002685,0.001,128,3,1000,0.7,True,100,45,35.72255868821068
SIREN,16,outer/12-2_3-1/AuAu200_170kHz_10C_Iter2_3001.xml_TPCMLDataInterface_1.npy,276.4759454484605,22.721758502896183,0.0064281579107046,7.804360151290893,0.001,128,3,1000,0.7,True,100,45,35.780941969001184
SIREN,17,outer/12-2_4-1/AuAu200_170kHz_10C_Iter2_3001.xml_TPCMLDataInterface_1.npy,270.99622578857094,22.721758502896183,0.0064626690000295,7.78404974937439,0.001,128,3,1000,0.7,True,100,45,35.867883063451245
SIREN,18,outer/12-2_5-1/AuAu200_170kHz_10C_Iter2_3001.xml_TPCMLDataInterface_1.npy,286.7241387424699,22.721758502896183,0.0068694027140736,7.787992477416992,0.001,128,3,1000,0.7,True,100,45,35.62287291881445
SIREN,19,outer/12-2_6-1/AuAu200_170kHz_10C_Iter2_3001.xml_TPCMLDataInterface_1.npy,312.1058596364625,22.721758502896183,0.0077535100281238,7.784765720367432,0.001,128,3,1000,0.7,True,100,45,35.254496263565066
SIREN,20,outer/12-2_7-1/AuAu200_170kHz_10C_Iter2_3001.xml_TPCMLDataInterface_1.npy,290.35913314717203,22.721758502896183,0.0070452019572257,7.838794708251953,0.001,128,3,1000,0.7,True,100,45,35.56816057598586
SIREN,1,outer/12-2_0-0/AuAu200_170kHz_10C_Iter2_3001.xml_TPCMLDataInterface_1.npy,276.1383241298527,22.721758502896183,0.0064568864181637,8.751028776168823,0.001,128,3,1000,0.8,True,100,45,35.786248639565436
SIREN,2,outer/12-2_1-0/AuAu200_170kHz_10C_Iter2_3001.xml_TPCMLDataInterface_1.npy,336.2764064068775,22.721758502896183,0.0080243628472089,8.725336790084839,0.001,128,3,1000,0.8,True,100,45,34.93055151053255
SIREN,3,outer/12-2_2-0/AuAu200_170kHz_10C_Iter2_3001.xml_TPCMLDataInterface_1.npy,269.1446489081325,22.721758502896183,0.0065432083792984,8.716440677642822,0.001,128,3,1000,0.8,True,100,45,35.89765799104598
SIREN,4,outer/12-2_3-0/AuAu200_170kHz_10C_Iter2_3001.xml_TPCMLDataInterface_1.npy,265.625687646419,22.721758502896183,0.0067354519851505,8.72283411026001,0.001,128,3,1000,0.8,True,100,45,35.95481477078458
SIREN,5,outer/12-2_4-0/AuAu200_170kHz_10C_Iter2_3001.xml_TPCMLDataInterface_1.npy,267.3997252028949,22.721758502896183,0.0065959203056991,8.721659421920776,0.001,128,3,1000,0.8,True,100,45,35.925905921497545
SIREN,6,outer/12-2_5-0/AuAu200_170kHz_10C_Iter2_3001.xml_TPCMLDataInterface_1.npy,350.3871736947791,22.721758502896183,0.0082935513928532,8.789817810058594,0.001,128,3,1000,0.8,True,100,45,34.75203348803965
SIREN,7,outer/12-2_6-0/AuAu200_170kHz_10C_Iter2_3001.xml_TPCMLDataInterface_1.npy,318.6290997322624,22.721758502896183,0.0076563809998333,8.720740795135498,0.001,128,3,1000,0.8,True,100,45,35.164661122798975
SIREN,8,outer/12-2_7-0/AuAu200_170kHz_10C_Iter2_3001.xml_TPCMLDataInterface_1.npy,350.2477775686078,22.721758502896183,0.0085102235898375,8.92616081237793,0.001,128,3,1000,0.8,True,100,45,34.753761605344806
SIREN,9,outer/12-2_8-0/AuAu200_170kHz_10C_Iter2_3001.xml_TPCMLDataInterface_1.npy,326.4096280957162,22.721758502896183,0.0073683112859725,8.847417831420898,0.001,128,3,1000,0.8,True,100,45,35.059885881240824
SIREN,10,outer/12-2_9-0/AuAu200_170kHz_10C_Iter2_3001.xml_TPCMLDataInterface_1.npy,409.2728975799029,22.721758502896183,0.0094821816310286,8.715312719345093,0.001,128,3,1000,0.8,True,100,45,34.07738562541586
SIREN,11,outer/12-2_10-0/AuAu200_170kHz_10C_Iter2_3001.xml_TPCMLDataInterface_1.npy,347.8129471009036,22.721758502896183,0.0084476331248879,8.71561861038208,0.001,128,3,1000,0.8,True,100,45,34.78405804482155
SIREN,12,outer/12-2_11-0/AuAu200_170kHz_10C_Iter2_3001.xml_TPCMLDataInterface_1.npy,299.76229396753683,22.721758502896183,0.006496949121356,8.716676235198975,0.001,128,3,1000,0.8,True,100,45,35.42974545177108
SIREN,13,outer/12-2_0-1/AuAu200_170kHz_10C_Iter2_3001.xml_TPCMLDataInterface_1.npy,334.5200345653447,22.721758502896183,0.0083011779934167,8.71842360496521,0.001,128,3,1000,0.8,True,100,45,34.95329415779479
SIREN,14,outer/12-2_1-1/AuAu200_170kHz_10C_Iter2_3001.xml_TPCMLDataInterface_1.npy,343.8167513805221,22.721758502896183,0.0075845536775887,8.868715524673462,0.001,128,3,1000,0.8,True,100,45,34.83424516279652
SIREN,15,outer/12-2_2-1/AuAu200_170kHz_10C_Iter2_3001.xml_TPCMLDataInterface_1.npy,288.2893370356426,22.721758502896183,0.0070999851450324,8.755985021591187,0.001,128,3,1000,0.8,True,100,45,35.59922969341841
SIREN,16,outer/12-2_3-1/AuAu200_170kHz_10C_Iter2_3001.xml_TPCMLDataInterface_1.npy,298.0121292461513,22.721758502896183,0.0067366734147071,8.770378351211548,0.001,128,3,1000,0.8,True,100,45,35.45517608323474
SIREN,17,outer/12-2_4-1/AuAu200_170kHz_10C_Iter2_3001.xml_TPCMLDataInterface_1.npy,279.31010369603416,22.721758502896183,0.0064895125105977,8.77581524848938,0.001,128,3,1000,0.8,True,100,45,35.73664902718542
SIREN,18,outer/12-2_5-1/AuAu200_170kHz_10C_Iter2_3001.xml_TPCMLDataInterface_1.npy,284.0700052815428,22.721758502896183,0.0067049101926386,8.734504222869873,0.001,128,3,1000,0.8,True,100,45,35.66326169420848
SIREN,19,outer/12-2_6-1/AuAu200_170kHz_10C_Iter2_3001.xml_TPCMLDataInterface_1.npy,313.7003090486948,22.721758502896183,0.0077853119000792,8.75484037399292,0.001,128,3,1000,0.8,True,100,45,35.23236602214462
SIREN,20,outer/12-2_7-1/AuAu200_170kHz_10C_Iter2_3001.xml_TPCMLDataInterface_1.npy,305.8612470716198,22.721758502896183,0.0077522997744381,8.718960285186768,0.001,128,3,1000,0.8,True,100,45,35.342270938455314
SIREN,1,outer/12-2_0-0/AuAu200_170kHz_10C_Iter2_3001.xml_TPCMLDataInterface_1.npy,272.677913476824,22.721758502896183,0.0063414457254111,9.643880128860474,0.001,128,3,1000,0.9,True,100,45,35.84101586636244
SIREN,2,outer/12-2_1-0/AuAu200_170kHz_10C_Iter2_3001.xml_TPCMLDataInterface_1.npy,325.6105698837015,22.721758502896183,0.0076204575598239,9.641764879226685,0.001,128,3,1000,0.9,True,100,45,35.070530543691575
SIREN,3,outer/12-2_2-0/AuAu200_170kHz_10C_Iter2_3001.xml_TPCMLDataInterface_1.npy,274.02985379016064,22.721758502896183,0.0064478698186576,9.68639636039734,0.001,128,3,1000,0.9,True,100,45,35.81953669778599
SIREN,4,outer/12-2_3-0/AuAu200_170kHz_10C_Iter2_3001.xml_TPCMLDataInterface_1.npy,249.5839922188755,22.721758502896183,0.0062256879173219,9.642995834350586,0.001,128,3,1000,0.9,True,100,45,36.225348215786234
SIREN,5,outer/12-2_4-0/AuAu200_170kHz_10C_Iter2_3001.xml_TPCMLDataInterface_1.npy,255.75134783927376,22.721758502896183,0.0065377210266888,9.642593622207642,0.001,128,3,1000,0.9,True,100,45,36.11933617594558
SIREN,6,outer/12-2_5-0/AuAu200_170kHz_10C_Iter2_3001.xml_TPCMLDataInterface_1.npy,399.5913719984103,22.721758502896183,0.0093457857146859,9.788735389709473,0.001,128,3,1000,0.9,True,100,45,34.18135446425191
SIREN,7,outer/12-2_6-0/AuAu200_170kHz_10C_Iter2_3001.xml_TPCMLDataInterface_1.npy,293.88047633241297,22.721758502896183,0.007285654079169,9.64578628540039,0.001,128,3,1000,0.9,True,100,45,35.51580813673522
SIREN,8,outer/12-2_7-0/AuAu200_170kHz_10C_Iter2_3001.xml_TPCMLDataInterface_1.npy,348.8639205258534,22.721758502896183,0.0085257152095437,9.65567660331726,0.001,128,3,1000,0.9,True,100,45,34.77095491691444
SIREN,9,outer/12-2_8-0/AuAu200_170kHz_10C_Iter2_3001.xml_TPCMLDataInterface_1.npy,312.43302899096386,22.721758502896183,0.0071300934068858,10.000855922698976,0.001,128,3,1000,0.9,True,100,45,35.2499460950842
SIREN,10,outer/12-2_9-0/AuAu200_170kHz_10C_Iter2_3001.xml_TPCMLDataInterface_1.npy,418.471164606342,22.721758502896183,0.0096398442983627,9.646607637405396,0.001,128,3,1000,0.9,True,100,45,33.980860111302825
SIREN,11,outer/12-2_10-0/AuAu200_170kHz_10C_Iter2_3001.xml_TPCMLDataInterface_1.npy,346.48329777443104,22.721758502896183,0.008307778276503,9.71039342880249,0.001,128,3,1000,0.9,True,100,45,34.800692444779344
SIREN,12,outer/12-2_11-0/AuAu200_170kHz_10C_Iter2_3001.xml_TPCMLDataInterface_1.npy,348.7965900058568,22.721758502896183,0.0073493947274982,9.640935897827148,0.001,128,3,1000,0.9,True,100,45,34.771793183462364
SIREN,13,outer/12-2_0-1/AuAu200_170kHz_10C_Iter2_3001.xml_TPCMLDataInterface_1.npy,285.8595593310743,22.721758502896183,0.0072390581481158,9.689602136611938,0.001,128,3,1000,0.9,True,100,45,35.63598828881763
SIREN,14,outer/12-2_1-1/AuAu200_170kHz_10C_Iter2_3001.xml_TPCMLDataInterface_1.npy,341.84500894201807,22.721758502896183,0.0076028928160667,9.653925895690918,0.001,128,3,1000,0.9,True,100,45,34.85922305337715
SIREN,15,outer/12-2_2-1/AuAu200_170kHz_10C_Iter2_3001.xml_TPCMLDataInterface_1.npy,281.4465439884538,22.721758502896183,0.0071292198263108,9.646875619888306,0.001,128,3,1000,0.9,True,100,45,35.70355628639795
SIREN,16,outer/12-2_3-1/AuAu200_170kHz_10C_Iter2_3001.xml_TPCMLDataInterface_1.npy,277.01373201137886,22.721758502896183,0.0066327918320894,9.927361965179443,0.001,128,3,1000,0.9,True,100,45,35.7725025050066
SIREN,17,outer/12-2_4-1/AuAu200_170kHz_10C_Iter2_3001.xml_TPCMLDataInterface_1.npy,282.9451608517403,22.721758502896183,0.0067397356033325,9.90899395942688,0.001,128,3,1000,0.9,True,100,45,35.68049278074319
SIREN,18,outer/12-2_5-1/AuAu200_170kHz_10C_Iter2_3001.xml_TPCMLDataInterface_1.npy,276.8378252593708,22.721758502896183,0.0066567058674991,9.664388418197632,0.001,128,3,1000,0.9,True,100,45,35.77526119849739
SIREN,19,outer/12-2_6-1/AuAu200_170kHz_10C_Iter2_3001.xml_TPCMLDataInterface_1.npy,304.3592678003681,22.721758502896183,0.0073665268719196,9.661316633224487,0.001,128,3,1000,0.9,True,100,45,35.363650181231804
SIREN,20,outer/12-2_7-1/AuAu200_170kHz_10C_Iter2_3001.xml_TPCMLDataInterface_1.npy,335.52186349564926,22.721758502896183,0.0081180911511182,9.696853876113892,0.001,128,3,1000,0.9,True,100,45,34.94030723558225
SIREN,1,outer/12-2_0-0/AuAu200_170kHz_10C_Iter2_3001.xml_TPCMLDataInterface_1.npy,276.5107278070616,22.721758502896183,0.006411493755877,10.569256782531738,0.001,128,3,1000,1.0,True,100,45,35.78039563444527
SIREN,2,outer/12-2_1-0/AuAu200_170kHz_10C_Iter2_3001.xml_TPCMLDataInterface_1.npy,397.8342615252677,22.721758502896183,0.0084758885204792,10.602186918258669,0.001,128,3,1000,1.0,True,100,45,34.20049366885081
SIREN,3,outer/12-2_2-0/AuAu200_170kHz_10C_Iter2_3001.xml_TPCMLDataInterface_1.npy,279.28365676246653,22.721758502896183,0.0067483480088412,10.59643292427063,0.001,128,3,1000,1.0,True,100,45,35.73706026548177
SIREN,4,outer/12-2_3-0/AuAu200_170kHz_10C_Iter2_3001.xml_TPCMLDataInterface_1.npy,266.79642528447124,22.721758502896183,0.0066013131290674,10.5733962059021,0.001,128,3,1000,1.0,True,100,45,35.935715424492244
SIREN,5,outer/12-2_4-0/AuAu200_170kHz_10C_Iter2_3001.xml_TPCMLDataInterface_1.npy,259.0813540620817,22.721758502896183,0.006692006252706,10.567334413528442,0.001,128,3,1000,1.0,True,100,45,36.06315390583808
SIREN,6,outer/12-2_5-0/AuAu200_170kHz_10C_Iter2_3001.xml_TPCMLDataInterface_1.npy,364.67701927501673,22.721758502896183,0.0085839321836829,10.568987369537354,0.001,128,3,1000,1.0,True,100,45,34.578431523754624
SIREN,7,outer/12-2_6-0/AuAu200_170kHz_10C_Iter2_3001.xml_TPCMLDataInterface_1.npy,305.27076927501673,22.721758502896183,0.0073079690337181,10.6248459815979,0.001,128,3,1000,1.0,True,100,45,35.3506632766635
SIREN,8,outer/12-2_7-0/AuAu200_170kHz_10C_Iter2_3001.xml_TPCMLDataInterface_1.npy,348.83646173234604,22.721758502896183,0.0084449294954538,10.579509019851685,0.001,128,3,1000,1.0,True,100,45,34.77129675999808
SIREN,9,outer/12-2_8-0/AuAu200_170kHz_10C_Iter2_3001.xml_TPCMLDataInterface_1.npy,327.547898625753,22.721758502896183,0.0076488540507853,10.571880102157593,0.001,128,3,1000,1.0,True,100,45,35.044767311941165
SIREN,10,outer/12-2_9-0/AuAu200_170kHz_10C_Iter2_3001.xml_TPCMLDataInterface_1.npy,416.4599465570616,22.721758502896183,0.0096232816576957,10.565595388412476,0.001,128,3,1000,1.0,True,100,45,34.00178309712669
SIREN,11,outer/12-2_10-0/AuAu200_170kHz_10C_Iter2_3001.xml_TPCMLDataInterface_1.npy,353.3612000083668,22.721758502896183,0.0086197424679994,10.619738817214966,0.001,128,3,1000,1.0,True,100,45,34.71532687657894
SIREN,12,outer/12-2_11-0/AuAu200_170kHz_10C_Iter2_3001.xml_TPCMLDataInterface_1.npy,280.7370484542336,22.721758502896183,0.006077314261347,10.577115535736084,0.001,128,3,1000,1.0,True,100,45,35.714518191483
SIREN,13,outer/12-2_0-1/AuAu200_170kHz_10C_Iter2_3001.xml_TPCMLDataInterface_1.npy,292.0787917294177,22.721758502896183,0.007449381519109,10.581536769866943,0.001,128,3,1000,1.0,True,100,45,35.54251525409683
SIREN,14,outer/12-2_1-1/AuAu200_170kHz_10C_Iter2_3001.xml_TPCMLDataInterface_1.npy,349.5294040746319,22.721758502896183,0.0078056813217699,10.568090438842772,0.001,128,3,1000,1.0,True,100,45,34.762678322327275
SIREN,15,outer/12-2_2-1/AuAu200_170kHz_10C_Iter2_3001.xml_TPCMLDataInterface_1.npy,278.91935450133866,22.721758502896183,0.0071041639894247,10.631370782852173,0.001,128,3,1000,1.0,True,100,45,35.74272897313914
SIREN,16,outer/12-2_3-1/AuAu200_170kHz_10C_Iter2_3001.xml_TPCMLDataInterface_1.npy,299.94403002635545,22.721758502896183,0.0069534345529973,10.578559398651125,0.001,128,3,1000,1.0,True,100,45,35.42711326442318
SIREN,17,outer/12-2_4-1/AuAu200_170kHz_10C_Iter2_3001.xml_TPCMLDataInterface_1.npy,297.90110572498327,22.721758502896183,0.0067819175310432,10.620723247528076,0.001,128,3,1000,1.0,True,100,45,35.456794335702824
SIREN,18,outer/12-2_5-1/AuAu200_170kHz_10C_Iter2_3001.xml_TPCMLDataInterface_1.npy,286.73906040829985,22.721758502896183,0.0067955269478261,10.570530652999878,0.001,128,3,1000,1.0,True,100,45,35.62264690964275
SIREN,19,outer/12-2_6-1/AuAu200_170kHz_10C_Iter2_3001.xml_TPCMLDataInterface_1.npy,303.37157222640565,22.721758502896183,0.0076260012574493,10.67365312576294,0.001,128,3,1000,1.0,True,100,45,35.377766664615194
SIREN,20,outer/12-2_7-1/AuAu200_170kHz_10C_Iter2_3001.xml_TPCMLDataInterface_1.npy,300.7741800535475,22.721758502896183,0.0074963811784982,10.567883253097534,0.001,128,3,1000,1.0,True,100,45,35.4151099723832
