model,data_sample,file_name,original_mse,compression_ratio,transformed_mse,training_time,lr,hidden_features,hidden_layers,max_iters,zero_fraction,refresh_interval,a,s,original_psnr
WIRE,1,outer/12-2_0-0/AuAu200_170kHz_10C_Iter2_3001.xml_TPCMLDataInterface_1.npy,1623.8610601259204,3.8504960811851583,0.0279309432953596,162.64901471138,0.001,256,4,2000,1,1000,0.1,0.1,28.092026811291618
WIRE,2,outer/12-2_1-0/AuAu200_170kHz_10C_Iter2_3001.xml_TPCMLDataInterface_1.npy,1907.0226910245144,3.8504960811851583,0.0300769619643688,162.71714329719543,0.001,256,4,2000,1,1000,0.1,0.1,27.39395688165706
WIRE,3,outer/12-2_2-0/AuAu200_170kHz_10C_Iter2_3001.xml_TPCMLDataInterface_1.npy,1528.389654974063,3.8504960811851583,0.0269638691097497,162.67818880081177,0.001,256,4,2000,1,1000,0.1,0.1,28.355174592972276
WIRE,4,outer/12-2_3-0/AuAu200_170kHz_10C_Iter2_3001.xml_TPCMLDataInterface_1.npy,1431.963248828648,3.8504960811851583,0.0269724279642105,162.69072937965393,0.001,256,4,2000,1,1000,0.1,0.1,28.63819676769929
WIRE,5,outer/12-2_4-0/AuAu200_170kHz_10C_Iter2_3001.xml_TPCMLDataInterface_1.npy,1391.6711768950804,3.8504960811851583,0.0276869237422943,162.74086833000183,0.001,256,4,2000,1,1000,0.1,0.1,28.762149161719424
WIRE,1,outer/12-2_0-0/AuAu200_170kHz_10C_Iter2_3001.xml_TPCMLDataInterface_1.npy,1623.8610601259204,3.8504960811851583,0.0273830946534872,141.47382640838623,0.001,256,4,2000,1,1000,0.1,1.0,28.092026811291618
WIRE,2,outer/12-2_1-0/AuAu200_170kHz_10C_Iter2_3001.xml_TPCMLDataInterface_1.npy,1907.0226910245144,3.8504960811851583,0.0298379864543676,137.8307588100433,0.001,256,4,2000,1,1000,0.1,1.0,27.39395688165706
WIRE,3,outer/12-2_2-0/AuAu200_170kHz_10C_Iter2_3001.xml_TPCMLDataInterface_1.npy,1528.389654974063,3.8504960811851583,0.0267298053950071,137.86518168449402,0.001,256,4,2000,1,1000,0.1,1.0,28.355174592972276
WIRE,4,outer/12-2_3-0/AuAu200_170kHz_10C_Iter2_3001.xml_TPCMLDataInterface_1.npy,1431.8902864060408,3.8504960811851583,0.0265458337962627,137.82160663604736,0.001,256,4,2000,1,1000,0.1,1.0,28.638418058188783
WIRE,5,outer/12-2_4-0/AuAu200_170kHz_10C_Iter2_3001.xml_TPCMLDataInterface_1.npy,1391.6711768950804,3.8504960811851583,0.0272844303399324,138.04442739486694,0.001,256,4,2000,1,1000,0.1,1.0,28.762149161719424
WIRE,1,outer/12-2_0-0/AuAu200_170kHz_10C_Iter2_3001.xml_TPCMLDataInterface_1.npy,1400.2311080258537,3.8504960811851583,0.0228416007012128,137.84214210510254,0.001,256,4,2000,1,1000,0.1,5.0,28.735518269053134
WIRE,2,outer/12-2_1-0/AuAu200_170kHz_10C_Iter2_3001.xml_TPCMLDataInterface_1.npy,1397.0322997720048,3.8504960811851583,0.0231974385678768,137.85083556175232,0.001,256,4,2000,1,1000,0.1,5.0,28.745451015286516
WIRE,3,outer/12-2_2-0/AuAu200_170kHz_10C_Iter2_3001.xml_TPCMLDataInterface_1.npy,1371.9155149242804,3.8504960811851583,0.0225554853677749,137.8233242034912,0.001,256,4,2000,1,1000,0.1,5.0,28.824241812242917
WIRE,4,outer/12-2_3-0/AuAu200_170kHz_10C_Iter2_3001.xml_TPCMLDataInterface_1.npy,1268.703194287567,3.8504960811851583,0.0225888956338167,137.83996653556824,0.001,256,4,2000,1,1000,0.1,5.0,29.163915154507617
WIRE,5,outer/12-2_4-0/AuAu200_170kHz_10C_Iter2_3001.xml_TPCMLDataInterface_1.npy,1190.5155191076808,3.8504960811851583,0.021854655817151,137.82674908638,0.001,256,4,2000,1,1000,0.1,5.0,29.440164876915414
WIRE,1,outer/12-2_0-0/AuAu200_170kHz_10C_Iter2_3001.xml_TPCMLDataInterface_1.npy,1251.8926552564424,3.8504960811851583,0.0205553919076919,137.8518249988556,0.001,256,4,2000,1,1000,0.1,10.0,29.22184457295584
WIRE,2,outer/12-2_1-0/AuAu200_170kHz_10C_Iter2_3001.xml_TPCMLDataInterface_1.npy,1608.6719808923192,3.8504960811851583,0.0240085981786251,137.84786295890808,0.001,256,4,2000,1,1000,0.1,10.0,28.132840512257978
WIRE,3,outer/12-2_2-0/AuAu200_170kHz_10C_Iter2_3001.xml_TPCMLDataInterface_1.npy,1181.7265572707497,3.8504960811851583,0.0193613413721323,138.06490325927734,0.001,256,4,2000,1,1000,0.1,10.0,29.472345531075078
WIRE,4,outer/12-2_3-0/AuAu200_170kHz_10C_Iter2_3001.xml_TPCMLDataInterface_1.npy,1050.286139349063,3.8504960811851583,0.0186129733920097,137.85456538200378,0.001,256,4,2000,1,1000,0.1,10.0,29.984439146390905
WIRE,5,outer/12-2_4-0/AuAu200_170kHz_10C_Iter2_3001.xml_TPCMLDataInterface_1.npy,1183.7985562039826,3.8504960811851583,0.0217546466737985,137.9470853805542,0.001,256,4,2000,1,1000,0.1,10.0,29.464737428094317
WIRE,1,outer/12-2_0-0/AuAu200_170kHz_10C_Iter2_3001.xml_TPCMLDataInterface_1.npy,1369.5916138512382,3.8504960811851583,0.0218852683901786,138.04993605613708,0.001,256,4,2000,1,1000,0.1,20.0,28.831604606551583
WIRE,2,outer/12-2_1-0/AuAu200_170kHz_10C_Iter2_3001.xml_TPCMLDataInterface_1.npy,1601.0271032044843,3.8504960811851583,0.02391610853374,138.3039927482605,0.001,256,4,2000,1,1000,0.1,20.0,28.15352864772514
WIRE,3,outer/12-2_2-0/AuAu200_170kHz_10C_Iter2_3001.xml_TPCMLDataInterface_1.npy,1315.556066714776,3.8504960811851583,0.0218810904771089,137.95903515815735,0.001,256,4,2000,1,1000,0.1,20.0,29.006421870743893
WIRE,4,outer/12-2_3-0/AuAu200_170kHz_10C_Iter2_3001.xml_TPCMLDataInterface_1.npy,1223.7182087725903,3.8504960811851583,0.0215549543499946,138.00010013580322,0.001,256,4,2000,1,1000,0.1,20.0,29.320701264351435
WIRE,5,outer/12-2_4-0/AuAu200_170kHz_10C_Iter2_3001.xml_TPCMLDataInterface_1.npy,1157.443513637885,3.8504960811851583,0.0213924553245306,137.99378561973572,0.001,256,4,2000,1,1000,0.1,20.0,29.562517433008285
WIRE,1,outer/12-2_0-0/AuAu200_170kHz_10C_Iter2_3001.xml_TPCMLDataInterface_1.npy,1623.8610601259204,3.8504960811851583,0.0277463756501674,137.86381196975708,0.001,256,4,2000,1,1000,1.0,0.1,28.092026811291618
WIRE,2,outer/12-2_1-0/AuAu200_170kHz_10C_Iter2_3001.xml_TPCMLDataInterface_1.npy,1907.0226910245144,3.8504960811851583,0.0299525689333677,137.86209559440613,0.001,256,4,2000,1,1000,1.0,0.1,27.39395688165706
WIRE,3,outer/12-2_2-0/AuAu200_170kHz_10C_Iter2_3001.xml_TPCMLDataInterface_1.npy,1528.389654974063,3.8504960811851583,0.0268492251634597,137.85645127296448,0.001,256,4,2000,1,1000,1.0,0.1,28.355174592972276
WIRE,4,outer/12-2_3-0/AuAu200_170kHz_10C_Iter2_3001.xml_TPCMLDataInterface_1.npy,1431.963248828648,3.8504960811851583,0.0268156621605157,137.90698766708374,0.001,256,4,2000,1,1000,1.0,0.1,28.63819676769929
WIRE,5,outer/12-2_4-0/AuAu200_170kHz_10C_Iter2_3001.xml_TPCMLDataInterface_1.npy,1391.6711768950804,3.8504960811851583,0.0274558365345001,137.86082530021667,0.001,256,4,2000,1,1000,1.0,0.1,28.762149161719424
WIRE,1,outer/12-2_0-0/AuAu200_170kHz_10C_Iter2_3001.xml_TPCMLDataInterface_1.npy,1623.8610601259204,3.8504960811851583,0.0274143144488334,137.8651988506317,0.001,256,4,2000,1,1000,1.0,1.0,28.092026811291618
WIRE,2,outer/12-2_1-0/AuAu200_170kHz_10C_Iter2_3001.xml_TPCMLDataInterface_1.npy,1907.0226910245144,3.8504960811851583,0.0298972316086292,137.8273138999939,0.001,256,4,2000,1,1000,1.0,1.0,27.39395688165706
WIRE,3,outer/12-2_2-0/AuAu200_170kHz_10C_Iter2_3001.xml_TPCMLDataInterface_1.npy,1528.389654974063,3.8504960811851583,0.026679690927267,137.85536289215088,0.001,256,4,2000,1,1000,1.0,1.0,28.355174592972276
WIRE,4,outer/12-2_3-0/AuAu200_170kHz_10C_Iter2_3001.xml_TPCMLDataInterface_1.npy,1431.963248828648,3.8504960811851583,0.0265263710170984,137.85402035713196,0.001,256,4,2000,1,1000,1.0,1.0,28.63819676769929
WIRE,5,outer/12-2_4-0/AuAu200_170kHz_10C_Iter2_3001.xml_TPCMLDataInterface_1.npy,1391.6711768950804,3.8504960811851583,0.0272760968655347,137.94673442840576,0.001,256,4,2000,1,1000,1.0,1.0,28.762149161719424
WIRE,1,outer/12-2_0-0/AuAu200_170kHz_10C_Iter2_3001.xml_TPCMLDataInterface_1.npy,752.4109288717369,3.8504960811851583,0.0126590793952345,137.8778736591339,0.001,256,4,2000,1,1000,1.0,5.0,31.432964536561357
WIRE,2,outer/12-2_1-0/AuAu200_170kHz_10C_Iter2_3001.xml_TPCMLDataInterface_1.npy,1004.505881599314,3.8504960811851583,0.0168318469077348,137.85509252548218,0.001,256,4,2000,1,1000,1.0,5.0,30.177990647872033
WIRE,3,outer/12-2_2-0/AuAu200_170kHz_10C_Iter2_3001.xml_TPCMLDataInterface_1.npy,783.5378885332999,3.8504960811851583,0.0133250225335359,137.85256385803223,0.001,256,4,2000,1,1000,1.0,5.0,31.256915468353696
WIRE,4,outer/12-2_3-0/AuAu200_170kHz_10C_Iter2_3001.xml_TPCMLDataInterface_1.npy,675.184749414324,3.8504960811851583,0.0122579345479607,137.84010529518127,0.001,256,4,2000,1,1000,1.0,5.0,31.903289245689294
WIRE,5,outer/12-2_4-0/AuAu200_170kHz_10C_Iter2_3001.xml_TPCMLDataInterface_1.npy,798.9189531563756,3.8504960811851583,0.0150275388732552,137.83482885360718,0.001,256,4,2000,1,1000,1.0,5.0,31.172488244997233
WIRE,1,outer/12-2_0-0/AuAu200_170kHz_10C_Iter2_3001.xml_TPCMLDataInterface_1.npy,291.82181983140896,3.8504960811851583,0.0038955924101173,137.8729329109192,0.001,256,4,2000,1,1000,1.0,10.0,35.54633787329965
WIRE,2,outer/12-2_1-0/AuAu200_170kHz_10C_Iter2_3001.xml_TPCMLDataInterface_1.npy,372.7366706408969,3.8504960811851583,0.0049941064789891,137.85333037376404,0.001,256,4,2000,1,1000,1.0,10.0,34.483494270796484
WIRE,3,outer/12-2_2-0/AuAu200_170kHz_10C_Iter2_3001.xml_TPCMLDataInterface_1.npy,369.6507527505857,3.8504960811851583,0.0055974228307604,137.8512933254242,0.001,256,4,2000,1,1000,1.0,10.0,34.51959953842663
WIRE,4,outer/12-2_3-0/AuAu200_170kHz_10C_Iter2_3001.xml_TPCMLDataInterface_1.npy,282.74748342327644,3.8504960811851583,0.0044395877048373,138.135320186615,0.001,256,4,2000,1,1000,1.0,10.0,35.68352800563932
WIRE,5,outer/12-2_4-0/AuAu200_170kHz_10C_Iter2_3001.xml_TPCMLDataInterface_1.npy,334.21321483852074,3.8504960811851583,0.0056253690272569,137.9011070728302,0.001,256,4,2000,1,1000,1.0,10.0,34.95727930804019
WIRE,1,outer/12-2_0-0/AuAu200_170kHz_10C_Iter2_3001.xml_TPCMLDataInterface_1.npy,455.9231143323293,3.8504960811851583,0.0069989655166864,137.98590278625488,0.001,256,4,2000,1,1000,1.0,20.0,33.608599382003206
WIRE,2,outer/12-2_1-0/AuAu200_170kHz_10C_Iter2_3001.xml_TPCMLDataInterface_1.npy,476.2356156396419,3.8504960811851583,0.0077063827775418,137.96389079093933,0.001,256,4,2000,1,1000,1.0,20.0,33.419296774433555
WIRE,3,outer/12-2_2-0/AuAu200_170kHz_10C_Iter2_3001.xml_TPCMLDataInterface_1.npy,432.60925080530455,3.8504960811851583,0.0072694430127739,138.29315042495728,0.001,256,4,2000,1,1000,1.0,20.0,33.83655746722867
WIRE,4,outer/12-2_3-0/AuAu200_170kHz_10C_Iter2_3001.xml_TPCMLDataInterface_1.npy,490.5513682333501,3.8504960811851583,0.0082999318838119,138.0423867702484,0.001,256,4,2000,1,1000,1.0,20.0,33.29067057393213
WIRE,5,outer/12-2_4-0/AuAu200_170kHz_10C_Iter2_3001.xml_TPCMLDataInterface_1.npy,484.8438454338186,3.8504960811851583,0.0085012335330247,138.02412176132202,0.001,256,4,2000,1,1000,1.0,20.0,33.341496616828245
WIRE,1,outer/12-2_0-0/AuAu200_170kHz_10C_Iter2_3001.xml_TPCMLDataInterface_1.npy,1216.8283786186412,3.8504960811851583,0.0196565724909305,137.82426166534424,0.001,256,4,2000,1,1000,5.0,0.1,29.345222190783595
WIRE,2,outer/12-2_1-0/AuAu200_170kHz_10C_Iter2_3001.xml_TPCMLDataInterface_1.npy,1231.709851123243,3.8504960811851583,0.0194794069975614,137.8309087753296,0.001,256,4,2000,1,1000,5.0,0.1,29.2924313387438
WIRE,3,outer/12-2_2-0/AuAu200_170kHz_10C_Iter2_3001.xml_TPCMLDataInterface_1.npy,1235.5001215800703,3.8504960811851583,0.0203314200043678,137.9177207946777,0.001,256,4,2000,1,1000,5.0,0.1,29.27908756292002
WIRE,4,outer/12-2_3-0/AuAu200_170kHz_10C_Iter2_3001.xml_TPCMLDataInterface_1.npy,1118.8614144076305,3.8504960811851583,0.0198318772017955,137.865216255188,0.001,256,4,2000,1,1000,5.0,0.1,29.70975251948618
WIRE,5,outer/12-2_4-0/AuAu200_170kHz_10C_Iter2_3001.xml_TPCMLDataInterface_1.npy,1040.552080718708,3.8504960811851583,0.0193082708865404,137.8349916934967,0.001,256,4,2000,1,1000,5.0,0.1,30.024877267829208
WIRE,1,outer/12-2_0-0/AuAu200_170kHz_10C_Iter2_3001.xml_TPCMLDataInterface_1.npy,1331.201492166583,3.8504960811851583,0.0214844495058059,137.94337582588196,0.001,256,4,2000,1,1000,5.0,1.0,28.955077530120352
WIRE,2,outer/12-2_1-0/AuAu200_170kHz_10C_Iter2_3001.xml_TPCMLDataInterface_1.npy,1434.5182017131024,3.8504960811851583,0.0219716634601354,137.84618616104126,0.001,256,4,2000,1,1000,5.0,1.0,28.630454856563787
WIRE,3,outer/12-2_2-0/AuAu200_170kHz_10C_Iter2_3001.xml_TPCMLDataInterface_1.npy,1315.8416648364291,3.8504960811851583,0.0215917360037565,137.82776808738708,0.001,256,4,2000,1,1000,5.0,1.0,29.005479149791636
WIRE,4,outer/12-2_3-0/AuAu200_170kHz_10C_Iter2_3001.xml_TPCMLDataInterface_1.npy,1213.3491060596552,3.8504960811851583,0.0214058682322502,137.83090662956238,0.001,256,4,2000,1,1000,5.0,1.0,29.357657742633968
WIRE,5,outer/12-2_4-0/AuAu200_170kHz_10C_Iter2_3001.xml_TPCMLDataInterface_1.npy,1144.4649927836344,3.8504960811851583,0.0211336221545934,137.8546018600464,0.001,256,4,2000,1,1000,5.0,1.0,29.611490358748465
WIRE,1,outer/12-2_0-0/AuAu200_170kHz_10C_Iter2_3001.xml_TPCMLDataInterface_1.npy,436.5728970569779,3.8504960811851583,0.0072282971814274,137.83774638175964,0.001,256,4,2000,1,1000,5.0,5.0,33.79694778053516
WIRE,2,outer/12-2_1-0/AuAu200_170kHz_10C_Iter2_3001.xml_TPCMLDataInterface_1.npy,572.0253134935575,3.8504960811851583,0.0094209602102637,137.85104608535767,0.001,256,4,2000,1,1000,5.0,5.0,32.62336300975252
WIRE,3,outer/12-2_2-0/AuAu200_170kHz_10C_Iter2_3001.xml_TPCMLDataInterface_1.npy,478.71102770456827,3.8504960811851583,0.0080851418897509,137.8513252735138,0.001,256,4,2000,1,1000,5.0,5.0,33.39678116655774
WIRE,4,outer/12-2_3-0/AuAu200_170kHz_10C_Iter2_3001.xml_TPCMLDataInterface_1.npy,407.05764464106426,3.8504960811851583,0.0078432001173496,137.85099530220032,0.001,256,4,2000,1,1000,5.0,5.0,34.10095633456319
WIRE,5,outer/12-2_4-0/AuAu200_170kHz_10C_Iter2_3001.xml_TPCMLDataInterface_1.npy,417.8226068335844,3.8504960811851583,0.0080260755494236,137.85436725616455,0.001,256,4,2000,1,1000,5.0,5.0,33.9875961442135
WIRE,1,outer/12-2_0-0/AuAu200_170kHz_10C_Iter2_3001.xml_TPCMLDataInterface_1.npy,305.07915124037817,3.8504960811851583,0.004834720864892,137.84684300422668,0.001,256,4,2000,1,1000,5.0,10.0,35.353390192978665
WIRE,2,outer/12-2_1-0/AuAu200_170kHz_10C_Iter2_3001.xml_TPCMLDataInterface_1.npy,276.0811775748829,3.8504960811851583,0.0046612522564828,137.94977259635925,0.001,256,4,2000,1,1000,5.0,10.0,35.78714750074275
WIRE,3,outer/12-2_2-0/AuAu200_170kHz_10C_Iter2_3001.xml_TPCMLDataInterface_1.npy,219.09031961178044,3.8504960811851583,0.0039271395653486,137.83713626861572,0.001,256,4,2000,1,1000,5.0,10.0,36.791283598511306
WIRE,4,outer/12-2_3-0/AuAu200_170kHz_10C_Iter2_3001.xml_TPCMLDataInterface_1.npy,205.04342892402943,3.8504960811851583,0.0037344021257013,137.85737562179563,0.001,256,4,2000,1,1000,5.0,10.0,37.07905692860054
WIRE,5,outer/12-2_4-0/AuAu200_170kHz_10C_Iter2_3001.xml_TPCMLDataInterface_1.npy,207.34187269912985,3.8504960811851583,0.0039034327492117,137.85226607322693,0.001,256,4,2000,1,1000,5.0,10.0,37.03064532028695
WIRE,1,outer/12-2_0-0/AuAu200_170kHz_10C_Iter2_3001.xml_TPCMLDataInterface_1.npy,145.74467793047188,3.8504960811851583,0.0022902267519384,137.95974206924438,0.001,256,4,2000,1,1000,5.0,20.0,38.561588439132514
WIRE,2,outer/12-2_1-0/AuAu200_170kHz_10C_Iter2_3001.xml_TPCMLDataInterface_1.npy,159.6536327602075,3.8504960811851583,0.0021317731589078,137.96866178512573,0.001,256,4,2000,1,1000,5.0,20.0,38.165727438386185
WIRE,3,outer/12-2_2-0/AuAu200_170kHz_10C_Iter2_3001.xml_TPCMLDataInterface_1.npy,146.9705606279284,3.8504960811851583,0.0022555051837116,137.9645254611969,0.001,256,4,2000,1,1000,5.0,20.0,38.52521197945855
WIRE,4,outer/12-2_3-0/AuAu200_170kHz_10C_Iter2_3001.xml_TPCMLDataInterface_1.npy,154.87637267821285,3.8504960811851583,0.0023327220696955,138.00495862960815,0.001,256,4,2000,1,1000,5.0,20.0,38.29766380188901
WIRE,5,outer/12-2_4-0/AuAu200_170kHz_10C_Iter2_3001.xml_TPCMLDataInterface_1.npy,126.71845454735607,3.8504960811851583,0.0020822684746235,137.99037981033325,0.001,256,4,2000,1,1000,5.0,20.0,39.16911681125587
WIRE,1,outer/12-2_0-0/AuAu200_170kHz_10C_Iter2_3001.xml_TPCMLDataInterface_1.npy,380.0246519933903,3.8504960811851583,0.0065275765955448,137.87442469596863,0.001,256,4,2000,1,1000,10.0,0.1,34.39939778788605
WIRE,2,outer/12-2_1-0/AuAu200_170kHz_10C_Iter2_3001.xml_TPCMLDataInterface_1.npy,416.9873818189424,3.8504960811851583,0.0065709673799574,137.86737370491028,0.001,256,4,2000,1,1000,10.0,0.1,33.99628635494334
WIRE,3,outer/12-2_2-0/AuAu200_170kHz_10C_Iter2_3001.xml_TPCMLDataInterface_1.npy,373.4155057730924,3.8504960811851583,0.0062552825547754,137.82644391059875,0.001,256,4,2000,1,1000,10.0,0.1,34.47559201056879
WIRE,4,outer/12-2_3-0/AuAu200_170kHz_10C_Iter2_3001.xml_TPCMLDataInterface_1.npy,298.69930503263055,3.8504960811851583,0.0058970879763364,137.85033011436462,0.001,256,4,2000,1,1000,10.0,0.1,35.445173366110524
WIRE,5,outer/12-2_4-0/AuAu200_170kHz_10C_Iter2_3001.xml_TPCMLDataInterface_1.npy,349.3573957287483,3.8504960811851583,0.0064881551079452,137.84678769111633,0.001,256,4,2000,1,1000,10.0,0.1,34.76481607273229
WIRE,1,outer/12-2_0-0/AuAu200_170kHz_10C_Iter2_3001.xml_TPCMLDataInterface_1.npy,404.824460602828,3.8504960811851583,0.0065020099282264,137.85876035690308,0.001,256,4,2000,1,1000,10.0,1.0,34.1248480288029
WIRE,2,outer/12-2_1-0/AuAu200_170kHz_10C_Iter2_3001.xml_TPCMLDataInterface_1.npy,586.0920727179551,3.8504960811851583,0.0081372717395424,137.86314988136292,0.001,256,4,2000,1,1000,10.0,1.0,32.51785701465204
WIRE,3,outer/12-2_2-0/AuAu200_170kHz_10C_Iter2_3001.xml_TPCMLDataInterface_1.npy,433.1546733810241,3.8504960811851583,0.0073139355517923,137.83366799354553,0.001,256,4,2000,1,1000,10.0,1.0,33.83108544328172
WIRE,4,outer/12-2_3-0/AuAu200_170kHz_10C_Iter2_3001.xml_TPCMLDataInterface_1.npy,378.5222138554217,3.8504960811851583,0.0071331760846078,137.84293818473816,0.001,256,4,2000,1,1000,10.0,1.0,34.41660177290986
WIRE,5,outer/12-2_4-0/AuAu200_170kHz_10C_Iter2_3001.xml_TPCMLDataInterface_1.npy,329.35357576137886,3.8504960811851583,0.0065465993247926,137.83876061439514,0.001,256,4,2000,1,1000,10.0,1.0,35.020891658688484
WIRE,1,outer/12-2_0-0/AuAu200_170kHz_10C_Iter2_3001.xml_TPCMLDataInterface_1.npy,293.69256322163653,3.8504960811851583,0.0052947597578167,137.83113431930542,0.001,256,4,2000,1,1000,10.0,5.0,35.51858599155074
WIRE,2,outer/12-2_1-0/AuAu200_170kHz_10C_Iter2_3001.xml_TPCMLDataInterface_1.npy,444.042632770666,3.8504960811851583,0.0072852768935263,137.8439555168152,0.001,256,4,2000,1,1000,10.0,5.0,33.72326879805186
WIRE,3,outer/12-2_2-0/AuAu200_170kHz_10C_Iter2_3001.xml_TPCMLDataInterface_1.npy,351.8672058023762,3.8504960811851583,0.0058139343746006,137.8469944000244,0.001,256,4,2000,1,1000,10.0,5.0,34.73372756506329
WIRE,4,outer/12-2_3-0/AuAu200_170kHz_10C_Iter2_3001.xml_TPCMLDataInterface_1.npy,301.5388886274264,3.8504960811851583,0.0058942292816936,137.83416414260864,0.001,256,4,2000,1,1000,10.0,5.0,35.40408218933764
WIRE,5,outer/12-2_4-0/AuAu200_170kHz_10C_Iter2_3001.xml_TPCMLDataInterface_1.npy,301.2852673715696,3.8504960811851583,0.0062008202075958,137.8754758834839,0.001,256,4,2000,1,1000,10.0,5.0,35.40773653255913
WIRE,1,outer/12-2_0-0/AuAu200_170kHz_10C_Iter2_3001.xml_TPCMLDataInterface_1.npy,241.908586167587,3.8504960811851583,0.0035691882949322,137.92044830322266,0.001,256,4,2000,1,1000,10.0,10.0,36.36100265527051
WIRE,2,outer/12-2_1-0/AuAu200_170kHz_10C_Iter2_3001.xml_TPCMLDataInterface_1.npy,297.31978042377847,3.8504960811851583,0.0044819717295467,137.90222477912903,0.001,256,4,2000,1,1000,10.0,10.0,35.46527745370661
WIRE,3,outer/12-2_2-0/AuAu200_170kHz_10C_Iter2_3001.xml_TPCMLDataInterface_1.npy,256.6143754706325,3.8504960811851583,0.0039977133274078,137.8538773059845,0.001,256,4,2000,1,1000,10.0,10.0,36.104705669826764
WIRE,4,outer/12-2_3-0/AuAu200_170kHz_10C_Iter2_3001.xml_TPCMLDataInterface_1.npy,227.6131374456158,3.8504960811851583,0.0038251525256782,137.8435833454132,0.001,256,4,2000,1,1000,10.0,10.0,36.62554223577107
WIRE,5,outer/12-2_4-0/AuAu200_170kHz_10C_Iter2_3001.xml_TPCMLDataInterface_1.npy,230.70760516022423,3.8504960811851583,0.0044467900879681,137.87388730049133,0.001,256,4,2000,1,1000,10.0,10.0,36.56689637710756
WIRE,1,outer/12-2_0-0/AuAu200_170kHz_10C_Iter2_3001.xml_TPCMLDataInterface_1.npy,111.84543512592036,3.8504960811851583,0.0016297833062708,137.98455214500427,0.001,256,4,2000,1,1000,10.0,20.0,39.711332853239796
WIRE,2,outer/12-2_1-0/AuAu200_170kHz_10C_Iter2_3001.xml_TPCMLDataInterface_1.npy,132.28787546017404,3.8504960811851583,0.0020160011481493,138.0124294757843,0.001,256,4,2000,1,1000,10.0,20.0,38.982315070137446
WIRE,3,outer/12-2_2-0/AuAu200_170kHz_10C_Iter2_3001.xml_TPCMLDataInterface_1.npy,143.0438015081158,3.8504960811851583,0.002167877042666,137.98827242851257,0.001,256,4,2000,1,1000,10.0,20.0,38.64282505424452
WIRE,4,outer/12-2_3-0/AuAu200_170kHz_10C_Iter2_3001.xml_TPCMLDataInterface_1.npy,102.81395111696789,3.8504960811851583,0.0015841787680983,138.04593992233276,0.001,256,4,2000,1,1000,10.0,20.0,40.076994994578065
WIRE,5,outer/12-2_4-0/AuAu200_170kHz_10C_Iter2_3001.xml_TPCMLDataInterface_1.npy,89.8422295954652,3.8504960811851583,0.001615778193809,138.03475689888,0.001,256,4,2000,1,1000,10.0,20.0,40.66271027586348
WIRE,1,outer/12-2_0-0/AuAu200_170kHz_10C_Iter2_3001.xml_TPCMLDataInterface_1.npy,168.71348545222557,3.8504960811851583,0.0033940926659852,137.8299012184143,0.001,256,4,2000,1,1000,20.0,0.1,37.926017511606744
WIRE,2,outer/12-2_1-0/AuAu200_170kHz_10C_Iter2_3001.xml_TPCMLDataInterface_1.npy,284.49648071452475,3.8504960811851583,0.0043947380036115,137.82589650154114,0.001,256,4,2000,1,1000,20.0,0.1,35.65674650323224
WIRE,3,outer/12-2_2-0/AuAu200_170kHz_10C_Iter2_3001.xml_TPCMLDataInterface_1.npy,197.4083037880689,3.8504960811851583,0.0035006934776902,137.82646536827087,0.001,256,4,2000,1,1000,20.0,0.1,37.24386131874766
WIRE,4,outer/12-2_3-0/AuAu200_170kHz_10C_Iter2_3001.xml_TPCMLDataInterface_1.npy,256.1694590863454,3.8504960811851583,0.0044210106134414,137.91234350204468,0.001,256,4,2000,1,1000,20.0,0.1,36.1122419752276
WIRE,5,outer/12-2_4-0/AuAu200_170kHz_10C_Iter2_3001.xml_TPCMLDataInterface_1.npy,164.93387743683067,3.8504960811851583,0.0038413098081946,137.88701820373535,0.001,256,4,2000,1,1000,20.0,0.1,38.02441679825
WIRE,1,outer/12-2_0-0/AuAu200_170kHz_10C_Iter2_3001.xml_TPCMLDataInterface_1.npy,171.50956952811245,3.8504960811851583,0.0034451778046786,137.86674213409424,0.001,256,4,2000,1,1000,20.0,1.0,37.85463191867555
WIRE,2,outer/12-2_1-0/AuAu200_170kHz_10C_Iter2_3001.xml_TPCMLDataInterface_1.npy,201.4379065742135,3.8504960811851583,0.0039400062523782,137.8417899608612,0.001,256,4,2000,1,1000,20.0,1.0,37.15610349347184
WIRE,3,outer/12-2_2-0/AuAu200_170kHz_10C_Iter2_3001.xml_TPCMLDataInterface_1.npy,196.29496632362785,3.8504960811851583,0.0036890015471726,137.858136177063,0.001,256,4,2000,1,1000,20.0,1.0,37.26842385824757
WIRE,4,outer/12-2_3-0/AuAu200_170kHz_10C_Iter2_3001.xml_TPCMLDataInterface_1.npy,155.8839733935743,3.8504960811851583,0.0036427427548915,137.86378717422485,0.001,256,4,2000,1,1000,20.0,1.0,38.269500815867055
WIRE,5,outer/12-2_4-0/AuAu200_170kHz_10C_Iter2_3001.xml_TPCMLDataInterface_1.npy,162.62681977911646,3.8504960811851583,0.0035054066684097,137.85377192497253,0.001,256,4,2000,1,1000,20.0,1.0,38.08559379455054
WIRE,1,outer/12-2_0-0/AuAu200_170kHz_10C_Iter2_3001.xml_TPCMLDataInterface_1.npy,157.18402385584002,3.8504960811851583,0.0033297773916274,137.8456265926361,0.001,256,4,2000,1,1000,20.0,5.0,38.23343146401137
WIRE,2,outer/12-2_1-0/AuAu200_170kHz_10C_Iter2_3001.xml_TPCMLDataInterface_1.npy,156.1882438608601,3.8504960811851583,0.0033247366081923,137.83591723442078,0.001,256,4,2000,1,1000,20.0,5.0,38.26103206924272
WIRE,3,outer/12-2_2-0/AuAu200_170kHz_10C_Iter2_3001.xml_TPCMLDataInterface_1.npy,139.95833333333334,3.8504960811851583,0.0030846379231661,137.85911989212036,0.001,256,4,2000,1,1000,20.0,5.0,38.737527866370314
WIRE,4,outer/12-2_3-0/AuAu200_170kHz_10C_Iter2_3001.xml_TPCMLDataInterface_1.npy,135.9613859082162,3.8504960811851583,0.0029473674949258,137.8608455657959,0.001,256,4,2000,1,1000,20.0,5.0,38.8633596589797
WIRE,5,outer/12-2_4-0/AuAu200_170kHz_10C_Iter2_3001.xml_TPCMLDataInterface_1.npy,144.28015577936748,3.8504960811851583,0.0034921111073344,137.8499927520752,0.001,256,4,2000,1,1000,20.0,5.0,38.60544946212508
WIRE,1,outer/12-2_0-0/AuAu200_170kHz_10C_Iter2_3001.xml_TPCMLDataInterface_1.npy,159.41006473811913,3.8504960811851583,0.0023649455979466,137.85672760009766,0.001,256,4,2000,1,1000,20.0,10.0,38.172358106139264
WIRE,2,outer/12-2_1-0/AuAu200_170kHz_10C_Iter2_3001.xml_TPCMLDataInterface_1.npy,148.1683347975234,3.8504960811851583,0.0022704694420099,137.87002778053284,0.001,256,4,2000,1,1000,20.0,10.0,38.48996148714053
WIRE,3,outer/12-2_2-0/AuAu200_170kHz_10C_Iter2_3001.xml_TPCMLDataInterface_1.npy,109.167023563002,3.8504960811851583,0.0019733612425625,137.90080070495603,0.001,256,4,2000,1,1000,20.0,10.0,39.816600793312645
WIRE,4,outer/12-2_3-0/AuAu200_170kHz_10C_Iter2_3001.xml_TPCMLDataInterface_1.npy,100.65469299071285,3.8504960811851583,0.0022048070095479,137.87452363967896,0.001,256,4,2000,1,1000,20.0,10.0,40.169175202383364
WIRE,5,outer/12-2_4-0/AuAu200_170kHz_10C_Iter2_3001.xml_TPCMLDataInterface_1.npy,136.43428008910644,3.8504960811851583,0.0024153918493539,137.8794462680817,0.001,256,4,2000,1,1000,20.0,10.0,38.848280451396896
WIRE,1,outer/12-2_0-0/AuAu200_170kHz_10C_Iter2_3001.xml_TPCMLDataInterface_1.npy,98.6425140666834,3.8504960811851583,0.0015610287664458,137.9862928390503,0.001,256,4,2000,1,1000,20.0,20.0,40.25687416329315
WIRE,2,outer/12-2_1-0/AuAu200_170kHz_10C_Iter2_3001.xml_TPCMLDataInterface_1.npy,77.7425875376506,3.8504960811851583,0.001098992768675,138.01526474952698,0.001,256,4,2000,1,1000,20.0,20.0,41.29092557434255
WIRE,3,outer/12-2_2-0/AuAu200_170kHz_10C_Iter2_3001.xml_TPCMLDataInterface_1.npy,87.12389401355422,3.8504960811851583,0.0012908267090097,137.98819661140442,0.001,256,4,2000,1,1000,20.0,20.0,40.79614270738317
WIRE,4,outer/12-2_3-0/AuAu200_170kHz_10C_Iter2_3001.xml_TPCMLDataInterface_1.npy,104.13602195239292,3.8504960811851583,0.0015740301460027,137.97301054000854,0.001,256,4,2000,1,1000,20.0,20.0,40.02150565374819
WIRE,5,outer/12-2_4-0/AuAu200_170kHz_10C_Iter2_3001.xml_TPCMLDataInterface_1.npy,108.78792775267738,3.8504960811851583,0.0018667909316718,137.9775083065033,0.001,256,4,2000,1,1000,20.0,20.0,39.831708445932534
